Opportunity_ID,Account_ID,Product_ID,Product_Usage,Opportunity_Type,Created_Date,Close_Date,Status,Revenue_Amount,Probability
OPP-000011,ACC-000040,PROD-0073,194,New Business,2023-06-30 12:58:36,2023-07-05 22:59:26,Closed Won,70035.9921875,1.0
OPP-000012,ACC-000018,PROD-0099,274,Renewal,2022-11-26 02:59:23,2023-01-06 17:02:41,Closed Lost,17653.609375,0.0
OPP-000030,ACC-000021,PROD-0082,331,New Business,2023-09-24 22:13:21,2023-10-04 08:51:48,Closed Lost,57529.171875,0.0
OPP-000049,ACC-000026,PROD-0051,136,Upsell,2022-09-25 22:45:15,2023-03-14 09:10:47,Closed Lost,4276.27001953125,0.0
OPP-000096,ACC-000054,PROD-0056,500,Upsell,2023-02-28 20:06:41,2023-07-07 09:38:07,Closed Lost,72263.59375,0.0
OPP-000201,ACC-000046,PROD-0036,270,New Business,2023-05-11 23:28:05,2023-10-28 08:34:55,Closed Lost,37396.80078125,0.0
OPP-000206,ACC-000019,PROD-0004,937,Renewal,2023-06-09 08:14:24,2023-11-29 16:41:41,Closed Won,72837.2890625,1.0
OPP-000236,ACC-000020,PROD-0027,597,New Business,2023-09-12 08:21:55,2023-12-26 19:01:01,Closed Lost,10117.8203125,0.0
OPP-000237,ACC-000041,PROD-0014,968,Renewal,2023-03-05 03:10:59,2023-07-26 21:19:26,Closed Lost,80044.75,0.0
OPP-000240,ACC-000012,PROD-0091,761,Cross-sell,2023-02-20 08:58:03,2023-06-01 14:17:31,Closed Won,41020.19140625,1.0
OPP-000245,ACC-000012,PROD-0086,181,New Business,2023-03-08 21:43:53,2023-08-28 15:19:22,Closed Lost,38400.2890625,0.0
OPP-000246,ACC-000003,PROD-0010,117,New Business,2022-10-14 16:19:49,2023-03-14 21:55:35,Closed Won,53884.3203125,1.0
OPP-000249,ACC-000029,PROD-0055,813,Expansion,2023-06-15 05:59:52,2023-07-18 13:52:53,Closed Lost,27107.1796875,0.0
OPP-000263,ACC-000004,PROD-0061,708,Cross-sell,2023-08-15 07:36:15,2023-09-07 07:01:19,Closed Won,94355.5,1.0
OPP-000271,ACC-000051,PROD-0099,585,Cross-sell,2023-04-02 00:20:14,2023-06-04 19:46:27,Closed Lost,40733.859375,0.0
OPP-000272,ACC-000049,PROD-0097,84,Expansion,2023-05-29 23:58:19,2023-06-04 20:04:14,Closed Won,23930.759765625,1.0
OPP-000279,ACC-000004,PROD-0027,327,Cross-sell,2023-06-04 21:32:51,2023-06-23 09:48:54,Closed Won,43121.23828125,1.0
OPP-000294,ACC-000017,PROD-0049,895,Renewal,2023-02-15 05:32:38,2023-07-07 09:01:17,Closed Lost,3232.97998046875,0.0
OPP-000296,ACC-000033,PROD-0057,797,Cross-sell,2023-09-01 10:02:12,2023-12-30 06:30:05,Closed Lost,1339.6099853515625,0.0
OPP-000316,ACC-000026,PROD-0079,629,Upsell,2022-10-22 09:24:27,2023-03-14 04:12:28,Closed Won,85039.0703125,1.0
OPP-000318,ACC-000020,PROD-0066,5,New Business,2022-09-20 04:14:51,2023-01-20 19:43:45,Closed Lost,8921.6298828125,0.0
OPP-000326,ACC-000055,PROD-0001,406,Expansion,2023-06-11 01:09:59,2023-09-16 16:16:44,Closed Won,82121.2578125,1.0
OPP-000328,ACC-000043,PROD-0075,50,Upsell,2023-08-12 04:27:32,2023-11-26 17:21:28,Closed Lost,24696.58984375,0.0
OPP-000336,ACC-000042,PROD-0098,429,Expansion,2023-03-27 17:16:48,2023-06-22 12:34:06,Closed Lost,3623.77001953125,0.0
OPP-000341,ACC-000039,PROD-0040,198,Cross-sell,2022-07-13 17:17:49,2023-01-02 00:29:49,Closed Lost,3862.8798828125,0.0
OPP-000380,ACC-000036,PROD-0063,620,Cross-sell,2023-01-09 02:32:05,2023-01-17 01:33:41,Closed Won,81663.9375,1.0
OPP-000384,ACC-000009,PROD-0093,863,Renewal,2023-01-22 02:59:34,2023-07-16 09:47:04,Closed Lost,76787.046875,0.0
OPP-000394,ACC-000043,PROD-0032,432,Cross-sell,2023-06-29 23:03:11,2023-07-27 02:04:54,Closed Lost,34122.921875,0.0
OPP-000400,ACC-000006,PROD-0064,710,Renewal,2023-09-21 13:57:26,2023-11-02 07:54:27,Closed Won,42904.98046875,1.0
OPP-000419,ACC-000037,PROD-0090,705,Renewal,2022-12-30 06:20:15,2023-01-25 10:50:40,Closed Won,64714.55078125,1.0
OPP-000443,ACC-000018,PROD-0052,475,Cross-sell,2022-11-29 02:24:22,2023-02-05 23:53:36,Closed Won,6062.52978515625,1.0
OPP-000468,ACC-000062,PROD-0044,829,Renewal,2022-11-24 00:12:53,2023-05-05 22:07:20,Closed Lost,22149.3203125,0.0
OPP-000476,ACC-000023,PROD-0039,641,Upsell,2023-07-16 13:10:59,2023-08-16 17:20:08,Closed Lost,71387.3515625,0.0
OPP-000478,ACC-000018,PROD-0049,62,Upsell,2023-06-14 02:48:36,2023-12-05 08:06:11,Closed Lost,31739.9296875,0.0
OPP-000493,ACC-000012,PROD-0038,524,Cross-sell,2022-10-31 16:31:38,2023-02-17 11:50:25,Closed Won,60495.578125,1.0
OPP-000498,ACC-000015,PROD-0036,66,New Business,2022-11-25 21:07:13,2023-05-01 03:13:29,Closed Lost,5938.080078125,0.0
OPP-000502,ACC-000004,PROD-0041,166,Cross-sell,2022-12-29 20:43:34,2023-01-12 17:18:04,Closed Won,49542.921875,1.0
OPP-000504,ACC-000028,PROD-0010,505,New Business,2022-09-07 06:02:11,2023-02-18 12:09:53,Closed Won,41231.8515625,1.0
OPP-000506,ACC-000020,PROD-0078,421,Renewal,2022-12-07 10:14:50,2023-02-19 06:59:45,Closed Won,91471.7421875,1.0
OPP-000546,ACC-000056,PROD-0056,599,Cross-sell,2022-12-08 22:10:07,2023-03-13 19:18:40,Closed Lost,84781.6484375,0.0
OPP-000561,ACC-000048,PROD-0092,251,Cross-sell,2023-02-20 16:03:53,2023-07-10 06:02:32,Closed Won,54184.48046875,1.0
OPP-000600,ACC-000036,PROD-0095,998,Upsell,2023-09-05 03:17:58,2023-09-26 00:24:10,Closed Won,59510.2109375,1.0
OPP-000604,ACC-000027,PROD-0065,948,Expansion,2023-10-29 23:33:54,2023-12-31 19:48:44,Closed Won,69014.390625,1.0
OPP-000614,ACC-000045,PROD-0034,210,Cross-sell,2022-10-25 06:43:32,2023-02-22 08:44:15,Closed Lost,90157.4296875,0.0
OPP-000616,ACC-000059,PROD-0079,639,Cross-sell,2022-12-06 18:49:48,2023-03-22 18:06:06,Closed Won,21394.359375,1.0
OPP-000617,ACC-000009,PROD-0076,24,Cross-sell,2023-05-18 18:06:42,2023-05-29 14:30:46,Closed Lost,80137.0703125,0.0
OPP-000624,ACC-000025,PROD-0089,677,Upsell,2023-02-14 11:21:36,2023-02-25 22:05:08,Closed Won,89200.96875,1.0
OPP-000634,ACC-000052,PROD-0007,580,New Business,2023-05-22 03:42:34,2023-09-19 19:56:49,Closed Won,73903.3984375,1.0
OPP-000654,ACC-000016,PROD-0039,886,New Business,2023-06-26 00:19:12,2023-07-15 21:35:54,Closed Lost,21840.400390625,0.0
OPP-000669,ACC-000024,PROD-0075,830,Upsell,2023-01-14 04:06:09,2023-04-01 07:18:48,Closed Won,77294.390625,1.0
OPP-000672,ACC-000053,PROD-0014,772,Upsell,2022-11-23 17:14:51,2023-04-26 21:13:21,Closed Won,1722.8299560546875,1.0
OPP-000677,ACC-000012,PROD-0086,426,Renewal,2023-07-25 21:17:50,2023-08-01 18:20:17,Closed Won,81168.03125,1.0
OPP-000682,ACC-000018,PROD-0037,947,Cross-sell,2023-07-12 03:10:19,2023-10-10 16:42:50,Closed Lost,52556.421875,0.0
OPP-000697,ACC-000016,PROD-0009,613,Renewal,2022-11-16 19:01:58,2023-03-05 18:52:44,Closed Won,73133.921875,1.0
OPP-000702,ACC-000048,PROD-0011,312,Cross-sell,2023-06-14 16:07:01,2023-09-01 12:03:25,Closed Lost,15903.6396484375,0.0
OPP-000708,ACC-000001,PROD-0050,287,New Business,2023-10-27 18:44:56,2023-11-28 15:50:13,Closed Won,33135.140625,1.0
OPP-000716,ACC-000025,PROD-0088,591,New Business,2023-05-05 20:53:29,2023-08-25 00:17:13,Closed Won,51184.078125,1.0
OPP-000718,ACC-000038,PROD-0094,612,Renewal,2022-12-12 03:54:02,2023-03-28 21:34:47,Closed Won,7700.25,1.0
OPP-000730,ACC-000009,PROD-0047,342,Renewal,2022-11-16 00:42:12,2023-03-04 19:35:58,Closed Lost,56155.94921875,0.0
OPP-000743,ACC-000028,PROD-0007,815,New Business,2023-08-05 10:23:15,2023-12-09 16:15:16,Closed Lost,34221.73046875,0.0
OPP-000771,ACC-000013,PROD-0040,979,Upsell,2022-10-14 16:10:50,2023-04-12 00:42:30,Closed Won,40624.30859375,1.0
OPP-000773,ACC-000053,PROD-0066,101,Expansion,2023-05-04 21:31:38,2023-09-22 06:40:36,Closed Won,2949.68994140625,1.0
OPP-000776,ACC-000003,PROD-0042,938,Renewal,2023-12-20 19:21:55,2023-12-23 09:12:13,Closed Lost,5771.580078125,0.0
OPP-000778,ACC-000045,PROD-0007,280,Expansion,2023-08-30 11:42:37,2023-11-17 23:24:24,Closed Won,89640.7421875,1.0
OPP-000785,ACC-000058,PROD-0092,443,New Business,2023-10-29 05:38:59,2023-11-09 13:14:27,Closed Won,14010.91015625,1.0
OPP-000803,ACC-000036,PROD-0062,690,Cross-sell,2023-10-23 09:13:49,2023-12-04 09:34:06,Closed Won,85359.28125,1.0
OPP-000810,ACC-000045,PROD-0025,368,Upsell,2023-02-16 00:28:18,2023-07-30 18:39:48,Closed Lost,60957.91015625,0.0
OPP-000842,ACC-000002,PROD-0028,745,New Business,2023-05-28 16:39:04,2023-08-12 09:33:05,Closed Won,25136.509765625,1.0
OPP-000843,ACC-000052,PROD-0075,598,Renewal,2023-01-01 12:32:33,2023-02-15 08:34:17,Closed Won,63024.26953125,1.0
OPP-000845,ACC-000028,PROD-0089,935,New Business,2023-04-19 10:22:17,2023-08-15 19:53:13,Closed Won,51150.109375,1.0
OPP-000864,ACC-000028,PROD-0036,16,Expansion,2023-01-22 03:20:06,2023-02-14 02:43:09,Closed Won,23307.490234375,1.0
OPP-000877,ACC-000062,PROD-0059,13,Upsell,2023-06-20 19:48:41,2023-09-30 04:58:15,Closed Won,43143.9609375,1.0
OPP-000893,ACC-000032,PROD-0053,307,Upsell,2022-12-14 06:03:30,2023-03-29 03:29:38,Closed Won,94591.7109375,1.0
OPP-000902,ACC-000057,PROD-0040,847,Expansion,2023-04-13 14:20:49,2023-06-22 03:02:52,Closed Won,61306.0703125,1.0
OPP-000918,ACC-000029,PROD-0046,582,Renewal,2023-12-05 11:29:51,2023-12-16 12:03:48,Closed Lost,4068.260009765625,0.0
OPP-000944,ACC-000012,PROD-0054,44,Upsell,2022-08-08 09:55:52,2023-01-08 08:46:28,Closed Lost,13466.41015625,0.0
OPP-000977,ACC-000006,PROD-0089,986,Upsell,2023-06-19 09:27:33,2023-09-05 19:44:40,Closed Lost,37822.5390625,0.0
OPP-000979,ACC-000008,PROD-0065,682,Cross-sell,2022-10-09 17:30:35,2023-01-11 05:04:16,Closed Won,82054.6875,1.0
OPP-001004,ACC-000014,PROD-0096,164,Expansion,2023-04-30 07:52:23,2023-08-27 20:56:31,Closed Lost,86878.609375,0.0
OPP-001023,ACC-000036,PROD-0100,78,Upsell,2022-12-04 17:09:31,2023-04-16 07:33:14,Closed Lost,67692.203125,0.0
OPP-001071,ACC-000055,PROD-0100,995,Renewal,2023-06-02 23:20:15,2023-07-27 15:22:41,Closed Won,45755.62890625,1.0
OPP-001073,ACC-000002,PROD-0002,237,Cross-sell,2023-04-22 20:49:25,2023-09-05 06:48:34,Closed Lost,10178.8701171875,0.0
OPP-001078,ACC-000055,PROD-0097,793,Expansion,2022-11-12 23:06:31,2023-01-02 22:23:02,Closed Lost,28234.359375,0.0
OPP-001102,ACC-000007,PROD-0099,735,Cross-sell,2023-04-29 12:01:39,2023-06-11 21:46:56,Closed Lost,19702.279296875,0.0
OPP-001129,ACC-000023,PROD-0047,799,Cross-sell,2023-12-08 05:52:13,2023-12-09 23:07:51,Closed Lost,13648.91015625,0.0
OPP-001154,ACC-000008,PROD-0085,760,Renewal,2023-03-12 21:43:52,2023-03-24 14:57:24,Closed Lost,9025.3095703125,0.0
OPP-001169,ACC-000007,PROD-0009,708,Renewal,2023-11-06 22:04:22,2023-11-15 13:22:09,Closed Won,79110.328125,1.0
OPP-001173,ACC-000032,PROD-0075,738,Cross-sell,2022-10-05 20:25:22,2023-02-18 23:28:09,Closed Won,43489.91015625,1.0
OPP-001178,ACC-000057,PROD-0070,719,Upsell,2023-07-24 07:53:44,2023-08-10 19:23:00,Closed Lost,50456.75,0.0
OPP-001189,ACC-000026,PROD-0048,388,Renewal,2023-07-28 13:38:25,2023-10-13 01:25:41,Closed Won,74855.140625,1.0
OPP-001246,ACC-000036,PROD-0054,773,Cross-sell,2023-08-09 20:34:54,2023-12-04 09:22:38,Closed Lost,92861.828125,0.0
OPP-001258,ACC-000002,PROD-0041,106,Expansion,2023-03-15 01:41:46,2023-05-18 00:44:25,Closed Lost,41353.51953125,0.0
OPP-001262,ACC-000019,PROD-0009,55,Cross-sell,2023-10-24 13:47:21,2023-11-21 05:47:26,Closed Lost,18724.890625,0.0
OPP-001263,ACC-000056,PROD-0077,336,Renewal,2022-11-10 03:28:07,2023-04-22 13:30:04,Closed Lost,30603.939453125,0.0
OPP-001272,ACC-000053,PROD-0055,274,Renewal,2023-04-04 11:48:14,2023-05-08 02:58:39,Closed Lost,4545.4501953125,0.0
OPP-001304,ACC-000026,PROD-0047,203,New Business,2023-09-19 03:49:14,2023-12-16 14:55:33,Closed Lost,81886.546875,0.0
OPP-001305,ACC-000059,PROD-0082,839,Cross-sell,2023-03-30 15:22:12,2023-05-17 02:22:23,Closed Lost,34559.5,0.0
OPP-001316,ACC-000036,PROD-0069,630,Upsell,2022-12-20 22:38:59,2023-03-13 06:20:00,Closed Won,30418.26953125,1.0
OPP-001322,ACC-000034,PROD-0058,680,New Business,2023-09-30 04:58:51,2023-10-19 18:53:59,Closed Lost,93294.140625,0.0
OPP-001326,ACC-000043,PROD-0069,187,Upsell,2023-08-26 00:13:11,2023-10-08 14:07:14,Closed Won,78368.7265625,1.0
OPP-001340,ACC-000052,PROD-0065,631,Renewal,2023-08-10 10:25:35,2023-09-14 16:09:17,Closed Lost,5278.56005859375,0.0
OPP-001344,ACC-000047,PROD-0047,127,Cross-sell,2023-01-15 07:49:50,2023-03-12 16:19:39,Closed Won,43382.55859375,1.0
OPP-001346,ACC-000029,PROD-0031,990,Cross-sell,2023-05-04 19:27:44,2023-06-23 14:59:10,Closed Won,29058.4296875,1.0
OPP-001351,ACC-000050,PROD-0010,995,Cross-sell,2023-06-02 12:17:49,2023-06-11 22:10:15,Closed Won,70084.6015625,1.0
OPP-001358,ACC-000015,PROD-0054,208,Cross-sell,2023-07-22 02:07:42,2023-10-31 01:45:12,Closed Won,32255.2109375,1.0
OPP-001364,ACC-000050,PROD-0073,245,Cross-sell,2023-05-20 13:51:13,2023-09-13 16:04:00,Closed Lost,98122.140625,0.0
OPP-001366,ACC-000019,PROD-0083,512,Upsell,2022-11-16 22:51:27,2023-02-07 07:50:52,Closed Lost,60613.66015625,0.0
OPP-001384,ACC-000038,PROD-0074,194,New Business,2023-07-21 01:45:27,2023-08-01 14:59:50,Closed Won,24658.5703125,1.0
OPP-001399,ACC-000042,PROD-0015,220,Upsell,2023-01-06 14:56:23,2023-02-28 23:48:26,Closed Won,25296.5703125,1.0
OPP-001409,ACC-000047,PROD-0043,277,Expansion,2023-06-21 18:06:19,2023-09-19 19:14:16,Closed Lost,22614.859375,0.0
OPP-001415,ACC-000021,PROD-0020,6,Expansion,2022-09-30 02:08:51,2023-01-26 07:17:42,Closed Lost,82258.296875,0.0
OPP-001424,ACC-000002,PROD-0040,792,Upsell,2023-03-30 02:52:24,2023-09-13 12:39:37,Closed Won,91952.796875,1.0
OPP-001451,ACC-000003,PROD-0006,133,Upsell,2023-08-20 20:16:34,2023-08-28 08:57:33,Closed Lost,16153.5302734375,0.0
OPP-001454,ACC-000062,PROD-0003,287,New Business,2023-03-03 03:02:59,2023-06-05 04:36:24,Closed Won,66764.8671875,1.0
OPP-001458,ACC-000030,PROD-0017,673,Renewal,2023-08-06 23:17:37,2023-09-23 16:09:30,Closed Lost,38399.51171875,0.0
OPP-001478,ACC-000019,PROD-0029,805,Renewal,2023-12-22 06:09:18,2023-12-27 23:55:48,Closed Lost,25183.119140625,0.0
OPP-001480,ACC-000052,PROD-0030,526,Renewal,2023-06-18 23:58:43,2023-11-16 20:59:25,Closed Lost,44788.73828125,0.0
OPP-001486,ACC-000025,PROD-0018,323,Expansion,2023-01-25 00:00:16,2023-05-27 17:09:18,Closed Lost,21344.98046875,0.0
OPP-001487,ACC-000038,PROD-0004,656,Cross-sell,2023-06-19 19:55:49,2023-11-04 12:21:05,Closed Won,38538.8984375,1.0
OPP-001513,ACC-000001,PROD-0018,725,Upsell,2023-01-15 00:16:44,2023-07-07 10:33:21,Closed Won,72127.390625,1.0
OPP-001515,ACC-000031,PROD-0035,187,Upsell,2023-02-13 11:19:33,2023-04-26 11:06:09,Closed Won,21809.380859375,1.0
OPP-001529,ACC-000005,PROD-0060,345,Expansion,2022-11-30 20:48:44,2023-01-17 04:55:16,Closed Lost,95519.6171875,0.0
OPP-001532,ACC-000059,PROD-0057,181,Renewal,2023-07-11 21:15:29,2023-12-03 01:41:53,Closed Won,41817.8515625,1.0
OPP-001543,ACC-000038,PROD-0018,776,Expansion,2022-12-28 11:46:22,2023-06-21 20:26:38,Closed Lost,67154.796875,0.0
OPP-001546,ACC-000010,PROD-0091,313,New Business,2023-04-16 13:40:10,2023-06-10 09:15:37,Closed Won,77783.71875,1.0
OPP-001550,ACC-000048,PROD-0064,821,Renewal,2023-06-01 08:49:13,2023-09-04 18:48:06,Closed Lost,5353.68017578125,0.0
OPP-001570,ACC-000016,PROD-0003,919,Cross-sell,2023-06-09 20:30:48,2023-06-27 19:24:05,Closed Lost,92256.2265625,0.0
OPP-001572,ACC-000026,PROD-0014,352,New Business,2023-02-25 11:25:41,2023-08-19 20:09:32,Closed Lost,20092.880859375,0.0
OPP-001592,ACC-000029,PROD-0046,488,New Business,2023-05-19 02:01:51,2023-10-10 08:00:18,Closed Won,32728.5703125,1.0
OPP-001605,ACC-000024,PROD-0028,41,Cross-sell,2022-12-13 01:57:31,2023-04-20 10:01:26,Closed Lost,59212.16015625,0.0
OPP-001609,ACC-000056,PROD-0068,292,New Business,2023-07-23 18:39:16,2023-11-16 23:53:58,Closed Lost,30371.939453125,0.0
OPP-001613,ACC-000034,PROD-0033,653,Cross-sell,2023-05-21 06:05:13,2023-08-19 04:33:16,Closed Won,1861.77001953125,1.0
OPP-001635,ACC-000024,PROD-0024,32,Expansion,2023-10-08 03:46:53,2023-12-03 13:07:36,Closed Lost,24805.5703125,0.0
OPP-001647,ACC-000057,PROD-0021,91,Cross-sell,2023-05-14 11:14:55,2023-07-05 00:50:02,Closed Won,10774.08984375,1.0
OPP-001648,ACC-000058,PROD-0096,221,Renewal,2023-01-23 20:06:19,2023-03-01 15:55:18,Closed Won,49916.640625,1.0
OPP-001654,ACC-000027,PROD-0063,458,Expansion,2022-12-14 17:16:29,2023-01-13 10:44:41,Closed Lost,78385.2421875,0.0
OPP-001657,ACC-000042,PROD-0077,454,Expansion,2023-10-15 05:24:51,2023-11-16 19:10:26,Closed Won,55301.2890625,1.0
OPP-001658,ACC-000009,PROD-0002,370,Cross-sell,2023-10-05 13:22:49,2023-12-04 02:45:02,Closed Lost,75389.2421875,0.0
OPP-001675,ACC-000051,PROD-0020,485,New Business,2023-07-04 18:23:57,2023-12-26 17:57:24,Closed Won,97357.6484375,1.0
OPP-001676,ACC-000061,PROD-0050,646,Cross-sell,2022-09-21 19:16:09,2023-02-16 05:55:01,Closed Won,85357.8671875,1.0
OPP-001714,ACC-000055,PROD-0055,336,Expansion,2023-05-21 13:36:35,2023-10-01 00:57:13,Closed Won,78867.28125,1.0
OPP-001716,ACC-000036,PROD-0034,778,New Business,2023-09-01 14:33:02,2023-11-18 04:41:52,Closed Lost,57464.6484375,0.0
OPP-001724,ACC-000002,PROD-0081,620,Cross-sell,2023-01-10 11:12:10,2023-03-29 15:57:26,Closed Won,23029.2890625,1.0
OPP-001728,ACC-000048,PROD-0093,114,Cross-sell,2023-01-23 18:31:58,2023-04-09 17:56:52,Closed Lost,14831.2998046875,0.0
OPP-001737,ACC-000020,PROD-0078,367,Renewal,2023-11-17 02:33:20,2023-12-05 02:47:41,Closed Lost,68191.1328125,0.0
OPP-001742,ACC-000040,PROD-0087,772,Renewal,2023-04-05 04:47:03,2023-09-09 06:13:48,Closed Won,49519.16015625,1.0
OPP-001743,ACC-000059,PROD-0065,715,Cross-sell,2023-05-16 23:29:14,2023-07-13 00:37:09,Closed Lost,79948.2265625,0.0
OPP-001756,ACC-000014,PROD-0050,585,Expansion,2023-07-05 20:35:19,2023-12-22 07:33:07,Closed Won,76429.859375,1.0
OPP-001777,ACC-000046,PROD-0097,397,Upsell,2022-09-21 05:41:52,2023-01-07 18:54:17,Closed Lost,65895.6875,0.0
OPP-001784,ACC-000043,PROD-0030,420,Upsell,2022-10-13 16:28:41,2023-01-18 15:09:11,Closed Lost,49779.5390625,0.0
OPP-001814,ACC-000029,PROD-0046,784,New Business,2023-07-14 23:32:30,2023-11-02 19:18:37,Closed Won,44896.83984375,1.0
OPP-001823,ACC-000041,PROD-0026,824,New Business,2023-01-29 07:42:57,2023-05-09 20:15:34,Closed Won,99541.6484375,1.0
OPP-001836,ACC-000035,PROD-0023,216,Upsell,2023-01-04 18:01:29,2023-02-06 11:05:56,Closed Lost,17829.849609375,0.0
OPP-001842,ACC-000012,PROD-0097,995,Upsell,2023-01-02 13:47:11,2023-01-13 00:48:51,Closed Won,28138.029296875,1.0
OPP-001848,ACC-000060,PROD-0029,869,Cross-sell,2023-09-04 20:03:37,2023-10-13 11:18:10,Closed Won,43626.76953125,1.0
OPP-001855,ACC-000044,PROD-0046,143,Renewal,2023-10-21 04:47:38,2023-12-23 20:15:02,Closed Lost,87421.0078125,0.0
OPP-001863,ACC-000036,PROD-0017,934,Renewal,2023-01-12 17:33:14,2023-02-01 08:10:11,Closed Won,49334.44140625,1.0
OPP-001878,ACC-000027,PROD-0059,547,Upsell,2023-08-19 13:12:12,2023-10-02 11:40:00,Closed Lost,31692.98046875,0.0
OPP-001891,ACC-000018,PROD-0096,313,Cross-sell,2023-06-13 22:05:27,2023-12-09 19:06:19,Closed Lost,6851.8701171875,0.0
OPP-001903,ACC-000051,PROD-0098,303,Renewal,2023-05-16 02:22:05,2023-11-05 20:47:36,Closed Won,16571.130859375,1.0
OPP-001936,ACC-000001,PROD-0075,153,Expansion,2023-09-04 05:37:14,2023-12-29 10:01:18,Closed Lost,23185.099609375,0.0
OPP-001954,ACC-000049,PROD-0007,730,Cross-sell,2022-12-26 15:51:14,2023-01-02 08:12:40,Closed Lost,66524.8828125,0.0
OPP-001960,ACC-000025,PROD-0025,544,Upsell,2022-12-20 22:00:54,2023-02-28 07:24:04,Closed Won,82883.359375,1.0
OPP-001968,ACC-000022,PROD-0081,53,Upsell,2023-12-01 09:38:38,2023-12-15 16:07:03,Closed Lost,28797.669921875,0.0
OPP-001973,ACC-000056,PROD-0075,786,Upsell,2023-09-28 02:15:58,2023-11-10 05:33:01,Closed Lost,70229.1875,0.0
OPP-001978,ACC-000014,PROD-0098,966,New Business,2023-10-10 23:15:21,2023-10-12 19:25:48,Closed Won,23969.359375,1.0
OPP-001985,ACC-000014,PROD-0020,357,Renewal,2023-01-18 20:27:38,2023-06-04 09:59:44,Closed Won,93093.2890625,1.0
OPP-001994,ACC-000024,PROD-0098,885,Renewal,2023-02-08 06:48:14,2023-05-02 15:12:54,Closed Won,75113.8515625,1.0
OPP-001998,ACC-000053,PROD-0062,10,Expansion,2023-03-23 17:20:13,2023-04-15 15:14:05,Closed Lost,57814.171875,0.0
OPP-002006,ACC-000020,PROD-0063,966,Renewal,2023-01-10 18:07:19,2023-05-28 14:24:21,Closed Won,53098.55859375,1.0
OPP-002012,ACC-000049,PROD-0043,249,Expansion,2023-08-04 12:40:34,2023-08-27 23:58:57,Closed Won,30734.509765625,1.0
OPP-002013,ACC-000013,PROD-0062,592,Expansion,2023-02-16 07:24:31,2023-04-13 09:08:01,Closed Won,79528.15625,1.0
OPP-002014,ACC-000040,PROD-0010,354,Expansion,2023-06-08 09:54:06,2023-10-03 23:55:10,Closed Lost,22639.119140625,0.0
OPP-002036,ACC-000002,PROD-0057,627,Expansion,2023-03-06 07:27:52,2023-05-31 08:57:51,Closed Won,69283.8671875,1.0
OPP-002049,ACC-000049,PROD-0042,298,Cross-sell,2022-12-06 14:49:54,2023-01-15 12:07:37,Closed Lost,32526.689453125,0.0
OPP-002051,ACC-000048,PROD-0065,562,Cross-sell,2023-03-18 14:42:59,2023-04-12 10:49:46,Closed Lost,63190.078125,0.0
OPP-002056,ACC-000023,PROD-0006,44,New Business,2023-08-12 21:54:09,2023-10-06 23:53:31,Closed Lost,34235.80078125,0.0
OPP-002062,ACC-000027,PROD-0052,720,Upsell,2022-08-26 14:53:31,2023-01-21 11:31:08,Closed Won,4486.580078125,1.0
OPP-002079,ACC-000028,PROD-0089,127,New Business,2023-07-28 17:41:52,2023-11-03 07:09:41,Closed Won,19936.890625,1.0
OPP-002103,ACC-000024,PROD-0007,547,Renewal,2023-06-22 12:16:55,2023-08-01 17:21:07,Closed Won,55682.140625,1.0
OPP-002108,ACC-000011,PROD-0009,237,Renewal,2023-08-21 17:50:29,2023-10-12 13:17:23,Closed Won,23612.80078125,1.0
OPP-002109,ACC-000053,PROD-0027,178,Upsell,2023-10-19 05:17:15,2023-12-25 22:39:08,Closed Won,45897.87109375,1.0
OPP-002119,ACC-000044,PROD-0073,213,Renewal,2023-02-14 12:29:14,2023-05-13 22:10:39,Closed Lost,74580.8671875,0.0
OPP-002138,ACC-000021,PROD-0038,877,Renewal,2023-07-25 19:21:56,2023-12-22 03:54:55,Closed Won,72557.0390625,1.0
OPP-002149,ACC-000052,PROD-0099,540,Cross-sell,2023-02-26 13:36:45,2023-04-19 17:06:12,Closed Won,28154.66015625,1.0
OPP-002152,ACC-000061,PROD-0047,857,Cross-sell,2023-02-05 11:02:53,2023-06-06 06:11:43,Closed Won,66910.34375,1.0
OPP-002173,ACC-000012,PROD-0030,877,Cross-sell,2023-04-24 16:15:01,2023-07-01 16:44:00,Closed Won,56213.87109375,1.0
OPP-002176,ACC-000053,PROD-0095,568,Expansion,2022-12-26 05:59:46,2023-01-07 05:04:07,Closed Won,38202.62890625,1.0
OPP-002191,ACC-000029,PROD-0089,306,New Business,2023-06-14 13:40:34,2023-10-21 07:05:46,Closed Won,43728.30859375,1.0
OPP-002202,ACC-000020,PROD-0067,264,Cross-sell,2023-02-05 08:48:25,2023-05-28 02:50:49,Closed Lost,2341.60009765625,0.0
OPP-002208,ACC-000002,PROD-0057,889,Renewal,2023-07-27 05:03:28,2023-08-16 15:21:20,Closed Lost,26415.560546875,0.0
OPP-002212,ACC-000042,PROD-0065,622,New Business,2023-08-09 05:13:03,2023-11-15 20:17:19,Closed Won,68635.203125,1.0
OPP-002235,ACC-000045,PROD-0047,48,Renewal,2023-03-15 02:23:41,2023-08-19 08:06:59,Closed Lost,60712.55859375,0.0
OPP-002250,ACC-000022,PROD-0046,203,Renewal,2023-04-23 01:23:26,2023-06-03 18:50:45,Closed Won,44907.91015625,1.0
OPP-002255,ACC-000040,PROD-0049,322,New Business,2022-10-10 11:24:04,2023-01-17 11:11:30,Closed Won,10932.8603515625,1.0
OPP-002261,ACC-000030,PROD-0036,581,Cross-sell,2023-04-03 04:29:01,2023-06-21 07:20:31,Closed Won,90613.8515625,1.0
OPP-002263,ACC-000003,PROD-0011,862,Cross-sell,2023-09-07 04:05:11,2023-12-05 04:17:05,Closed Lost,66392.359375,0.0
OPP-002274,ACC-000051,PROD-0013,392,New Business,2023-08-13 01:23:21,2023-09-24 09:49:16,Closed Lost,96486.453125,0.0
OPP-002284,ACC-000046,PROD-0096,550,Cross-sell,2023-05-03 08:08:58,2023-08-22 06:26:35,Closed Lost,90013.109375,0.0
OPP-002287,ACC-000056,PROD-0016,266,Cross-sell,2023-09-17 21:21:01,2023-10-27 20:26:16,Closed Won,95117.34375,1.0
OPP-002297,ACC-000021,PROD-0036,369,Upsell,2023-03-27 21:20:24,2023-05-29 18:22:17,Closed Lost,99422.828125,0.0
OPP-002311,ACC-000053,PROD-0038,105,Cross-sell,2023-03-21 01:30:28,2023-05-07 08:55:15,Closed Won,96809.578125,1.0
OPP-002318,ACC-000023,PROD-0087,710,Cross-sell,2023-06-19 14:51:24,2023-09-22 20:54:08,Closed Won,66120.9375,1.0
OPP-002321,ACC-000031,PROD-0053,800,Expansion,2023-04-15 03:44:32,2023-08-19 18:37:02,Closed Won,97597.3671875,1.0
OPP-002333,ACC-000029,PROD-0077,138,New Business,2023-11-01 01:32:27,2023-12-06 05:41:29,Closed Won,10985.4404296875,1.0
OPP-002359,ACC-000045,PROD-0021,824,New Business,2023-08-14 16:20:44,2023-09-08 02:34:51,Closed Lost,18908.900390625,0.0
OPP-002376,ACC-000038,PROD-0073,254,Renewal,2023-02-24 08:08:36,2023-07-31 19:38:14,Closed Lost,63969.421875,0.0
OPP-002385,ACC-000061,PROD-0083,739,Renewal,2023-03-24 23:04:23,2023-05-14 08:13:28,Closed Lost,93331.6328125,0.0
OPP-002390,ACC-000038,PROD-0070,690,Upsell,2023-01-31 15:44:35,2023-06-17 12:11:52,Closed Won,91533.5703125,1.0
OPP-002403,ACC-000039,PROD-0035,829,Upsell,2023-01-20 20:02:35,2023-06-30 07:52:59,Closed Lost,70941.59375,0.0
OPP-002415,ACC-000058,PROD-0060,226,New Business,2023-02-16 04:01:10,2023-04-18 05:18:54,Closed Lost,21180.16015625,0.0
OPP-002417,ACC-000023,PROD-0008,491,Cross-sell,2023-01-13 05:56:50,2023-07-08 14:57:51,Closed Lost,43751.23828125,0.0
OPP-002424,ACC-000056,PROD-0100,968,Upsell,2023-02-22 00:58:41,2023-02-24 13:38:12,Closed Lost,71589.9296875,0.0
OPP-002454,ACC-000033,PROD-0060,742,Renewal,2023-06-30 09:17:05,2023-11-21 11:40:59,Closed Won,2927.469970703125,1.0
OPP-002455,ACC-000027,PROD-0019,774,Cross-sell,2023-04-01 02:02:33,2023-09-12 10:08:54,Closed Won,97224.03125,1.0
OPP-002471,ACC-000019,PROD-0077,763,Expansion,2022-11-18 04:32:08,2023-02-15 04:53:18,Closed Won,70695.046875,1.0
OPP-002497,ACC-000019,PROD-0083,166,Cross-sell,2022-11-06 17:47:29,2023-02-03 09:53:12,Closed Lost,50698.44921875,0.0
OPP-002507,ACC-000023,PROD-0040,482,New Business,2022-11-19 10:48:45,2023-04-24 16:53:10,Closed Won,43047.80859375,1.0
OPP-002531,ACC-000056,PROD-0082,631,Upsell,2023-03-13 13:23:38,2023-07-12 13:30:05,Closed Lost,67010.859375,0.0
OPP-002536,ACC-000005,PROD-0068,270,New Business,2023-01-21 02:47:11,2023-02-24 03:36:59,Closed Won,8432.01953125,1.0
OPP-002542,ACC-000033,PROD-0095,912,Renewal,2023-05-05 13:37:20,2023-10-03 17:44:16,Closed Lost,37978.7109375,0.0
OPP-002554,ACC-000027,PROD-0062,550,Expansion,2023-08-05 05:39:11,2023-10-19 10:14:40,Closed Lost,53577.48828125,0.0
OPP-002576,ACC-000040,PROD-0027,695,Expansion,2023-06-10 07:19:30,2023-06-27 22:53:46,Closed Lost,13662.599609375,0.0
OPP-002614,ACC-000035,PROD-0084,33,Expansion,2023-01-25 17:55:42,2023-02-21 10:12:11,Closed Lost,86539.6484375,0.0
OPP-002622,ACC-000027,PROD-0037,67,Expansion,2023-08-03 04:07:45,2023-10-09 00:48:26,Closed Lost,8703.509765625,0.0
OPP-002626,ACC-000049,PROD-0066,633,Upsell,2022-11-03 12:10:42,2023-03-22 10:12:33,Closed Won,89920.1796875,1.0
OPP-002641,ACC-000050,PROD-0038,213,Cross-sell,2023-04-27 16:29:52,2023-06-22 15:01:34,Closed Lost,58256.91015625,0.0
OPP-002667,ACC-000014,PROD-0025,271,Cross-sell,2023-06-29 01:49:39,2023-08-19 14:33:32,Closed Won,27110.08984375,1.0
OPP-002671,ACC-000062,PROD-0023,398,Expansion,2023-05-07 13:00:49,2023-05-31 01:43:29,Closed Won,86691.953125,1.0
OPP-002739,ACC-000001,PROD-0034,911,Cross-sell,2023-11-29 17:29:36,2023-12-25 20:10:08,Closed Won,68117.7421875,1.0
OPP-002750,ACC-000006,PROD-0067,6,Renewal,2023-02-11 01:00:48,2023-03-02 00:19:56,Closed Lost,44707.171875,0.0
OPP-002774,ACC-000036,PROD-0009,539,Upsell,2022-10-23 07:08:36,2023-04-17 18:51:01,Closed Won,26802.869140625,1.0
OPP-002777,ACC-000037,PROD-0087,296,New Business,2023-01-07 07:52:08,2023-05-17 13:25:05,Closed Lost,25934.990234375,0.0
OPP-002780,ACC-000009,PROD-0021,207,New Business,2023-01-20 09:30:44,2023-04-30 22:38:57,Closed Won,18986.470703125,1.0
OPP-002796,ACC-000034,PROD-0093,806,Expansion,2023-09-04 00:29:08,2023-11-10 09:07:55,Closed Lost,50510.171875,0.0
OPP-002808,ACC-000037,PROD-0018,681,Renewal,2023-09-21 15:08:04,2023-10-08 22:27:48,Closed Won,84599.796875,1.0
OPP-002811,ACC-000027,PROD-0083,520,Upsell,2023-05-08 23:31:28,2023-05-25 08:32:40,Closed Lost,82913.0,0.0
OPP-002814,ACC-000015,PROD-0039,890,Expansion,2023-07-10 12:22:16,2023-09-07 20:18:18,Closed Lost,48367.109375,0.0
OPP-002820,ACC-000019,PROD-0068,790,New Business,2023-09-19 04:00:51,2023-12-12 05:23:19,Closed Lost,39781.1484375,0.0
OPP-002822,ACC-000047,PROD-0008,450,Expansion,2023-11-28 18:16:32,2023-12-09 00:42:19,Closed Won,69083.640625,1.0
OPP-002826,ACC-000029,PROD-0046,664,New Business,2023-09-04 03:12:34,2023-09-26 00:48:42,Closed Lost,12485.5595703125,0.0
OPP-002828,ACC-000035,PROD-0050,118,New Business,2023-04-19 15:39:11,2023-07-09 20:27:46,Closed Lost,13094.2998046875,0.0
OPP-002843,ACC-000046,PROD-0089,882,Expansion,2023-06-17 15:06:24,2023-07-23 11:52:49,Closed Won,74497.3671875,1.0
OPP-002847,ACC-000044,PROD-0031,640,Upsell,2023-03-01 00:14:25,2023-03-10 19:09:40,Closed Lost,18872.400390625,0.0
OPP-002854,ACC-000038,PROD-0079,992,Renewal,2023-06-05 09:17:21,2023-10-31 10:48:57,Closed Lost,40493.8984375,0.0
OPP-002871,ACC-000005,PROD-0069,44,Expansion,2023-10-06 16:42:37,2023-10-11 04:12:04,Closed Won,54568.4609375,1.0
OPP-002873,ACC-000003,PROD-0080,993,Upsell,2023-03-04 01:55:47,2023-03-27 17:41:23,Closed Lost,33599.5390625,0.0
OPP-002885,ACC-000041,PROD-0029,934,New Business,2023-07-24 16:03:31,2023-09-22 11:12:31,Closed Won,81127.7421875,1.0
OPP-002922,ACC-000022,PROD-0011,456,Upsell,2023-07-04 21:19:22,2023-09-25 19:25:20,Closed Lost,96826.9375,0.0
OPP-002928,ACC-000009,PROD-0048,566,Expansion,2023-05-21 06:26:47,2023-08-24 10:55:42,Closed Won,5070.16015625,1.0
OPP-002954,ACC-000040,PROD-0087,369,Cross-sell,2023-07-23 16:53:10,2023-11-01 09:17:49,Closed Won,98246.4921875,1.0
OPP-002965,ACC-000037,PROD-0070,457,Cross-sell,2023-09-27 06:30:32,2023-10-01 23:08:48,Closed Lost,91230.15625,0.0
OPP-002979,ACC-000031,PROD-0083,687,Upsell,2023-05-26 00:30:39,2023-10-09 11:09:49,Closed Won,53939.37109375,1.0
OPP-002983,ACC-000002,PROD-0002,119,Expansion,2022-09-18 23:32:56,2023-02-07 23:55:43,Closed Lost,7525.25,0.0
OPP-002989,ACC-000061,PROD-0006,454,Cross-sell,2023-08-26 03:46:07,2023-10-08 19:39:20,Closed Lost,61979.66015625,0.0
OPP-002998,ACC-000036,PROD-0064,355,Upsell,2023-06-26 07:27:18,2023-07-22 18:41:53,Closed Lost,67335.5703125,0.0
OPP-003022,ACC-000003,PROD-0059,469,Expansion,2023-04-05 18:44:59,2023-07-11 15:40:31,Closed Won,15197.3701171875,1.0
OPP-003025,ACC-000034,PROD-0008,121,Cross-sell,2023-11-10 13:52:30,2023-11-20 17:08:26,Closed Lost,80848.25,0.0
OPP-003028,ACC-000036,PROD-0033,420,New Business,2023-01-04 05:17:21,2023-05-16 16:00:05,Closed Lost,84579.5703125,0.0
OPP-003033,ACC-000043,PROD-0054,470,New Business,2023-08-19 16:46:58,2023-08-26 21:46:25,Closed Lost,2050.429931640625,0.0
OPP-003036,ACC-000016,PROD-0023,883,Renewal,2022-12-05 05:23:35,2023-02-27 20:13:47,Closed Won,49036.62109375,1.0
OPP-003044,ACC-000024,PROD-0002,631,Renewal,2022-12-09 05:56:06,2023-05-11 15:46:04,Closed Won,66242.3515625,1.0
OPP-003045,ACC-000003,PROD-0031,917,Renewal,2023-01-01 10:04:20,2023-05-31 19:36:52,Closed Won,80370.6171875,1.0
OPP-003059,ACC-000059,PROD-0018,675,Renewal,2023-06-08 16:58:50,2023-11-20 03:06:24,Closed Lost,16349.2998046875,0.0
OPP-003086,ACC-000047,PROD-0035,51,Upsell,2022-11-30 08:48:05,2023-05-09 10:22:02,Closed Won,87431.5625,1.0
OPP-003116,ACC-000006,PROD-0085,825,Upsell,2023-04-01 18:44:56,2023-09-28 01:01:56,Closed Lost,80439.8125,0.0
OPP-003119,ACC-000039,PROD-0084,698,New Business,2023-06-11 05:16:57,2023-11-24 17:42:36,Closed Won,29906.109375,1.0
OPP-003147,ACC-000012,PROD-0043,179,Expansion,2023-09-14 00:28:14,2023-11-11 10:38:46,Closed Lost,76829.3828125,0.0
OPP-003160,ACC-000030,PROD-0071,454,New Business,2022-09-06 04:42:39,2023-02-28 23:59:11,Closed Won,33566.05078125,1.0
OPP-003165,ACC-000027,PROD-0075,635,Expansion,2023-03-18 01:37:54,2023-06-13 17:01:24,Closed Won,42169.921875,1.0
OPP-003181,ACC-000016,PROD-0045,534,Expansion,2022-11-30 04:31:44,2023-02-14 22:01:49,Closed Lost,41442.0703125,0.0
OPP-003193,ACC-000031,PROD-0072,301,Cross-sell,2023-09-16 10:32:19,2023-11-22 14:21:25,Closed Won,24521.9609375,1.0
OPP-003221,ACC-000049,PROD-0093,89,Expansion,2022-12-07 03:49:48,2023-01-23 00:07:23,Closed Lost,38684.30859375,0.0
OPP-003231,ACC-000039,PROD-0048,190,Cross-sell,2022-12-24 19:14:38,2023-02-21 21:37:28,Closed Lost,77451.6875,0.0
OPP-003262,ACC-000057,PROD-0022,302,New Business,2023-05-22 15:55:54,2023-06-07 19:46:36,Closed Won,65433.98046875,1.0
OPP-003269,ACC-000020,PROD-0079,613,Cross-sell,2023-03-03 20:17:10,2023-08-21 04:10:10,Closed Lost,26444.830078125,0.0
OPP-003277,ACC-000020,PROD-0043,741,Expansion,2023-07-29 01:08:33,2023-12-19 03:11:26,Closed Won,35561.78125,1.0
OPP-003284,ACC-000049,PROD-0098,141,New Business,2023-06-09 14:29:56,2023-07-05 17:28:39,Closed Lost,7371.06005859375,0.0
OPP-003303,ACC-000012,PROD-0016,345,New Business,2023-03-25 08:10:53,2023-04-16 18:23:06,Closed Lost,43445.28125,0.0
OPP-003312,ACC-000007,PROD-0099,927,Cross-sell,2023-07-23 10:20:46,2023-07-29 20:43:55,Closed Lost,32664.330078125,0.0
OPP-003329,ACC-000055,PROD-0068,979,Renewal,2023-07-16 01:17:11,2023-11-05 07:56:07,Closed Lost,73965.1328125,0.0
OPP-003361,ACC-000056,PROD-0089,73,Upsell,2023-03-04 19:12:08,2023-05-10 15:02:48,Closed Lost,27776.900390625,0.0
OPP-003365,ACC-000059,PROD-0066,642,New Business,2023-05-17 21:33:09,2023-10-08 19:09:16,Closed Won,56288.76171875,1.0
OPP-003366,ACC-000016,PROD-0009,183,Cross-sell,2022-09-02 11:01:19,2023-01-06 21:12:40,Closed Lost,52460.55078125,0.0
OPP-003379,ACC-000018,PROD-0040,345,Renewal,2023-11-14 11:54:49,2023-12-02 00:45:03,Closed Won,51071.421875,1.0
OPP-003387,ACC-000026,PROD-0040,771,New Business,2023-07-07 18:10:09,2023-10-14 08:38:08,Closed Won,73361.140625,1.0
OPP-003394,ACC-000010,PROD-0045,526,Renewal,2022-08-29 17:04:29,2023-01-30 11:37:41,Closed Lost,21828.970703125,0.0
OPP-003417,ACC-000005,PROD-0020,780,Renewal,2023-04-04 03:40:48,2023-04-09 19:47:36,Closed Lost,34862.05078125,0.0
OPP-003419,ACC-000043,PROD-0021,886,New Business,2023-09-26 15:19:58,2023-11-28 06:26:31,Closed Won,26357.619140625,1.0
OPP-003432,ACC-000022,PROD-0052,390,Expansion,2023-03-23 06:05:41,2023-08-03 00:38:23,Closed Won,3717.429931640625,1.0
OPP-003457,ACC-000006,PROD-0085,370,Expansion,2023-08-21 03:54:58,2023-11-04 22:22:22,Closed Lost,8646.01953125,0.0
OPP-003461,ACC-000061,PROD-0035,678,Cross-sell,2022-11-05 02:10:18,2023-02-04 08:24:22,Closed Won,22331.2109375,1.0
OPP-003466,ACC-000036,PROD-0033,7,Renewal,2023-03-23 14:11:54,2023-07-25 14:42:53,Closed Lost,84644.828125,0.0
OPP-003479,ACC-000004,PROD-0034,852,Expansion,2023-03-22 10:18:57,2023-06-18 00:44:37,Closed Won,91763.1796875,1.0
OPP-003486,ACC-000053,PROD-0023,439,Cross-sell,2023-01-29 11:33:22,2023-05-15 10:11:16,Closed Lost,41861.19921875,0.0
OPP-003491,ACC-000050,PROD-0059,60,Cross-sell,2023-04-17 20:21:55,2023-10-12 20:13:45,Closed Won,73784.171875,1.0
OPP-003496,ACC-000016,PROD-0097,348,Cross-sell,2023-06-20 09:12:46,2023-11-29 10:21:55,Closed Won,35845.21875,1.0
OPP-003498,ACC-000048,PROD-0033,482,New Business,2022-09-20 21:43:48,2023-01-26 17:12:17,Closed Lost,48106.62109375,0.0
OPP-003501,ACC-000007,PROD-0034,1000,Expansion,2023-07-17 14:56:08,2023-09-09 16:37:10,Closed Won,41519.12890625,1.0
OPP-003516,ACC-000035,PROD-0096,276,Cross-sell,2023-11-20 06:55:54,2023-12-04 20:51:12,Closed Won,9800.490234375,1.0
OPP-003534,ACC-000043,PROD-0045,917,Expansion,2023-06-01 20:16:56,2023-07-25 20:36:56,Closed Won,50386.8984375,1.0
OPP-003538,ACC-000005,PROD-0013,366,Upsell,2022-12-11 06:36:40,2023-01-22 04:11:22,Closed Lost,42041.80078125,0.0
OPP-003558,ACC-000026,PROD-0010,315,Cross-sell,2023-02-28 18:02:30,2023-06-14 05:54:57,Closed Lost,56995.359375,0.0
OPP-003564,ACC-000036,PROD-0020,228,Upsell,2023-10-13 08:01:53,2023-10-20 08:15:26,Closed Won,54553.3515625,1.0
OPP-003655,ACC-000058,PROD-0010,693,Upsell,2023-05-01 12:17:36,2023-10-13 11:12:36,Closed Won,13410.330078125,1.0
OPP-003661,ACC-000057,PROD-0060,734,Cross-sell,2023-08-07 10:05:36,2023-10-17 14:40:27,Closed Lost,22216.970703125,0.0
OPP-003671,ACC-000034,PROD-0088,287,Cross-sell,2023-05-26 20:29:54,2023-07-28 06:17:33,Closed Won,58342.69140625,1.0
OPP-003704,ACC-000040,PROD-0016,285,Upsell,2022-12-09 23:44:49,2023-05-21 15:33:35,Closed Won,31196.279296875,1.0
OPP-003722,ACC-000012,PROD-0071,592,Cross-sell,2023-02-04 20:02:21,2023-04-07 16:01:37,Closed Won,70908.21875,1.0
OPP-003731,ACC-000029,PROD-0065,803,New Business,2023-05-16 01:38:28,2023-05-27 16:58:32,Closed Won,5661.22998046875,1.0
OPP-003735,ACC-000051,PROD-0008,29,Cross-sell,2023-04-30 09:51:12,2023-05-14 04:27:29,Closed Lost,23538.48046875,0.0
OPP-003763,ACC-000002,PROD-0020,177,Expansion,2023-09-10 00:49:23,2023-11-13 18:18:59,Closed Lost,11358.83984375,0.0
OPP-003776,ACC-000052,PROD-0021,663,New Business,2023-08-28 02:49:18,2023-10-17 21:12:05,Closed Lost,5821.25,0.0
OPP-003777,ACC-000044,PROD-0095,965,Expansion,2023-01-01 15:40:25,2023-03-25 09:42:30,Closed Won,82005.40625,1.0
OPP-003786,ACC-000054,PROD-0055,564,Upsell,2022-10-25 17:30:41,2023-02-17 05:34:57,Closed Won,66952.9765625,1.0
OPP-003787,ACC-000025,PROD-0071,165,Renewal,2023-05-06 15:19:29,2023-08-15 06:39:50,Closed Lost,20264.509765625,0.0
OPP-003790,ACC-000011,PROD-0044,258,New Business,2023-01-05 07:22:42,2023-03-07 17:37:14,Closed Lost,34893.2109375,0.0
OPP-003796,ACC-000021,PROD-0086,462,Renewal,2022-10-21 01:56:42,2023-02-16 05:39:51,Closed Lost,42928.21875,0.0
OPP-003823,ACC-000036,PROD-0016,286,Cross-sell,2022-11-24 23:43:31,2023-05-10 10:22:24,Closed Won,22582.25,1.0
OPP-003840,ACC-000059,PROD-0068,558,Cross-sell,2023-06-23 07:28:47,2023-10-23 11:09:27,Closed Lost,65035.51171875,0.0
OPP-003851,ACC-000036,PROD-0030,447,New Business,2023-03-12 10:27:47,2023-04-18 05:06:16,Closed Won,5219.43994140625,1.0
OPP-003854,ACC-000022,PROD-0065,69,Expansion,2023-01-13 04:31:57,2023-01-16 02:37:58,Closed Won,79503.6015625,1.0
OPP-003864,ACC-000061,PROD-0097,377,Expansion,2023-01-08 16:07:04,2023-01-18 04:43:44,Closed Lost,11280.419921875,0.0
OPP-003891,ACC-000031,PROD-0044,992,Upsell,2023-06-07 06:14:05,2023-07-24 21:24:52,Closed Won,12459.509765625,1.0
OPP-003892,ACC-000013,PROD-0071,956,Upsell,2023-01-23 18:55:52,2023-06-30 23:25:03,Closed Won,93549.9921875,1.0
OPP-003893,ACC-000059,PROD-0093,329,Renewal,2023-01-27 23:57:09,2023-06-06 08:00:37,Closed Lost,24386.7890625,0.0
OPP-003916,ACC-000015,PROD-0084,456,Renewal,2022-07-13 11:12:00,2023-01-09 07:26:04,Closed Lost,64160.3984375,0.0
OPP-003945,ACC-000032,PROD-0082,621,Renewal,2023-08-27 16:13:33,2023-11-12 00:58:36,Closed Won,89501.25,1.0
OPP-003950,ACC-000011,PROD-0064,148,New Business,2023-01-30 23:22:48,2023-05-08 18:58:02,Closed Won,26645.419921875,1.0
OPP-003952,ACC-000011,PROD-0086,169,Expansion,2023-06-19 18:52:03,2023-07-25 13:03:39,Closed Won,13563.490234375,1.0
OPP-003975,ACC-000041,PROD-0094,559,Upsell,2022-10-16 22:11:59,2023-01-08 10:56:59,Closed Lost,54570.4609375,0.0
OPP-003988,ACC-000029,PROD-0037,919,Upsell,2023-05-20 02:05:17,2023-08-29 19:58:04,Closed Lost,38717.55078125,0.0
OPP-003991,ACC-000001,PROD-0070,932,Cross-sell,2023-12-22 17:25:07,2023-12-31 17:09:30,Closed Lost,78427.5390625,0.0
OPP-003998,ACC-000039,PROD-0069,890,Expansion,2023-05-01 10:42:31,2023-07-20 20:34:00,Closed Won,45811.75,1.0
OPP-003999,ACC-000055,PROD-0027,934,Upsell,2023-01-20 11:34:01,2023-06-26 16:49:46,Closed Lost,49741.75,0.0
OPP-004000,ACC-000033,PROD-0010,181,Expansion,2023-08-10 11:28:43,2023-10-12 00:54:03,Closed Lost,89929.90625,0.0
OPP-004014,ACC-000008,PROD-0085,161,Renewal,2023-08-17 00:52:51,2023-11-25 14:39:36,Closed Won,17705.470703125,1.0
OPP-004024,ACC-000060,PROD-0070,753,New Business,2023-10-24 19:03:21,2023-12-03 16:33:08,Closed Lost,54349.640625,0.0
OPP-004047,ACC-000025,PROD-0022,296,Upsell,2022-09-09 09:40:55,2023-02-17 01:55:08,Closed Won,75479.84375,1.0
OPP-004050,ACC-000055,PROD-0026,98,Expansion,2023-03-17 20:53:57,2023-06-05 15:52:14,Closed Won,23040.349609375,1.0
OPP-004078,ACC-000020,PROD-0019,596,Renewal,2022-10-27 22:00:16,2023-04-11 03:43:33,Closed Won,49876.03125,1.0
OPP-004086,ACC-000059,PROD-0080,601,New Business,2023-11-13 02:08:07,2023-11-19 22:25:49,Closed Lost,67910.203125,0.0
OPP-004097,ACC-000053,PROD-0090,486,Expansion,2022-12-08 11:13:13,2023-01-22 06:04:58,Closed Won,34668.98046875,1.0
OPP-004098,ACC-000016,PROD-0005,827,New Business,2023-04-10 16:40:24,2023-07-03 08:40:09,Closed Won,51362.76953125,1.0
OPP-004100,ACC-000026,PROD-0027,790,Cross-sell,2023-03-17 04:24:16,2023-08-13 07:30:13,Closed Lost,52976.83984375,0.0
OPP-004104,ACC-000022,PROD-0036,710,Renewal,2022-11-17 02:51:15,2023-03-12 02:15:47,Closed Lost,89943.21875,0.0
OPP-004127,ACC-000008,PROD-0049,523,New Business,2023-05-31 00:11:09,2023-10-03 02:09:25,Closed Won,60953.5,1.0
OPP-004135,ACC-000014,PROD-0066,602,New Business,2023-07-27 14:33:14,2023-08-02 19:37:49,Closed Won,67552.2890625,1.0
OPP-004147,ACC-000049,PROD-0016,911,Upsell,2023-09-12 01:59:28,2023-09-15 05:28:27,Closed Won,63042.51953125,1.0
OPP-004154,ACC-000003,PROD-0091,402,Renewal,2023-10-09 22:08:49,2023-12-31 04:05:37,Closed Won,15176.509765625,1.0
OPP-004155,ACC-000025,PROD-0012,114,Upsell,2023-07-11 12:13:25,2023-12-03 19:31:11,Closed Won,79739.3203125,1.0
OPP-004179,ACC-000012,PROD-0022,954,Cross-sell,2023-03-10 18:21:35,2023-07-07 05:09:30,Closed Won,74505.1171875,1.0
OPP-004183,ACC-000049,PROD-0040,274,Cross-sell,2022-11-21 11:41:28,2023-05-18 06:00:30,Closed Lost,51386.44140625,0.0
OPP-004187,ACC-000050,PROD-0074,721,Expansion,2023-06-13 11:23:54,2023-09-12 07:42:55,Closed Won,96968.421875,1.0
OPP-004192,ACC-000046,PROD-0070,644,Cross-sell,2022-09-18 19:51:29,2023-01-23 07:49:49,Closed Lost,94971.8671875,0.0
OPP-004194,ACC-000031,PROD-0053,571,New Business,2023-06-07 10:04:22,2023-08-14 18:11:35,Closed Won,89713.5078125,1.0
OPP-004206,ACC-000045,PROD-0044,561,Upsell,2023-04-30 18:42:45,2023-07-29 16:20:46,Closed Lost,12710.9599609375,0.0
OPP-004218,ACC-000035,PROD-0049,103,Expansion,2022-08-27 20:50:53,2023-02-16 05:51:22,Closed Won,26282.01953125,1.0
OPP-004231,ACC-000048,PROD-0037,240,New Business,2023-03-29 11:17:23,2023-08-25 09:49:06,Closed Lost,22114.220703125,0.0
OPP-004250,ACC-000024,PROD-0097,971,Renewal,2023-06-16 02:45:25,2023-08-30 03:04:14,Closed Won,12112.1103515625,1.0
OPP-004261,ACC-000018,PROD-0044,231,Renewal,2022-11-18 17:17:13,2023-03-29 21:05:26,Closed Won,73403.5625,1.0
OPP-004263,ACC-000026,PROD-0029,40,Renewal,2023-06-19 18:03:26,2023-09-22 21:11:56,Closed Lost,59361.26171875,0.0
OPP-004274,ACC-000005,PROD-0059,325,Upsell,2022-09-05 04:53:33,2023-02-16 14:51:29,Closed Won,64921.37109375,1.0
OPP-004311,ACC-000008,PROD-0030,793,Renewal,2023-05-19 06:45:08,2023-05-30 11:01:30,Closed Won,20199.140625,1.0
OPP-004325,ACC-000050,PROD-0089,880,Renewal,2022-12-04 06:20:53,2023-05-13 14:16:44,Closed Lost,57799.80078125,0.0
OPP-004337,ACC-000055,PROD-0096,502,Cross-sell,2023-09-02 17:07:03,2023-09-24 14:57:37,Closed Won,94098.4765625,1.0
OPP-004340,ACC-000062,PROD-0091,656,New Business,2022-11-11 20:05:43,2023-03-01 23:27:26,Closed Won,20798.48046875,1.0
OPP-004356,ACC-000025,PROD-0020,433,Renewal,2023-06-11 06:08:07,2023-07-24 23:51:28,Closed Lost,6425.64990234375,0.0
OPP-004363,ACC-000038,PROD-0040,710,Renewal,2023-01-22 18:17:56,2023-02-01 07:04:09,Closed Lost,70975.6484375,0.0
OPP-004367,ACC-000058,PROD-0041,72,Cross-sell,2022-10-09 23:44:25,2023-03-09 00:45:35,Closed Won,34292.359375,1.0
OPP-004396,ACC-000060,PROD-0062,365,New Business,2023-02-12 13:34:04,2023-05-23 19:07:19,Closed Won,4857.14013671875,1.0
OPP-004400,ACC-000033,PROD-0090,855,Expansion,2023-08-19 14:35:18,2023-12-12 16:23:24,Closed Won,18334.970703125,1.0
OPP-004410,ACC-000060,PROD-0071,479,Cross-sell,2023-04-25 05:17:14,2023-09-20 06:18:29,Closed Won,92515.953125,1.0
OPP-004414,ACC-000035,PROD-0088,105,Renewal,2023-01-31 08:58:54,2023-05-09 05:12:55,Closed Won,80053.7109375,1.0
OPP-004423,ACC-000015,PROD-0068,549,Cross-sell,2023-05-18 21:02:26,2023-10-10 10:13:17,Closed Won,60667.23828125,1.0
OPP-004426,ACC-000023,PROD-0053,504,Expansion,2022-11-03 20:25:41,2023-03-09 19:49:51,Closed Won,28186.609375,1.0
OPP-004477,ACC-000062,PROD-0047,763,Upsell,2023-06-24 03:31:08,2023-08-24 15:02:29,Closed Lost,82084.7421875,0.0
OPP-004487,ACC-000043,PROD-0052,832,Expansion,2022-08-24 21:26:00,2023-02-09 08:37:39,Closed Won,29158.080078125,1.0
OPP-004492,ACC-000017,PROD-0055,759,Expansion,2023-02-05 08:03:27,2023-03-10 21:54:14,Closed Won,16082.580078125,1.0
OPP-004494,ACC-000059,PROD-0012,662,Renewal,2023-05-15 05:25:17,2023-08-06 07:20:00,Closed Won,11679.0703125,1.0
OPP-004516,ACC-000049,PROD-0074,533,New Business,2023-06-18 19:53:59,2023-08-18 05:15:04,Closed Lost,39506.8203125,0.0
OPP-004519,ACC-000019,PROD-0025,427,Expansion,2023-02-01 08:13:06,2023-05-22 11:59:25,Closed Won,20101.470703125,1.0
OPP-004538,ACC-000012,PROD-0003,936,Expansion,2023-04-05 12:37:41,2023-06-22 03:49:44,Closed Lost,45475.078125,0.0
OPP-004541,ACC-000050,PROD-0081,153,Upsell,2023-02-15 03:40:54,2023-05-22 05:09:18,Closed Lost,26364.509765625,0.0
OPP-004552,ACC-000024,PROD-0013,74,Upsell,2023-11-24 05:08:44,2023-12-26 17:48:32,Closed Won,33539.1015625,1.0
OPP-004554,ACC-000006,PROD-0097,670,Expansion,2023-05-07 08:05:42,2023-06-26 21:41:07,Closed Won,28541.509765625,1.0
OPP-004558,ACC-000024,PROD-0095,577,Renewal,2022-12-22 01:41:03,2023-04-01 00:37:52,Closed Lost,39708.01171875,0.0
OPP-004560,ACC-000058,PROD-0015,492,New Business,2023-07-27 14:52:17,2023-11-28 22:05:29,Closed Lost,93891.4609375,0.0
OPP-004576,ACC-000030,PROD-0003,47,Renewal,2023-01-11 00:13:48,2023-05-14 12:40:57,Closed Lost,55154.30078125,0.0
OPP-004610,ACC-000053,PROD-0040,612,Upsell,2023-08-15 07:11:42,2023-11-27 20:05:35,Closed Won,1989.5,1.0
OPP-004624,ACC-000021,PROD-0059,552,New Business,2022-12-15 13:37:24,2023-05-23 16:12:03,Closed Won,10032.5703125,1.0
OPP-004630,ACC-000003,PROD-0016,559,Cross-sell,2023-03-08 19:08:02,2023-07-23 12:45:06,Closed Lost,64943.19921875,0.0
OPP-004638,ACC-000045,PROD-0049,997,Cross-sell,2023-04-07 02:44:13,2023-08-13 05:01:36,Closed Won,34126.80859375,1.0
OPP-004641,ACC-000034,PROD-0014,944,Expansion,2023-04-29 00:41:39,2023-06-02 03:54:26,Closed Won,37577.6484375,1.0
OPP-004648,ACC-000022,PROD-0040,502,Cross-sell,2023-08-18 08:31:39,2023-09-09 18:16:29,Closed Lost,67192.0703125,0.0
OPP-004670,ACC-000040,PROD-0085,339,Upsell,2023-02-05 08:28:10,2023-03-02 13:31:39,Closed Lost,79565.140625,0.0
OPP-004691,ACC-000041,PROD-0088,860,New Business,2023-02-02 03:33:54,2023-05-31 05:40:41,Closed Lost,80578.328125,0.0
OPP-004696,ACC-000059,PROD-0067,579,New Business,2023-07-03 17:05:18,2023-11-28 16:33:08,Closed Won,23287.009765625,1.0
OPP-004697,ACC-000023,PROD-0086,367,Expansion,2022-12-04 03:07:00,2023-04-01 11:41:32,Closed Won,29740.259765625,1.0
OPP-004698,ACC-000057,PROD-0071,844,Expansion,2023-04-26 16:55:13,2023-07-02 01:21:28,Closed Lost,42065.94921875,0.0
OPP-004706,ACC-000036,PROD-0055,14,Cross-sell,2023-01-10 16:38:13,2023-05-20 20:07:35,Closed Lost,51257.9609375,0.0
OPP-004708,ACC-000003,PROD-0037,471,Upsell,2023-02-06 10:50:03,2023-06-06 01:24:38,Closed Lost,65809.4296875,0.0
OPP-004712,ACC-000028,PROD-0023,697,Cross-sell,2022-11-23 14:32:13,2023-04-30 04:01:42,Closed Lost,1681.0899658203125,0.0
OPP-004730,ACC-000018,PROD-0039,130,Renewal,2023-05-31 14:27:21,2023-09-29 16:11:00,Closed Lost,60894.6796875,0.0
OPP-004745,ACC-000006,PROD-0030,19,New Business,2022-11-16 06:11:16,2023-03-28 21:34:04,Closed Lost,68345.109375,0.0
OPP-004746,ACC-000042,PROD-0051,581,New Business,2023-05-19 18:39:47,2023-07-05 03:07:30,Closed Lost,25329.3203125,0.0
OPP-004748,ACC-000025,PROD-0012,29,Cross-sell,2023-03-12 04:58:06,2023-08-03 17:54:41,Closed Lost,44041.0,0.0
OPP-004751,ACC-000056,PROD-0008,984,Renewal,2022-12-21 16:33:36,2023-03-15 18:47:39,Closed Won,30780.490234375,1.0
OPP-004760,ACC-000033,PROD-0044,888,New Business,2023-02-16 10:17:43,2023-04-15 11:47:45,Closed Lost,10022.1796875,0.0
OPP-004769,ACC-000027,PROD-0023,556,New Business,2023-08-21 11:56:44,2023-08-28 15:53:29,Closed Won,51043.3984375,1.0
OPP-004798,ACC-000038,PROD-0035,539,Upsell,2022-11-17 18:33:38,2023-05-13 01:12:27,Closed Won,56475.16015625,1.0
OPP-004799,ACC-000039,PROD-0034,443,New Business,2023-02-14 07:15:55,2023-07-14 02:31:23,Closed Won,45222.75,1.0
OPP-004832,ACC-000057,PROD-0065,916,New Business,2023-05-08 08:51:44,2023-10-13 08:30:02,Closed Lost,98123.9609375,0.0
OPP-004838,ACC-000018,PROD-0027,750,Renewal,2022-12-09 02:42:55,2023-05-02 22:04:26,Closed Lost,69395.15625,0.0
OPP-004844,ACC-000002,PROD-0013,234,New Business,2023-01-20 19:57:32,2023-02-15 13:46:02,Closed Lost,97746.6484375,0.0
OPP-004847,ACC-000046,PROD-0087,977,Expansion,2023-02-09 04:25:47,2023-06-02 05:03:25,Closed Won,54768.359375,1.0
OPP-004853,ACC-000035,PROD-0039,838,Cross-sell,2023-10-08 14:27:27,2023-11-15 11:15:30,Closed Won,61534.30859375,1.0
OPP-004869,ACC-000026,PROD-0073,293,New Business,2023-03-04 16:02:34,2023-03-07 10:51:51,Closed Lost,93239.6171875,0.0
OPP-004891,ACC-000001,PROD-0029,648,Cross-sell,2023-08-17 23:44:16,2023-12-30 16:50:46,Closed Won,35720.87890625,1.0
OPP-004903,ACC-000029,PROD-0082,531,New Business,2023-02-03 18:26:40,2023-02-16 04:31:51,Closed Won,37408.69921875,1.0
OPP-004929,ACC-000051,PROD-0002,980,New Business,2023-04-15 19:20:21,2023-08-26 10:34:33,Closed Lost,18956.359375,0.0
OPP-004944,ACC-000010,PROD-0029,497,Cross-sell,2023-03-02 06:37:48,2023-03-22 04:10:19,Closed Lost,37997.69140625,0.0
OPP-004956,ACC-000009,PROD-0087,315,Expansion,2023-06-09 07:46:36,2023-10-15 10:35:31,Closed Lost,74542.109375,0.0
OPP-004961,ACC-000029,PROD-0004,37,Upsell,2023-07-18 00:27:35,2023-09-13 12:59:53,Closed Lost,5718.81005859375,0.0
OPP-004971,ACC-000012,PROD-0098,109,Cross-sell,2023-01-12 06:29:04,2023-06-03 05:41:29,Closed Lost,83020.5078125,0.0
OPP-004973,ACC-000058,PROD-0057,944,Upsell,2023-12-09 20:42:47,2023-12-30 15:49:27,Closed Lost,93420.71875,0.0
OPP-004978,ACC-000015,PROD-0038,145,New Business,2023-04-23 01:35:00,2023-09-03 00:01:39,Closed Lost,71820.28125,0.0
OPP-004984,ACC-000021,PROD-0040,95,Upsell,2023-01-01 22:51:20,2023-04-04 23:16:35,Closed Won,47755.0703125,1.0
OPP-004996,ACC-000052,PROD-0017,439,Renewal,2023-03-06 17:43:07,2023-06-10 14:52:49,Closed Won,38644.33984375,1.0
OPP-005020,ACC-000008,PROD-0042,517,Upsell,2023-08-29 10:31:49,2023-10-13 02:48:12,Closed Lost,80546.3828125,0.0
OPP-005025,ACC-000035,PROD-0065,813,Renewal,2022-08-27 18:55:45,2023-01-10 11:55:33,Closed Lost,32488.130859375,0.0
OPP-005034,ACC-000054,PROD-0060,550,Cross-sell,2023-12-03 05:55:34,2023-12-28 13:34:12,Closed Lost,72394.1015625,0.0
OPP-005050,ACC-000058,PROD-0029,830,Cross-sell,2023-07-27 12:41:15,2023-08-09 22:37:50,Closed Won,12473.490234375,1.0
OPP-005117,ACC-000015,PROD-0047,405,New Business,2023-01-07 08:38:54,2023-03-03 05:24:21,Closed Won,34339.8515625,1.0
OPP-005123,ACC-000062,PROD-0055,575,Upsell,2023-10-30 17:34:15,2023-12-20 05:48:17,Closed Lost,17736.369140625,0.0
OPP-005135,ACC-000028,PROD-0005,783,Cross-sell,2023-10-09 01:41:24,2023-11-18 15:17:38,Closed Lost,66717.0,0.0
OPP-005142,ACC-000042,PROD-0087,355,Renewal,2023-01-27 16:11:52,2023-05-18 02:57:38,Closed Lost,94429.5,0.0
OPP-005152,ACC-000047,PROD-0098,414,Expansion,2023-02-07 05:42:25,2023-02-13 06:27:20,Closed Lost,36359.140625,0.0
OPP-005164,ACC-000047,PROD-0096,51,Cross-sell,2022-11-22 05:04:00,2023-03-27 12:30:36,Closed Won,27578.3203125,1.0
OPP-005177,ACC-000025,PROD-0083,442,Cross-sell,2023-02-06 18:09:57,2023-02-28 03:30:50,Closed Lost,34327.75,0.0
OPP-005185,ACC-000018,PROD-0054,933,New Business,2022-10-17 18:43:28,2023-02-10 02:51:26,Closed Lost,87693.546875,0.0
OPP-005190,ACC-000053,PROD-0043,34,Cross-sell,2023-09-28 06:47:29,2023-12-06 00:47:03,Closed Lost,19073.83984375,0.0
OPP-005200,ACC-000041,PROD-0099,714,Cross-sell,2022-11-04 13:29:36,2023-03-31 13:28:30,Closed Won,77614.046875,1.0
OPP-005203,ACC-000012,PROD-0029,82,New Business,2022-12-16 18:42:24,2023-05-23 07:20:06,Closed Lost,87371.171875,0.0
OPP-005220,ACC-000027,PROD-0053,795,Cross-sell,2023-02-07 00:26:28,2023-05-29 05:27:57,Closed Lost,54013.359375,0.0
OPP-005239,ACC-000011,PROD-0057,822,New Business,2023-04-24 01:58:01,2023-08-04 04:06:50,Closed Won,26355.900390625,1.0
OPP-005243,ACC-000004,PROD-0073,310,Cross-sell,2022-10-15 15:56:27,2023-02-17 02:12:56,Closed Lost,44742.48828125,0.0
OPP-005249,ACC-000031,PROD-0078,805,Cross-sell,2022-10-27 09:24:21,2023-04-10 12:32:09,Closed Lost,41033.23828125,0.0
OPP-005259,ACC-000028,PROD-0011,872,Expansion,2022-09-15 15:01:17,2023-01-02 05:35:35,Closed Won,4515.39013671875,1.0
OPP-005295,ACC-000046,PROD-0094,765,Renewal,2023-05-26 12:41:21,2023-06-29 06:06:24,Closed Lost,78982.9296875,0.0
OPP-005341,ACC-000024,PROD-0047,103,Cross-sell,2023-06-13 16:57:55,2023-08-17 12:07:39,Closed Won,3328.570068359375,1.0
OPP-005345,ACC-000005,PROD-0100,634,New Business,2022-12-23 20:17:55,2023-06-15 16:54:50,Closed Lost,27215.220703125,0.0
OPP-005347,ACC-000024,PROD-0073,143,Renewal,2023-03-15 03:54:49,2023-05-24 00:09:14,Closed Won,8326.1298828125,1.0
OPP-005350,ACC-000041,PROD-0056,445,New Business,2023-04-28 19:15:33,2023-08-03 08:21:37,Closed Lost,69948.671875,0.0
OPP-005355,ACC-000033,PROD-0074,920,New Business,2023-03-28 14:26:42,2023-04-22 15:35:36,Closed Won,48652.05859375,1.0
OPP-005401,ACC-000042,PROD-0063,889,Upsell,2023-07-28 07:29:57,2023-11-13 03:15:40,Closed Lost,66635.109375,0.0
OPP-005419,ACC-000061,PROD-0024,641,Expansion,2022-12-15 03:28:22,2023-03-23 05:38:45,Closed Won,75536.15625,1.0
OPP-005431,ACC-000046,PROD-0083,647,Renewal,2023-05-04 06:40:10,2023-08-06 12:31:51,Closed Won,21018.2890625,1.0
OPP-005453,ACC-000020,PROD-0033,568,Expansion,2023-04-26 05:56:00,2023-06-04 18:36:08,Closed Won,69140.203125,1.0
OPP-005459,ACC-000027,PROD-0018,194,New Business,2023-08-17 22:05:44,2023-12-15 14:01:48,Closed Won,28062.05078125,1.0
OPP-005485,ACC-000060,PROD-0091,896,New Business,2023-07-12 23:25:20,2023-07-25 21:19:57,Closed Won,47870.6484375,1.0
OPP-005496,ACC-000037,PROD-0064,631,New Business,2022-11-07 10:15:40,2023-05-01 05:45:30,Closed Won,56074.83984375,1.0
OPP-005504,ACC-000038,PROD-0099,418,New Business,2023-07-01 21:19:58,2023-08-26 06:58:11,Closed Lost,42568.12890625,0.0
OPP-005507,ACC-000019,PROD-0061,315,Expansion,2023-04-28 23:07:33,2023-06-04 20:32:33,Closed Won,79148.640625,1.0
OPP-005509,ACC-000051,PROD-0074,835,Renewal,2023-07-31 18:12:41,2023-10-11 08:37:22,Closed Lost,64358.9296875,0.0
OPP-005510,ACC-000009,PROD-0089,791,Expansion,2022-11-29 20:40:14,2023-01-28 23:04:32,Closed Lost,89493.0625,0.0
OPP-005518,ACC-000014,PROD-0071,931,Upsell,2022-11-25 02:11:50,2023-02-04 02:34:09,Closed Lost,44145.390625,0.0
OPP-005525,ACC-000023,PROD-0046,279,New Business,2023-01-26 19:41:36,2023-03-15 02:01:44,Closed Lost,76010.0703125,0.0
OPP-005530,ACC-000033,PROD-0100,348,Cross-sell,2023-02-15 04:07:36,2023-03-05 02:39:12,Closed Won,94077.8671875,1.0
OPP-005550,ACC-000027,PROD-0070,327,Expansion,2022-12-13 05:53:30,2023-02-10 18:52:24,Closed Won,46022.76953125,1.0
OPP-005552,ACC-000056,PROD-0039,10,Upsell,2023-07-05 05:07:51,2023-11-30 23:35:31,Closed Lost,12004.009765625,0.0
OPP-005567,ACC-000009,PROD-0090,274,Upsell,2022-12-20 03:29:06,2023-06-12 22:04:55,Closed Lost,35338.0703125,0.0
OPP-005568,ACC-000042,PROD-0075,945,Renewal,2023-01-18 03:38:46,2023-04-16 05:43:29,Closed Won,52315.1796875,1.0
OPP-005594,ACC-000054,PROD-0025,709,Renewal,2023-05-09 14:02:35,2023-10-03 08:41:17,Closed Won,36720.7890625,1.0
OPP-005596,ACC-000056,PROD-0087,54,Renewal,2023-02-15 07:53:40,2023-06-05 13:19:40,Closed Lost,47109.0390625,0.0
OPP-005612,ACC-000044,PROD-0048,388,Cross-sell,2023-09-03 04:08:14,2023-12-01 14:38:45,Closed Won,78869.0390625,1.0
OPP-005616,ACC-000043,PROD-0020,358,Cross-sell,2023-09-22 05:52:36,2023-11-12 12:08:00,Closed Won,2146.760009765625,1.0
OPP-005617,ACC-000040,PROD-0004,297,Renewal,2022-10-12 21:40:47,2023-03-28 10:30:05,Closed Won,57815.7109375,1.0
OPP-005619,ACC-000003,PROD-0097,446,Renewal,2022-10-01 22:58:04,2023-02-17 11:40:26,Closed Lost,7669.8701171875,0.0
OPP-005682,ACC-000050,PROD-0047,701,Cross-sell,2022-11-14 07:07:51,2023-01-06 11:47:57,Closed Won,45573.73828125,1.0
OPP-005687,ACC-000025,PROD-0004,455,Expansion,2023-03-04 21:40:24,2023-04-05 03:00:54,Closed Lost,28094.279296875,0.0
OPP-005692,ACC-000037,PROD-0059,345,Expansion,2023-01-22 05:37:28,2023-02-21 00:54:42,Closed Won,81500.34375,1.0
OPP-005713,ACC-000041,PROD-0050,211,Renewal,2023-03-02 22:28:14,2023-07-15 09:49:55,Closed Won,12869.98046875,1.0
OPP-005719,ACC-000010,PROD-0079,172,Renewal,2023-04-21 22:53:16,2023-06-09 13:51:12,Closed Won,61425.890625,1.0
OPP-005732,ACC-000050,PROD-0034,148,Expansion,2023-02-15 01:56:03,2023-02-20 02:28:38,Closed Won,36172.78125,1.0
OPP-005751,ACC-000049,PROD-0005,906,Cross-sell,2022-12-06 05:49:09,2023-05-21 19:47:00,Closed Lost,29642.650390625,0.0
OPP-005761,ACC-000060,PROD-0076,262,Upsell,2023-07-12 12:43:39,2023-08-12 12:48:42,Closed Won,88735.1875,1.0
OPP-005791,ACC-000044,PROD-0016,258,New Business,2023-02-16 06:01:03,2023-06-30 14:34:49,Closed Won,22561.23046875,1.0
OPP-005812,ACC-000048,PROD-0020,402,Cross-sell,2022-11-30 17:37:13,2023-03-28 04:00:44,Closed Lost,35079.5390625,0.0
OPP-005819,ACC-000039,PROD-0008,493,Expansion,2022-10-10 00:50:27,2023-02-09 08:25:31,Closed Won,56080.1796875,1.0
OPP-005843,ACC-000007,PROD-0088,44,Renewal,2023-05-23 11:44:24,2023-10-11 13:26:39,Closed Lost,23181.26953125,0.0
OPP-005860,ACC-000062,PROD-0022,895,Renewal,2023-08-05 07:04:54,2023-10-27 14:16:56,Closed Lost,93483.3515625,0.0
OPP-005875,ACC-000033,PROD-0037,345,Upsell,2023-08-02 19:14:25,2023-11-15 04:45:03,Closed Won,12033.6904296875,1.0
OPP-005922,ACC-000004,PROD-0029,635,Renewal,2023-04-19 08:01:06,2023-07-01 12:11:32,Closed Lost,13028.3095703125,0.0
OPP-005932,ACC-000035,PROD-0028,932,Cross-sell,2023-01-16 23:01:13,2023-02-14 09:25:16,Closed Won,8785.7802734375,1.0
OPP-005944,ACC-000040,PROD-0067,871,New Business,2023-06-28 07:49:39,2023-11-20 17:03:31,Closed Lost,33362.26953125,0.0
OPP-005950,ACC-000005,PROD-0039,1,New Business,2023-03-29 20:23:56,2023-08-18 03:45:37,Closed Lost,79603.53125,0.0
OPP-005952,ACC-000057,PROD-0047,166,Renewal,2023-05-19 06:15:56,2023-10-18 23:50:20,Closed Lost,29950.0390625,0.0
OPP-005974,ACC-000023,PROD-0035,177,Renewal,2022-10-16 23:30:06,2023-03-04 17:19:31,Closed Lost,1227.8499755859375,0.0
OPP-005981,ACC-000056,PROD-0037,72,Upsell,2023-02-05 02:11:46,2023-03-02 09:21:35,Closed Lost,38065.87890625,0.0
OPP-005983,ACC-000003,PROD-0045,474,Expansion,2023-03-12 13:48:47,2023-07-11 18:45:57,Closed Won,56971.33984375,1.0
OPP-005995,ACC-000019,PROD-0074,139,New Business,2022-10-28 02:17:08,2023-03-04 20:05:16,Closed Won,69833.7265625,1.0
OPP-005997,ACC-000058,PROD-0014,896,Expansion,2023-03-19 20:56:48,2023-08-28 12:13:41,Closed Lost,65329.640625,0.0
OPP-005998,ACC-000003,PROD-0095,274,Expansion,2023-02-09 14:40:51,2023-03-14 14:49:04,Closed Lost,98546.9375,0.0
OPP-006007,ACC-000027,PROD-0041,914,Renewal,2023-01-13 00:13:32,2023-05-11 03:17:43,Closed Won,67724.203125,1.0
OPP-006030,ACC-000034,PROD-0093,896,Expansion,2023-11-22 22:52:49,2023-12-02 16:00:38,Closed Won,66636.671875,1.0
OPP-006033,ACC-000062,PROD-0027,172,Upsell,2023-07-20 03:21:39,2023-07-30 00:14:52,Closed Lost,57876.671875,0.0
OPP-006042,ACC-000016,PROD-0066,419,Upsell,2023-03-09 01:19:45,2023-06-15 04:30:18,Closed Lost,65761.9375,0.0
OPP-006090,ACC-000006,PROD-0036,181,Upsell,2023-01-09 07:17:46,2023-05-11 08:52:49,Closed Won,42388.16015625,1.0
OPP-006115,ACC-000029,PROD-0081,443,Expansion,2023-08-12 14:31:34,2023-08-31 21:07:44,Closed Lost,90420.9609375,0.0
OPP-006122,ACC-000011,PROD-0097,575,New Business,2023-01-13 23:35:18,2023-03-24 14:24:17,Closed Won,97593.171875,1.0
OPP-006139,ACC-000033,PROD-0021,951,Expansion,2023-01-14 04:57:04,2023-07-01 00:11:47,Closed Won,17685.369140625,1.0
OPP-006142,ACC-000036,PROD-0070,154,New Business,2023-03-25 23:35:34,2023-09-09 09:30:24,Closed Won,34580.0703125,1.0
OPP-006146,ACC-000026,PROD-0047,949,Cross-sell,2023-01-19 06:29:55,2023-04-29 18:49:30,Closed Lost,15409.9599609375,0.0
OPP-006149,ACC-000045,PROD-0075,587,Expansion,2023-01-30 01:38:40,2023-02-16 06:44:18,Closed Won,61507.46875,1.0
OPP-006152,ACC-000038,PROD-0055,818,Expansion,2023-08-23 12:37:47,2023-11-19 22:12:42,Closed Lost,97068.703125,0.0
OPP-006170,ACC-000053,PROD-0022,336,Upsell,2023-02-21 15:43:52,2023-08-11 09:36:24,Closed Lost,29866.4296875,0.0
OPP-006176,ACC-000026,PROD-0081,473,Expansion,2023-06-26 08:15:12,2023-10-30 02:26:52,Closed Won,93302.2421875,1.0
OPP-006187,ACC-000061,PROD-0020,143,Expansion,2023-05-02 09:24:14,2023-06-11 03:00:22,Closed Lost,86548.2734375,0.0
OPP-006194,ACC-000058,PROD-0010,357,Upsell,2023-07-24 00:07:16,2023-09-04 07:04:22,Closed Won,35459.01953125,1.0
OPP-006197,ACC-000053,PROD-0052,250,New Business,2023-07-08 08:28:39,2023-07-31 13:16:38,Closed Won,75956.6796875,1.0
OPP-006206,ACC-000056,PROD-0019,189,Upsell,2023-11-28 06:00:19,2023-12-05 07:58:55,Closed Lost,92365.046875,0.0
OPP-006211,ACC-000034,PROD-0017,450,Renewal,2023-01-11 03:09:20,2023-06-14 10:46:04,Closed Won,78394.3515625,1.0
OPP-006220,ACC-000035,PROD-0027,833,Upsell,2023-04-16 13:20:32,2023-06-08 22:55:32,Closed Won,56612.8984375,1.0
OPP-006233,ACC-000003,PROD-0002,981,Cross-sell,2023-04-11 14:05:38,2023-07-23 11:44:10,Closed Lost,53307.19921875,0.0
OPP-006246,ACC-000022,PROD-0075,969,Cross-sell,2022-12-23 03:41:29,2023-03-15 12:50:38,Closed Lost,64038.19140625,0.0
OPP-006247,ACC-000056,PROD-0067,529,Upsell,2023-07-16 18:01:11,2023-10-18 02:00:27,Closed Won,34574.23046875,1.0
OPP-006298,ACC-000035,PROD-0022,652,Upsell,2023-04-12 07:01:46,2023-08-26 12:42:12,Closed Won,71046.8125,1.0
OPP-006302,ACC-000008,PROD-0095,817,Cross-sell,2023-02-05 02:03:29,2023-03-20 01:19:50,Closed Lost,73614.453125,0.0
OPP-006303,ACC-000039,PROD-0083,903,Upsell,2022-12-21 07:17:56,2023-02-01 00:51:56,Closed Won,68882.5234375,1.0
OPP-006305,ACC-000006,PROD-0043,630,Cross-sell,2023-12-11 15:44:58,2023-12-15 10:43:23,Closed Lost,12288.580078125,0.0
OPP-006306,ACC-000007,PROD-0059,680,Cross-sell,2023-01-24 17:53:18,2023-07-02 18:22:29,Closed Won,28085.5703125,1.0
OPP-006316,ACC-000036,PROD-0088,58,New Business,2023-04-02 18:46:14,2023-06-22 11:18:42,Closed Lost,18037.630859375,0.0
OPP-006326,ACC-000058,PROD-0077,861,New Business,2023-06-11 07:54:40,2023-09-03 12:19:24,Closed Won,49902.3984375,1.0
OPP-006333,ACC-000042,PROD-0069,755,Expansion,2022-09-14 08:20:25,2023-02-26 10:45:09,Closed Won,99682.796875,1.0
OPP-006336,ACC-000038,PROD-0037,484,Cross-sell,2023-05-09 04:40:30,2023-09-10 07:49:44,Closed Won,97273.3125,1.0
OPP-006337,ACC-000019,PROD-0067,851,Renewal,2022-09-11 13:59:35,2023-01-26 21:58:54,Closed Lost,10441.7197265625,0.0
OPP-006382,ACC-000050,PROD-0069,911,Renewal,2023-01-31 13:27:43,2023-07-03 10:45:35,Closed Won,61261.2109375,1.0
OPP-006387,ACC-000027,PROD-0088,504,Upsell,2022-10-19 02:18:28,2023-03-31 21:55:38,Closed Won,65192.03125,1.0
OPP-006418,ACC-000047,PROD-0025,76,New Business,2023-04-26 03:49:39,2023-05-22 04:24:26,Closed Won,84857.890625,1.0
OPP-006427,ACC-000009,PROD-0089,467,Cross-sell,2023-05-09 01:14:31,2023-06-23 21:38:16,Closed Lost,7042.6298828125,0.0
OPP-006453,ACC-000027,PROD-0077,274,Cross-sell,2023-02-12 14:48:54,2023-02-18 12:40:27,Closed Won,91588.3828125,1.0
OPP-006457,ACC-000024,PROD-0023,919,Expansion,2023-06-03 09:07:27,2023-10-05 13:56:12,Closed Lost,4700.58984375,0.0
OPP-006491,ACC-000003,PROD-0004,814,Expansion,2022-08-09 13:35:53,2023-01-31 06:45:30,Closed Won,58679.109375,1.0
OPP-006507,ACC-000040,PROD-0070,830,Cross-sell,2023-04-11 21:00:03,2023-06-24 17:48:46,Closed Lost,8483.169921875,0.0
OPP-006509,ACC-000008,PROD-0020,521,New Business,2022-10-28 17:01:21,2023-03-01 17:35:16,Closed Lost,96463.0078125,0.0
OPP-006549,ACC-000050,PROD-0069,898,Upsell,2023-07-16 16:08:29,2023-08-25 08:39:20,Closed Won,40259.78125,1.0
OPP-006551,ACC-000001,PROD-0020,847,Cross-sell,2022-12-22 00:44:26,2023-05-09 12:38:57,Closed Won,11486.0400390625,1.0
OPP-006576,ACC-000029,PROD-0079,677,New Business,2023-07-26 09:24:58,2023-10-19 13:32:25,Closed Lost,90120.25,0.0
OPP-006578,ACC-000010,PROD-0099,312,Renewal,2023-04-17 19:48:04,2023-08-12 14:53:57,Closed Won,96176.9609375,1.0
OPP-006580,ACC-000036,PROD-0023,516,Renewal,2022-08-24 14:28:00,2023-01-31 00:47:59,Closed Lost,82354.2265625,0.0
OPP-006585,ACC-000010,PROD-0004,123,Cross-sell,2023-04-26 11:40:36,2023-06-05 06:26:34,Closed Won,15953.83984375,1.0
OPP-006587,ACC-000062,PROD-0033,498,Renewal,2022-12-28 19:22:21,2023-03-12 10:09:16,Closed Won,55653.4296875,1.0
OPP-006596,ACC-000004,PROD-0050,355,New Business,2023-08-31 22:29:33,2023-10-21 01:51:16,Closed Lost,65751.9921875,0.0
OPP-006598,ACC-000060,PROD-0079,396,New Business,2022-09-27 11:12:56,2023-01-23 17:30:36,Closed Lost,15879.08984375,0.0
OPP-006603,ACC-000007,PROD-0067,452,Cross-sell,2023-03-09 07:40:40,2023-03-16 03:12:29,Closed Lost,98267.421875,0.0
OPP-006607,ACC-000041,PROD-0074,257,Renewal,2022-11-11 20:09:16,2023-02-04 05:14:31,Closed Won,88493.15625,1.0
OPP-006609,ACC-000021,PROD-0029,92,Cross-sell,2023-01-05 07:24:40,2023-02-22 22:40:35,Closed Lost,17896.470703125,0.0
OPP-006613,ACC-000013,PROD-0031,240,Cross-sell,2023-01-27 09:33:45,2023-02-25 13:29:46,Closed Won,42919.69921875,1.0
OPP-006617,ACC-000039,PROD-0071,254,Cross-sell,2022-11-05 11:35:34,2023-03-20 03:16:04,Closed Won,10089.9697265625,1.0
OPP-006621,ACC-000043,PROD-0053,175,Upsell,2023-06-21 12:13:37,2023-10-10 16:49:31,Closed Won,54136.44921875,1.0
OPP-006624,ACC-000003,PROD-0035,878,New Business,2023-11-18 01:12:27,2023-12-01 21:53:08,Closed Won,34366.91015625,1.0
OPP-006625,ACC-000013,PROD-0099,90,Upsell,2023-02-17 13:35:56,2023-04-14 15:20:13,Closed Won,94857.828125,1.0
OPP-006628,ACC-000028,PROD-0043,899,New Business,2023-09-25 15:29:40,2023-11-07 20:56:50,Closed Lost,88146.921875,0.0
OPP-006640,ACC-000053,PROD-0063,393,Upsell,2023-05-05 15:22:06,2023-07-07 08:20:44,Closed Won,82005.8203125,1.0
OPP-006647,ACC-000021,PROD-0011,925,Cross-sell,2023-08-12 04:47:04,2023-08-22 06:51:00,Closed Won,58589.859375,1.0
OPP-006654,ACC-000030,PROD-0036,568,Cross-sell,2022-11-18 08:30:11,2023-03-14 03:33:36,Closed Lost,30916.2890625,0.0
OPP-006655,ACC-000003,PROD-0068,680,Expansion,2023-02-13 07:41:30,2023-04-01 05:29:51,Closed Lost,38311.44921875,0.0
OPP-006656,ACC-000047,PROD-0078,797,New Business,2023-12-10 23:59:37,2023-12-16 03:06:46,Closed Won,14002.26953125,1.0
OPP-006673,ACC-000021,PROD-0006,637,Cross-sell,2022-12-04 16:32:05,2023-04-09 21:24:25,Closed Won,13296.8701171875,1.0
OPP-006676,ACC-000056,PROD-0089,926,Cross-sell,2023-06-28 12:37:22,2023-07-17 23:54:47,Closed Won,79471.1796875,1.0
OPP-006685,ACC-000023,PROD-0035,805,Renewal,2022-12-17 18:59:58,2023-03-06 12:44:21,Closed Lost,98702.0234375,0.0
OPP-006692,ACC-000045,PROD-0088,98,Cross-sell,2023-03-01 14:02:26,2023-04-29 12:53:22,Closed Won,11891.0595703125,1.0
OPP-006694,ACC-000047,PROD-0071,859,Cross-sell,2023-06-04 17:45:52,2023-09-09 12:52:47,Closed Lost,17571.109375,0.0
OPP-006723,ACC-000012,PROD-0063,893,Cross-sell,2022-08-05 23:35:15,2023-01-25 12:09:14,Closed Won,79210.15625,1.0
OPP-006752,ACC-000015,PROD-0036,744,Expansion,2023-05-23 14:53:05,2023-10-01 09:05:12,Closed Won,12809.8203125,1.0
OPP-006758,ACC-000054,PROD-0050,130,Renewal,2023-07-11 00:07:55,2023-11-17 09:52:07,Closed Won,67397.828125,1.0
OPP-006789,ACC-000003,PROD-0004,986,Upsell,2022-12-09 10:37:48,2023-01-19 23:03:46,Closed Lost,79336.671875,0.0
OPP-006818,ACC-000040,PROD-0022,951,Expansion,2022-10-18 16:59:26,2023-04-06 14:41:54,Closed Won,53120.87890625,1.0
OPP-006828,ACC-000055,PROD-0077,504,New Business,2023-06-14 11:20:37,2023-07-21 18:57:55,Closed Won,53885.640625,1.0
OPP-006830,ACC-000038,PROD-0057,152,Expansion,2023-07-08 09:15:31,2023-11-14 21:52:07,Closed Won,48229.26953125,1.0
OPP-006833,ACC-000057,PROD-0051,753,Upsell,2022-12-27 07:37:49,2023-02-17 21:19:00,Closed Won,15542.01953125,1.0
OPP-006859,ACC-000055,PROD-0044,602,Expansion,2023-03-16 03:10:43,2023-04-20 10:24:16,Closed Won,20955.830078125,1.0
OPP-006864,ACC-000031,PROD-0099,520,Expansion,2023-09-12 05:13:35,2023-12-06 09:47:14,Closed Lost,74030.34375,0.0
OPP-006892,ACC-000052,PROD-0044,55,Cross-sell,2023-08-06 19:03:59,2023-09-16 17:43:22,Closed Won,31316.099609375,1.0
OPP-006895,ACC-000011,PROD-0100,347,Cross-sell,2022-12-20 14:25:50,2023-04-24 06:35:45,Closed Won,93479.4609375,1.0
OPP-006915,ACC-000056,PROD-0075,881,Upsell,2022-11-26 13:22:35,2023-05-21 07:04:15,Closed Lost,25011.0,0.0
OPP-006916,ACC-000029,PROD-0081,408,New Business,2023-06-05 17:25:24,2023-07-04 06:24:57,Closed Won,85146.296875,1.0
OPP-006919,ACC-000003,PROD-0082,556,Renewal,2023-04-24 07:50:16,2023-06-29 04:38:34,Closed Won,23741.73046875,1.0
OPP-006931,ACC-000011,PROD-0100,75,Expansion,2023-12-21 11:28:01,2023-12-22 16:09:26,Closed Won,53201.8203125,1.0
OPP-006934,ACC-000003,PROD-0090,69,Expansion,2023-07-02 16:21:00,2023-07-24 22:07:32,Closed Won,65723.421875,1.0
OPP-006938,ACC-000018,PROD-0041,252,New Business,2022-09-23 02:15:56,2023-03-05 07:19:14,Closed Lost,48323.890625,0.0
OPP-006940,ACC-000055,PROD-0031,177,Renewal,2023-09-22 13:11:00,2023-12-30 06:00:57,Closed Lost,12677.2998046875,0.0
OPP-006949,ACC-000019,PROD-0008,254,Upsell,2023-07-30 18:55:42,2023-12-21 11:24:52,Closed Won,62353.2109375,1.0
OPP-006954,ACC-000026,PROD-0057,189,Cross-sell,2023-07-24 07:30:51,2023-09-12 13:04:53,Closed Won,51158.1796875,1.0
OPP-006962,ACC-000011,PROD-0007,23,New Business,2022-11-29 00:24:56,2023-05-22 02:30:43,Closed Lost,32314.140625,0.0
OPP-006976,ACC-000061,PROD-0073,471,Renewal,2023-03-27 23:31:40,2023-09-11 06:00:51,Closed Lost,64042.58984375,0.0
OPP-007000,ACC-000062,PROD-0039,627,Expansion,2023-05-27 11:42:14,2023-11-14 14:35:32,Closed Won,10335.3603515625,1.0
OPP-007017,ACC-000022,PROD-0085,343,Renewal,2022-12-13 19:55:39,2023-05-25 19:26:55,Closed Lost,48885.03125,0.0
OPP-007058,ACC-000048,PROD-0021,830,Upsell,2022-12-24 14:48:39,2023-06-14 05:57:09,Closed Won,81613.0390625,1.0
OPP-007084,ACC-000013,PROD-0045,357,Renewal,2023-02-18 13:49:51,2023-05-12 15:07:06,Closed Won,51901.44140625,1.0
OPP-007096,ACC-000022,PROD-0011,696,Upsell,2022-11-11 12:39:03,2023-04-17 17:20:04,Closed Won,34517.01953125,1.0
OPP-007108,ACC-000008,PROD-0028,373,Cross-sell,2022-10-03 11:08:57,2023-01-22 11:59:59,Closed Won,81194.9765625,1.0
OPP-007121,ACC-000062,PROD-0066,134,Expansion,2022-10-28 04:55:31,2023-02-04 00:52:26,Closed Lost,66070.25,0.0
OPP-007127,ACC-000014,PROD-0056,274,New Business,2023-04-23 22:23:28,2023-07-24 12:41:01,Closed Lost,60498.1484375,0.0
OPP-007128,ACC-000050,PROD-0011,18,Expansion,2023-04-12 19:18:58,2023-07-02 11:15:35,Closed Lost,58752.30078125,0.0
OPP-007197,ACC-000008,PROD-0022,881,Upsell,2022-10-24 12:34:44,2023-03-14 04:01:25,Closed Won,32914.640625,1.0
OPP-007223,ACC-000016,PROD-0083,606,Upsell,2023-07-20 00:05:59,2023-08-25 17:48:23,Closed Won,17319.310546875,1.0
OPP-007228,ACC-000009,PROD-0047,557,Renewal,2022-08-06 21:21:16,2023-01-14 10:41:27,Closed Lost,1470.6600341796875,0.0
OPP-007255,ACC-000013,PROD-0024,964,New Business,2023-02-26 06:19:12,2023-05-13 04:22:30,Closed Lost,52811.48046875,0.0
OPP-007258,ACC-000002,PROD-0002,574,Upsell,2023-06-19 07:32:57,2023-09-09 06:25:39,Closed Lost,8780.2197265625,0.0
OPP-007263,ACC-000003,PROD-0085,525,Renewal,2023-06-08 14:59:29,2023-07-02 22:49:17,Closed Won,57037.55859375,1.0
OPP-007280,ACC-000059,PROD-0055,822,Renewal,2023-01-05 07:31:42,2023-04-13 12:40:20,Closed Won,58344.33984375,1.0
OPP-007296,ACC-000056,PROD-0006,553,Renewal,2022-12-07 15:25:01,2023-03-07 20:45:25,Closed Lost,24213.099609375,0.0
OPP-007310,ACC-000053,PROD-0058,334,Upsell,2023-07-01 09:55:47,2023-10-28 01:21:25,Closed Lost,94855.3671875,0.0
OPP-007339,ACC-000015,PROD-0025,412,Renewal,2023-07-08 15:41:35,2023-09-10 12:03:18,Closed Lost,1182.6199951171875,0.0
OPP-007360,ACC-000042,PROD-0076,278,Expansion,2023-05-15 11:06:09,2023-10-11 16:34:49,Closed Lost,77849.3125,0.0
OPP-007361,ACC-000004,PROD-0048,757,Expansion,2023-01-31 01:28:07,2023-05-29 20:07:07,Closed Won,42645.8203125,1.0
OPP-007369,ACC-000023,PROD-0054,292,New Business,2023-05-27 20:39:45,2023-08-10 04:32:27,Closed Lost,54258.73046875,0.0
OPP-007413,ACC-000061,PROD-0078,829,Expansion,2023-01-03 08:27:36,2023-05-04 10:46:49,Closed Lost,12607.2099609375,0.0
OPP-007419,ACC-000059,PROD-0007,400,Expansion,2023-04-23 16:31:19,2023-08-24 03:25:36,Closed Won,12197.099609375,1.0
OPP-007425,ACC-000050,PROD-0096,427,New Business,2023-09-10 02:05:23,2023-11-07 23:55:41,Closed Won,33348.44921875,1.0
OPP-007457,ACC-000043,PROD-0078,498,Upsell,2023-06-30 05:05:15,2023-12-26 08:26:27,Closed Lost,45020.98828125,0.0
OPP-007477,ACC-000048,PROD-0081,396,Renewal,2023-08-04 06:47:50,2023-08-19 10:35:28,Closed Won,18729.330078125,1.0
OPP-007485,ACC-000015,PROD-0001,401,Upsell,2022-12-17 19:47:10,2023-01-01 13:33:57,Closed Lost,79817.0,0.0
OPP-007486,ACC-000039,PROD-0025,518,Upsell,2023-04-06 04:17:14,2023-08-01 07:51:25,Closed Won,42781.73828125,1.0
OPP-007494,ACC-000051,PROD-0093,952,New Business,2022-08-22 19:00:47,2023-01-11 05:58:26,Closed Won,8179.22021484375,1.0
OPP-007498,ACC-000032,PROD-0094,798,Renewal,2023-08-26 02:35:15,2023-10-09 20:18:19,Closed Won,57987.37109375,1.0
OPP-007500,ACC-000039,PROD-0071,918,Expansion,2022-12-24 16:16:54,2023-03-19 11:17:23,Closed Lost,85091.84375,0.0
OPP-007502,ACC-000054,PROD-0067,686,New Business,2022-10-12 21:59:05,2023-03-14 16:14:01,Closed Lost,8012.08984375,0.0
OPP-007514,ACC-000059,PROD-0050,6,Upsell,2023-02-07 22:21:11,2023-06-21 08:25:46,Closed Lost,23800.939453125,0.0
OPP-007525,ACC-000025,PROD-0034,54,Upsell,2023-04-22 15:14:17,2023-08-08 08:18:10,Closed Won,96698.046875,1.0
OPP-007533,ACC-000049,PROD-0058,901,Renewal,2023-01-20 18:54:06,2023-03-31 02:21:27,Closed Lost,12563.740234375,0.0
OPP-007535,ACC-000052,PROD-0041,544,New Business,2023-05-07 16:33:14,2023-11-02 23:03:49,Closed Lost,7420.009765625,0.0
OPP-007566,ACC-000032,PROD-0052,25,New Business,2023-07-12 05:00:33,2023-11-17 21:34:02,Closed Won,28879.44921875,1.0
OPP-007585,ACC-000034,PROD-0001,582,Cross-sell,2023-01-19 14:00:22,2023-06-21 02:02:26,Closed Lost,24233.41015625,0.0
OPP-007586,ACC-000004,PROD-0030,426,Cross-sell,2023-11-02 03:37:43,2023-12-29 23:37:55,Closed Won,23247.26953125,1.0
OPP-007597,ACC-000062,PROD-0079,497,Renewal,2022-12-19 01:14:06,2023-06-12 21:31:17,Closed Won,33085.7109375,1.0
OPP-007601,ACC-000014,PROD-0078,9,Upsell,2023-07-23 20:51:56,2023-09-17 04:45:10,Closed Won,39667.2109375,1.0
OPP-007639,ACC-000034,PROD-0079,56,Expansion,2023-02-16 03:00:51,2023-05-14 08:17:46,Closed Won,71767.2578125,1.0
OPP-007643,ACC-000036,PROD-0042,103,Cross-sell,2023-02-07 20:03:49,2023-03-16 15:33:17,Closed Lost,63885.55078125,0.0
OPP-007670,ACC-000029,PROD-0014,107,Expansion,2023-05-03 21:15:19,2023-10-19 23:54:24,Closed Lost,33446.53125,0.0
OPP-007680,ACC-000033,PROD-0044,379,Expansion,2023-02-21 11:32:21,2023-07-12 13:01:36,Closed Lost,11241.099609375,0.0
OPP-007685,ACC-000038,PROD-0030,740,Upsell,2023-06-18 14:21:21,2023-09-09 21:34:12,Closed Lost,16464.599609375,0.0
OPP-007703,ACC-000026,PROD-0095,898,Expansion,2023-10-19 18:56:58,2023-12-17 05:35:36,Closed Won,98719.3125,1.0
OPP-007709,ACC-000049,PROD-0007,564,New Business,2023-01-11 10:41:27,2023-03-05 15:08:39,Closed Lost,32601.119140625,0.0
OPP-007723,ACC-000016,PROD-0018,667,Upsell,2023-06-17 09:20:24,2023-06-21 17:48:30,Closed Won,47915.01953125,1.0
OPP-007742,ACC-000056,PROD-0012,927,Cross-sell,2023-05-13 18:30:15,2023-06-18 16:27:04,Closed Lost,49931.4609375,0.0
OPP-007783,ACC-000019,PROD-0018,712,Upsell,2023-05-19 00:15:54,2023-06-10 23:44:02,Closed Lost,2130.39990234375,0.0
OPP-007794,ACC-000028,PROD-0031,785,Expansion,2023-04-22 01:52:53,2023-10-10 03:39:10,Closed Won,39408.109375,1.0
OPP-007800,ACC-000006,PROD-0081,82,Upsell,2022-11-30 22:54:14,2023-02-19 04:57:45,Closed Won,48768.28125,1.0
OPP-007804,ACC-000017,PROD-0092,283,Upsell,2022-09-28 09:11:36,2023-01-28 03:32:01,Closed Won,93070.890625,1.0
OPP-007823,ACC-000018,PROD-0081,301,Renewal,2023-12-20 17:50:48,2023-12-28 01:46:17,Closed Lost,88728.1484375,0.0
OPP-007826,ACC-000051,PROD-0052,939,Expansion,2023-02-10 13:46:52,2023-07-09 15:48:35,Closed Won,58348.921875,1.0
OPP-007849,ACC-000031,PROD-0084,873,Expansion,2023-09-14 21:15:39,2023-12-10 12:33:03,Closed Won,15486.73046875,1.0
OPP-007853,ACC-000009,PROD-0055,694,Renewal,2022-09-26 19:59:43,2023-03-23 17:53:13,Closed Lost,35451.55078125,0.0
OPP-007866,ACC-000006,PROD-0047,650,Renewal,2023-01-11 17:38:11,2023-01-28 05:01:08,Closed Won,48460.94140625,1.0
OPP-007867,ACC-000012,PROD-0047,255,New Business,2022-12-27 08:39:58,2023-04-16 04:35:08,Closed Won,17268.720703125,1.0
OPP-007868,ACC-000021,PROD-0061,399,New Business,2023-08-23 01:28:58,2023-09-07 21:44:11,Closed Won,82457.3125,1.0
OPP-007883,ACC-000004,PROD-0092,685,Upsell,2023-10-11 17:30:08,2023-11-29 07:01:25,Closed Lost,44789.30078125,0.0
OPP-007890,ACC-000043,PROD-0011,657,Upsell,2022-08-06 21:37:53,2023-01-09 10:35:20,Closed Lost,27443.779296875,0.0
OPP-007892,ACC-000009,PROD-0041,208,Cross-sell,2022-12-11 04:26:55,2023-02-11 03:04:09,Closed Lost,62534.25,0.0
OPP-007897,ACC-000043,PROD-0036,8,Upsell,2023-08-22 02:27:37,2023-09-20 22:02:51,Closed Lost,60115.12109375,0.0
OPP-007905,ACC-000036,PROD-0030,851,Expansion,2023-06-03 22:39:13,2023-06-07 22:56:45,Closed Lost,85109.15625,0.0
OPP-007908,ACC-000051,PROD-0034,804,Upsell,2022-08-11 17:06:08,2023-01-08 08:38:07,Closed Lost,79581.5703125,0.0
OPP-007924,ACC-000028,PROD-0098,352,Expansion,2022-12-31 01:31:01,2023-01-25 19:29:27,Closed Lost,43568.98828125,0.0
OPP-007925,ACC-000008,PROD-0020,477,Upsell,2023-03-15 13:12:45,2023-07-29 21:08:08,Closed Lost,53465.30078125,0.0
OPP-007940,ACC-000008,PROD-0018,275,Renewal,2022-12-31 23:30:30,2023-03-30 03:30:44,Closed Lost,86410.46875,0.0
OPP-007942,ACC-000020,PROD-0094,19,Cross-sell,2023-03-25 17:41:00,2023-07-27 05:34:24,Closed Lost,77067.640625,0.0
OPP-007963,ACC-000043,PROD-0010,936,New Business,2023-06-03 02:26:48,2023-08-16 18:27:37,Closed Won,81020.3671875,1.0
OPP-007965,ACC-000025,PROD-0035,611,Cross-sell,2023-05-10 21:26:20,2023-06-15 05:01:27,Closed Lost,75770.0234375,0.0
OPP-007972,ACC-000034,PROD-0047,275,Expansion,2022-10-03 11:41:08,2023-01-08 06:35:59,Closed Won,42966.5390625,1.0
OPP-007980,ACC-000014,PROD-0014,859,Upsell,2023-04-22 09:52:03,2023-06-17 19:15:44,Closed Won,65056.640625,1.0
OPP-007981,ACC-000016,PROD-0097,892,Cross-sell,2022-11-12 00:35:16,2023-01-26 14:28:23,Closed Lost,34340.33984375,0.0
OPP-007982,ACC-000014,PROD-0038,828,Cross-sell,2022-11-05 11:11:19,2023-04-02 12:27:48,Closed Won,57432.87109375,1.0
OPP-007994,ACC-000046,PROD-0079,625,Upsell,2022-12-20 03:42:43,2023-02-14 10:56:02,Closed Lost,74025.90625,0.0
OPP-008030,ACC-000004,PROD-0008,865,Upsell,2023-04-22 02:53:48,2023-09-12 06:40:50,Closed Lost,3331.68994140625,0.0
OPP-008032,ACC-000038,PROD-0064,538,Upsell,2023-09-15 18:03:39,2023-10-11 06:05:46,Closed Won,3540.969970703125,1.0
OPP-008034,ACC-000034,PROD-0002,624,Cross-sell,2023-06-03 14:27:36,2023-07-31 20:59:14,Closed Lost,89199.3515625,0.0
OPP-008040,ACC-000021,PROD-0058,597,Renewal,2023-05-19 22:21:01,2023-11-09 12:49:48,Closed Won,39173.109375,1.0
OPP-008042,ACC-000019,PROD-0010,150,New Business,2023-08-03 19:37:43,2023-09-24 21:33:39,Closed Won,95071.296875,1.0
OPP-008056,ACC-000060,PROD-0047,650,Cross-sell,2023-08-25 06:18:08,2023-10-30 09:05:12,Closed Won,26843.25,1.0
OPP-008058,ACC-000030,PROD-0050,789,Renewal,2023-06-03 00:05:39,2023-10-04 11:00:53,Closed Lost,70507.15625,0.0
OPP-008101,ACC-000012,PROD-0005,256,New Business,2023-05-04 06:18:24,2023-05-18 07:46:00,Closed Lost,85684.0625,0.0
OPP-008115,ACC-000004,PROD-0014,61,New Business,2023-07-20 19:14:45,2023-11-01 19:22:26,Closed Lost,68564.5078125,0.0
OPP-008119,ACC-000013,PROD-0013,656,New Business,2022-10-07 18:17:20,2023-03-21 00:11:48,Closed Won,80721.0625,1.0
OPP-008136,ACC-000061,PROD-0040,462,Expansion,2023-05-24 05:32:36,2023-07-27 10:00:12,Closed Won,57978.26953125,1.0
OPP-008138,ACC-000049,PROD-0012,666,Expansion,2023-04-19 13:51:17,2023-05-13 01:36:40,Closed Lost,19540.869140625,0.0
OPP-008145,ACC-000039,PROD-0012,735,Renewal,2023-03-08 23:34:26,2023-07-24 20:16:03,Closed Won,57066.83984375,1.0
OPP-008173,ACC-000004,PROD-0013,221,Expansion,2023-02-26 13:22:22,2023-08-03 15:43:42,Closed Lost,13711.599609375,0.0
OPP-008174,ACC-000011,PROD-0037,472,Renewal,2023-05-16 02:52:36,2023-08-07 16:26:56,Closed Won,69516.1796875,1.0
OPP-008176,ACC-000055,PROD-0029,323,Expansion,2022-08-07 13:18:22,2023-02-01 17:15:09,Closed Lost,53815.94140625,0.0
OPP-008184,ACC-000055,PROD-0007,479,Upsell,2022-10-20 19:50:22,2023-01-16 17:58:33,Closed Lost,75933.59375,0.0
OPP-008185,ACC-000030,PROD-0092,56,Expansion,2023-03-27 04:36:38,2023-05-10 03:59:24,Closed Lost,28519.080078125,0.0
OPP-008188,ACC-000060,PROD-0066,350,Cross-sell,2023-10-09 05:44:44,2023-11-19 06:42:39,Closed Won,29006.48046875,1.0
OPP-008196,ACC-000014,PROD-0076,41,Expansion,2023-10-15 01:42:46,2023-10-19 22:32:46,Closed Lost,74065.1328125,0.0
OPP-008213,ACC-000057,PROD-0078,942,Cross-sell,2023-01-12 01:42:41,2023-04-27 01:11:41,Closed Lost,67365.25,0.0
OPP-008217,ACC-000027,PROD-0024,679,New Business,2023-10-08 18:01:41,2023-12-25 13:18:50,Closed Won,55167.3203125,1.0
OPP-008220,ACC-000049,PROD-0089,193,Cross-sell,2022-09-22 08:42:08,2023-02-25 22:57:46,Closed Lost,38897.96875,0.0
OPP-008222,ACC-000003,PROD-0091,408,Upsell,2023-01-30 08:59:01,2023-04-05 17:53:43,Closed Won,40463.2890625,1.0
OPP-008232,ACC-000018,PROD-0081,364,Expansion,2023-08-16 14:58:43,2023-11-02 21:30:04,Closed Lost,57882.9609375,0.0
OPP-008234,ACC-000003,PROD-0062,660,Upsell,2023-07-21 20:06:33,2023-07-31 01:10:20,Closed Lost,67992.5703125,0.0
OPP-008260,ACC-000026,PROD-0036,281,Expansion,2023-04-04 20:13:07,2023-04-09 18:08:38,Closed Won,81651.421875,1.0
OPP-008272,ACC-000004,PROD-0066,901,Cross-sell,2023-02-26 03:53:05,2023-04-05 21:18:50,Closed Lost,56459.4296875,0.0
OPP-008277,ACC-000057,PROD-0073,216,Expansion,2022-11-13 11:08:10,2023-02-05 00:29:28,Closed Lost,47320.48046875,0.0
OPP-008292,ACC-000047,PROD-0043,87,Upsell,2023-03-21 18:50:09,2023-07-09 17:16:04,Closed Won,92971.859375,1.0
OPP-008294,ACC-000031,PROD-0004,623,Expansion,2022-09-13 09:47:10,2023-03-09 15:48:54,Closed Lost,33791.359375,0.0
OPP-008296,ACC-000034,PROD-0091,210,Upsell,2023-08-24 12:54:13,2023-10-12 00:53:15,Closed Won,71089.921875,1.0
OPP-008302,ACC-000061,PROD-0092,305,Cross-sell,2023-01-28 14:23:46,2023-06-26 16:50:15,Closed Won,41514.3203125,1.0
OPP-008307,ACC-000013,PROD-0016,995,New Business,2023-12-13 06:38:15,2023-12-19 02:38:31,Closed Won,88100.921875,1.0
OPP-008308,ACC-000038,PROD-0090,351,Expansion,2023-03-07 19:57:32,2023-08-05 14:02:18,Closed Lost,87488.9765625,0.0
OPP-008330,ACC-000050,PROD-0090,185,Cross-sell,2023-07-04 03:38:05,2023-10-14 18:52:54,Closed Won,20635.939453125,1.0
OPP-008343,ACC-000029,PROD-0082,498,Cross-sell,2022-11-09 21:59:30,2023-03-24 16:57:11,Closed Won,62406.01171875,1.0
OPP-008356,ACC-000040,PROD-0093,153,Renewal,2023-08-14 00:12:00,2023-10-14 18:57:39,Closed Won,19984.4296875,1.0
OPP-008361,ACC-000003,PROD-0072,903,Cross-sell,2023-09-05 17:06:39,2023-12-23 10:41:59,Closed Won,73532.6484375,1.0
OPP-008384,ACC-000048,PROD-0079,304,New Business,2023-08-06 19:32:46,2023-09-09 23:10:07,Closed Won,39849.0390625,1.0
OPP-008387,ACC-000004,PROD-0084,759,Renewal,2023-09-21 11:49:40,2023-12-26 02:18:48,Closed Lost,14722.6796875,0.0
OPP-008391,ACC-000028,PROD-0019,45,Cross-sell,2023-04-09 03:23:30,2023-06-26 16:45:25,Closed Won,72590.46875,1.0
OPP-008419,ACC-000024,PROD-0082,634,New Business,2023-06-17 15:09:08,2023-07-29 12:41:57,Closed Won,65220.828125,1.0
OPP-008428,ACC-000045,PROD-0090,115,Cross-sell,2023-07-04 16:53:55,2023-07-07 14:40:07,Closed Won,80041.953125,1.0
OPP-008429,ACC-000057,PROD-0025,163,New Business,2022-11-04 01:59:49,2023-01-24 22:06:33,Closed Lost,12183.669921875,0.0
OPP-008432,ACC-000014,PROD-0070,35,Renewal,2023-06-29 10:59:44,2023-07-13 11:27:42,Closed Lost,13785.58984375,0.0
OPP-008464,ACC-000039,PROD-0032,841,Expansion,2023-03-17 00:39:46,2023-05-06 11:52:51,Closed Won,39584.69921875,1.0
OPP-008476,ACC-000047,PROD-0025,887,Upsell,2023-11-21 04:29:17,2023-12-12 01:20:37,Closed Won,90160.34375,1.0
OPP-008482,ACC-000041,PROD-0011,690,Expansion,2022-11-23 10:59:34,2023-03-16 05:44:34,Closed Lost,35000.91015625,0.0
OPP-008514,ACC-000035,PROD-0065,521,New Business,2022-11-18 16:30:15,2023-01-17 10:31:41,Closed Won,2763.35009765625,1.0
OPP-008524,ACC-000054,PROD-0018,410,Upsell,2023-01-01 00:46:34,2023-03-03 13:41:29,Closed Won,54599.7890625,1.0
OPP-008526,ACC-000010,PROD-0053,129,Upsell,2022-11-02 23:17:55,2023-02-15 00:28:20,Closed Won,58083.37890625,1.0
OPP-008555,ACC-000060,PROD-0022,411,Cross-sell,2023-04-18 08:30:00,2023-05-30 20:47:12,Closed Won,64841.55078125,1.0
OPP-008585,ACC-000048,PROD-0009,365,Expansion,2023-07-12 06:15:30,2023-09-28 14:26:34,Closed Won,36449.421875,1.0
OPP-008595,ACC-000052,PROD-0100,763,Renewal,2023-06-29 22:46:16,2023-10-26 22:08:30,Closed Lost,17041.779296875,0.0
OPP-008597,ACC-000011,PROD-0019,711,Cross-sell,2023-06-04 13:59:53,2023-09-08 18:57:50,Closed Won,59000.0703125,1.0
OPP-008606,ACC-000026,PROD-0014,707,Cross-sell,2023-01-23 14:56:59,2023-01-30 05:20:23,Closed Won,90789.2890625,1.0
OPP-008615,ACC-000002,PROD-0075,379,Renewal,2023-04-11 08:31:42,2023-09-21 07:33:01,Closed Won,42255.7890625,1.0
OPP-008625,ACC-000044,PROD-0082,453,New Business,2023-10-21 18:37:53,2023-12-15 15:46:24,Closed Lost,48815.83984375,0.0
OPP-008647,ACC-000028,PROD-0083,462,Upsell,2023-04-06 09:27:10,2023-09-17 01:29:43,Closed Lost,25712.099609375,0.0
OPP-008663,ACC-000008,PROD-0089,966,Cross-sell,2023-03-26 07:43:52,2023-04-29 21:49:17,Closed Won,70294.328125,1.0
OPP-008695,ACC-000057,PROD-0016,795,Renewal,2023-06-13 16:47:14,2023-06-30 11:33:21,Closed Won,3527.7099609375,1.0
OPP-008716,ACC-000051,PROD-0064,840,New Business,2023-04-02 16:07:31,2023-05-17 13:10:37,Closed Won,59319.44140625,1.0
OPP-008726,ACC-000028,PROD-0001,121,New Business,2023-07-29 13:59:24,2023-10-07 13:07:24,Closed Lost,44968.359375,0.0
OPP-008764,ACC-000028,PROD-0092,739,Expansion,2023-06-25 02:24:31,2023-08-15 18:02:19,Closed Won,40812.66015625,1.0
OPP-008789,ACC-000001,PROD-0014,340,New Business,2023-07-07 05:30:06,2023-09-11 05:22:29,Closed Won,97187.9921875,1.0
OPP-008804,ACC-000010,PROD-0097,177,New Business,2023-06-07 15:15:25,2023-10-01 21:30:56,Closed Lost,17312.529296875,0.0
OPP-008816,ACC-000006,PROD-0017,681,Renewal,2023-07-18 04:46:47,2023-11-27 23:04:44,Closed Won,31249.390625,1.0
OPP-008817,ACC-000009,PROD-0014,358,Renewal,2023-03-13 17:48:02,2023-05-12 00:42:34,Closed Won,95823.078125,1.0
OPP-008827,ACC-000033,PROD-0001,495,Upsell,2023-04-21 04:12:59,2023-09-19 11:39:19,Closed Lost,62836.9609375,0.0
OPP-008830,ACC-000031,PROD-0004,312,Upsell,2023-03-13 02:46:35,2023-07-07 06:42:40,Closed Won,11268.5703125,1.0
OPP-008850,ACC-000011,PROD-0022,485,Cross-sell,2022-12-18 05:21:48,2023-03-18 07:07:23,Closed Won,31053.0,1.0
OPP-008853,ACC-000040,PROD-0046,284,Upsell,2023-06-14 01:41:02,2023-06-15 05:36:48,Closed Won,34227.62890625,1.0
OPP-008870,ACC-000027,PROD-0091,759,Renewal,2023-01-30 23:04:17,2023-02-01 22:06:56,Closed Lost,45408.9296875,0.0
OPP-008874,ACC-000031,PROD-0073,38,Upsell,2023-06-29 22:27:03,2023-10-15 16:50:24,Closed Won,52764.578125,1.0
OPP-008879,ACC-000028,PROD-0020,5,Renewal,2023-07-02 06:34:15,2023-11-10 01:42:44,Closed Won,52368.5,1.0
OPP-008880,ACC-000006,PROD-0045,494,New Business,2023-02-03 02:53:44,2023-07-15 13:15:12,Closed Lost,3116.1201171875,0.0
OPP-008898,ACC-000056,PROD-0064,152,Expansion,2023-04-19 03:40:56,2023-08-14 01:37:08,Closed Won,22229.720703125,1.0
OPP-008911,ACC-000056,PROD-0028,588,New Business,2023-01-12 08:31:21,2023-03-20 08:20:33,Closed Lost,5171.66015625,0.0
OPP-008934,ACC-000062,PROD-0052,568,Expansion,2023-02-19 11:15:23,2023-07-01 14:15:22,Closed Lost,80577.2109375,0.0
OPP-008944,ACC-000052,PROD-0070,665,Upsell,2023-06-20 19:18:12,2023-11-25 08:36:09,Closed Won,6416.56005859375,1.0
OPP-008957,ACC-000047,PROD-0078,311,Upsell,2023-02-15 01:55:27,2023-06-29 08:18:27,Closed Won,88753.5625,1.0
OPP-008977,ACC-000049,PROD-0007,31,Expansion,2023-01-28 17:39:50,2023-06-30 09:24:14,Closed Won,83916.46875,1.0
OPP-008987,ACC-000058,PROD-0070,944,Upsell,2023-02-14 06:35:40,2023-08-03 06:33:10,Closed Lost,73584.03125,0.0
OPP-009000,ACC-000052,PROD-0071,860,Renewal,2023-05-05 03:31:49,2023-05-15 13:45:35,Closed Lost,28785.44921875,0.0
OPP-009001,ACC-000049,PROD-0042,560,Renewal,2023-06-20 13:21:21,2023-08-15 06:14:16,Closed Lost,82105.75,0.0
OPP-009005,ACC-000024,PROD-0025,560,Cross-sell,2023-06-13 13:07:09,2023-08-24 19:56:54,Closed Lost,40106.3984375,0.0
OPP-009012,ACC-000058,PROD-0043,572,Renewal,2022-12-04 19:12:52,2023-04-15 20:55:30,Closed Won,20227.0390625,1.0
OPP-009013,ACC-000001,PROD-0024,481,Expansion,2022-10-01 14:47:39,2023-02-28 12:29:54,Closed Lost,13022.0703125,0.0
OPP-009023,ACC-000060,PROD-0010,767,New Business,2023-05-23 14:31:38,2023-07-26 15:25:28,Closed Won,67935.8125,1.0
OPP-009032,ACC-000024,PROD-0032,914,New Business,2023-03-06 01:40:43,2023-04-24 08:21:47,Closed Lost,53121.73828125,0.0
OPP-009034,ACC-000010,PROD-0090,728,Expansion,2023-10-07 15:25:22,2023-10-27 00:09:46,Closed Won,87815.859375,1.0
OPP-009055,ACC-000061,PROD-0087,569,Cross-sell,2022-11-17 21:49:47,2023-01-30 07:10:54,Closed Lost,86133.5,0.0
OPP-009061,ACC-000046,PROD-0025,577,Expansion,2023-02-11 20:28:38,2023-05-23 09:31:00,Closed Won,6448.72021484375,1.0
OPP-009068,ACC-000008,PROD-0038,369,Cross-sell,2023-04-15 22:47:08,2023-07-03 18:22:02,Closed Won,9948.4501953125,1.0
OPP-009092,ACC-000014,PROD-0051,252,Renewal,2023-07-03 05:24:17,2023-08-15 00:21:09,Closed Won,8075.68017578125,1.0
OPP-009095,ACC-000013,PROD-0072,968,New Business,2023-05-08 08:14:34,2023-07-01 16:50:30,Closed Lost,13356.0498046875,0.0
OPP-009099,ACC-000056,PROD-0037,921,Upsell,2023-08-16 17:21:21,2023-12-26 02:29:28,Closed Won,36440.5703125,1.0
OPP-009130,ACC-000026,PROD-0015,264,Renewal,2023-04-13 04:58:37,2023-08-15 11:13:55,Closed Won,81129.2421875,1.0
OPP-009134,ACC-000026,PROD-0089,700,Upsell,2023-07-07 09:29:22,2023-10-24 16:21:36,Closed Won,50952.1796875,1.0
OPP-009137,ACC-000002,PROD-0024,367,New Business,2022-12-09 16:04:02,2023-02-10 17:42:38,Closed Won,23877.66015625,1.0
OPP-009155,ACC-000048,PROD-0004,780,New Business,2023-07-24 09:11:58,2023-11-11 09:10:01,Closed Won,24081.330078125,1.0
OPP-009156,ACC-000029,PROD-0086,259,Upsell,2022-12-16 23:24:57,2023-01-03 02:39:09,Closed Lost,43374.609375,0.0
OPP-009164,ACC-000029,PROD-0056,593,New Business,2023-06-24 14:55:20,2023-07-01 08:42:11,Closed Won,22490.490234375,1.0
OPP-009168,ACC-000022,PROD-0032,218,Upsell,2022-12-26 19:18:37,2023-04-16 11:53:59,Closed Won,78500.25,1.0
OPP-009169,ACC-000039,PROD-0093,264,Expansion,2023-04-29 22:21:46,2023-07-20 14:14:03,Closed Won,36992.71875,1.0
OPP-009178,ACC-000012,PROD-0058,233,New Business,2023-10-11 16:38:16,2023-11-07 06:23:31,Closed Lost,93711.7734375,0.0
OPP-009184,ACC-000015,PROD-0050,394,Renewal,2023-03-05 08:20:49,2023-04-17 17:43:25,Closed Won,18441.7109375,1.0
OPP-009193,ACC-000020,PROD-0003,353,Upsell,2023-03-13 16:26:10,2023-06-29 11:56:59,Closed Lost,17617.490234375,0.0
OPP-009201,ACC-000006,PROD-0069,873,Expansion,2022-11-06 17:57:15,2023-04-06 08:44:34,Closed Lost,42625.4609375,0.0
OPP-009211,ACC-000057,PROD-0001,457,Renewal,2023-10-03 19:04:51,2023-12-19 22:44:28,Closed Won,64439.03125,1.0
OPP-009214,ACC-000041,PROD-0009,277,Renewal,2023-03-18 02:40:18,2023-06-23 04:45:41,Closed Won,25569.060546875,1.0
OPP-009222,ACC-000004,PROD-0033,109,Expansion,2023-03-12 00:50:11,2023-05-08 00:54:51,Closed Lost,40695.44140625,0.0
OPP-009245,ACC-000011,PROD-0016,629,Expansion,2023-03-25 13:58:31,2023-03-31 00:23:15,Closed Won,73633.7578125,1.0
OPP-009262,ACC-000053,PROD-0066,898,New Business,2023-06-09 16:35:25,2023-08-21 08:33:16,Closed Won,11661.919921875,1.0
OPP-009278,ACC-000013,PROD-0085,314,Upsell,2023-06-11 21:40:55,2023-07-30 11:41:00,Closed Won,28118.439453125,1.0
OPP-009285,ACC-000026,PROD-0078,173,Expansion,2023-08-14 15:05:36,2023-12-18 04:08:14,Closed Won,58088.828125,1.0
OPP-009299,ACC-000004,PROD-0078,118,Renewal,2023-03-21 19:25:55,2023-09-07 04:14:13,Closed Won,73388.7265625,1.0
OPP-009301,ACC-000036,PROD-0081,666,Cross-sell,2023-06-29 00:23:57,2023-12-14 10:23:52,Closed Lost,86058.7578125,0.0
OPP-009320,ACC-000015,PROD-0098,396,Upsell,2023-03-09 11:02:08,2023-08-18 07:13:45,Closed Lost,32708.55078125,0.0
OPP-009328,ACC-000030,PROD-0083,925,Expansion,2023-05-13 03:49:32,2023-08-05 09:11:34,Closed Won,25845.80078125,1.0
OPP-009339,ACC-000056,PROD-0081,377,Expansion,2023-01-18 20:30:57,2023-04-10 00:44:12,Closed Lost,26844.759765625,0.0
OPP-009341,ACC-000059,PROD-0043,684,Expansion,2022-12-08 11:40:55,2023-01-06 01:13:02,Closed Won,72585.40625,1.0
OPP-009359,ACC-000039,PROD-0029,452,Upsell,2022-11-24 05:40:20,2023-04-27 03:06:02,Closed Won,66912.4765625,1.0
OPP-009360,ACC-000043,PROD-0030,487,Expansion,2023-05-29 04:58:08,2023-10-13 01:09:45,Closed Lost,19093.140625,0.0
OPP-009367,ACC-000026,PROD-0058,864,Renewal,2023-09-17 03:04:15,2023-11-13 03:15:14,Closed Lost,51055.94921875,0.0
OPP-009372,ACC-000018,PROD-0055,277,Cross-sell,2023-01-13 01:04:06,2023-06-01 15:37:55,Closed Won,72064.28125,1.0
OPP-009374,ACC-000015,PROD-0034,203,Expansion,2022-10-17 22:56:38,2023-03-06 22:59:04,Closed Won,49572.53125,1.0
OPP-009397,ACC-000010,PROD-0078,165,Cross-sell,2023-09-09 10:05:56,2023-11-28 05:28:19,Closed Won,94134.3828125,1.0
OPP-009408,ACC-000014,PROD-0087,390,Cross-sell,2023-09-19 13:09:43,2023-12-02 05:49:04,Closed Lost,38032.48046875,0.0
OPP-009434,ACC-000023,PROD-0095,484,Cross-sell,2023-06-12 02:29:00,2023-10-01 16:07:00,Closed Won,61526.6796875,1.0
OPP-009448,ACC-000039,PROD-0033,142,New Business,2023-01-14 08:14:25,2023-05-24 07:50:31,Closed Lost,57357.8515625,0.0
OPP-009502,ACC-000054,PROD-0065,413,Renewal,2022-11-05 21:37:45,2023-04-09 07:22:16,Closed Won,26436.890625,1.0
OPP-009515,ACC-000003,PROD-0051,671,Expansion,2023-11-29 23:51:45,2023-12-02 20:36:47,Closed Lost,57935.1015625,0.0
OPP-009535,ACC-000039,PROD-0072,918,Renewal,2022-11-21 02:17:37,2023-02-28 14:27:00,Closed Lost,8989.900390625,0.0
OPP-009540,ACC-000033,PROD-0047,126,New Business,2022-08-12 23:48:54,2023-01-29 09:32:38,Closed Won,61310.33984375,1.0
OPP-009543,ACC-000023,PROD-0081,511,Upsell,2022-12-10 12:26:06,2023-02-02 23:22:18,Closed Lost,39857.0390625,0.0
OPP-009553,ACC-000013,PROD-0002,603,Renewal,2023-07-26 00:02:43,2023-07-28 06:25:04,Closed Won,46106.5,1.0
OPP-009556,ACC-000044,PROD-0005,567,Cross-sell,2023-08-29 03:03:09,2023-11-29 11:46:15,Closed Won,91704.5078125,1.0
OPP-009578,ACC-000049,PROD-0040,316,Cross-sell,2022-11-07 16:47:05,2023-04-06 12:33:47,Closed Lost,12127.759765625,0.0
OPP-009583,ACC-000026,PROD-0054,688,New Business,2022-10-07 16:49:45,2023-02-04 01:25:45,Closed Won,81999.15625,1.0
OPP-009597,ACC-000024,PROD-0092,911,New Business,2023-07-04 13:20:54,2023-11-09 10:50:07,Closed Lost,61026.23828125,0.0
OPP-009604,ACC-000002,PROD-0074,71,Renewal,2023-07-01 18:28:51,2023-12-16 00:50:13,Closed Lost,99628.0390625,0.0
OPP-009620,ACC-000001,PROD-0064,718,Upsell,2023-03-18 06:57:52,2023-03-30 00:42:56,Closed Won,47344.46875,1.0
OPP-009632,ACC-000054,PROD-0037,379,Expansion,2022-09-29 12:33:12,2023-03-11 04:31:32,Closed Lost,98806.0390625,0.0
OPP-009635,ACC-000015,PROD-0064,376,Expansion,2022-11-10 13:00:35,2023-02-02 13:17:47,Closed Won,74130.4921875,1.0
OPP-009644,ACC-000015,PROD-0022,928,Upsell,2023-08-18 20:49:07,2023-11-13 07:50:52,Closed Won,53701.2890625,1.0
OPP-009681,ACC-000058,PROD-0012,382,Expansion,2023-04-02 08:28:03,2023-09-10 10:02:01,Closed Lost,37171.5,0.0
OPP-009687,ACC-000025,PROD-0031,401,Expansion,2023-11-18 08:30:27,2023-12-06 10:38:28,Closed Lost,5884.93994140625,0.0
OPP-009690,ACC-000002,PROD-0073,621,New Business,2022-11-19 20:34:07,2023-03-12 01:41:55,Closed Lost,81119.7421875,0.0
OPP-009696,ACC-000001,PROD-0098,233,Upsell,2022-09-24 06:37:51,2023-02-06 04:15:38,Closed Lost,25578.140625,0.0
OPP-009712,ACC-000036,PROD-0024,149,New Business,2023-06-26 02:12:09,2023-08-10 07:16:43,Closed Won,88036.2109375,1.0
OPP-009713,ACC-000042,PROD-0057,455,New Business,2023-06-14 09:44:08,2023-08-24 17:43:39,Closed Won,50354.4296875,1.0
OPP-009714,ACC-000047,PROD-0078,505,Expansion,2022-11-27 21:19:11,2023-01-06 12:39:28,Closed Won,89906.3828125,1.0
OPP-009723,ACC-000061,PROD-0003,960,Upsell,2023-03-28 16:40:41,2023-06-20 16:11:04,Closed Won,58493.01953125,1.0
OPP-009742,ACC-000059,PROD-0045,81,Upsell,2023-08-01 21:10:17,2023-09-26 18:23:57,Closed Lost,14635.33984375,0.0
OPP-009747,ACC-000012,PROD-0088,659,Renewal,2023-11-23 17:53:39,2023-12-12 15:18:50,Closed Lost,99933.7421875,0.0
OPP-009786,ACC-000004,PROD-0052,880,New Business,2023-02-24 08:01:31,2023-02-28 23:58:24,Closed Won,71997.609375,1.0
OPP-009798,ACC-000060,PROD-0052,871,Expansion,2023-06-09 16:00:34,2023-10-15 14:03:55,Closed Won,5312.52001953125,1.0
OPP-009847,ACC-000045,PROD-0055,488,Renewal,2023-05-10 19:56:26,2023-07-28 08:14:44,Closed Lost,2495.3701171875,0.0
OPP-009867,ACC-000043,PROD-0095,614,New Business,2022-11-02 19:51:21,2023-01-23 10:29:30,Closed Won,2356.02001953125,1.0
OPP-009872,ACC-000059,PROD-0050,219,Expansion,2023-07-11 02:04:33,2023-08-30 15:47:16,Closed Lost,3602.639892578125,0.0
OPP-009875,ACC-000044,PROD-0037,902,Expansion,2023-06-08 10:11:58,2023-06-12 13:26:33,Closed Won,46684.9609375,1.0
OPP-009877,ACC-000043,PROD-0061,595,Expansion,2023-02-08 22:14:30,2023-07-15 22:24:41,Closed Lost,23770.369140625,0.0
OPP-009882,ACC-000039,PROD-0062,995,New Business,2022-12-31 13:11:55,2023-03-12 12:44:56,Closed Won,82725.3125,1.0
OPP-009897,ACC-000061,PROD-0045,172,Renewal,2023-06-30 19:21:28,2023-07-04 21:13:27,Closed Lost,56702.640625,0.0
OPP-009954,ACC-000049,PROD-0070,817,Expansion,2023-02-04 06:40:42,2023-07-03 08:11:47,Closed Lost,86823.4375,0.0
OPP-009965,ACC-000056,PROD-0065,975,Upsell,2023-04-11 20:05:49,2023-04-25 17:11:50,Closed Lost,39757.96875,0.0
OPP-009969,ACC-000009,PROD-0080,336,New Business,2023-04-04 08:54:54,2023-09-18 14:49:06,Closed Won,83101.1171875,1.0
OPP-009985,ACC-000039,PROD-0023,191,New Business,2023-01-17 11:38:26,2023-05-17 15:16:06,Closed Lost,40475.98046875,0.0
OPP-009990,ACC-000054,PROD-0055,125,Cross-sell,2023-08-03 02:42:29,2023-12-27 11:59:27,Closed Lost,27620.529296875,0.0
OPP-009997,ACC-000002,PROD-0009,207,Upsell,2023-09-06 04:24:16,2023-10-02 09:21:06,Closed Won,85368.1484375,1.0
OPP-010005,ACC-000008,PROD-0067,968,Upsell,2022-09-10 02:37:38,2023-03-02 07:57:51,Closed Won,98408.53125,1.0
OPP-010016,ACC-000014,PROD-0017,870,Renewal,2023-06-16 11:53:54,2023-10-25 06:39:53,Closed Won,3484.080078125,1.0
OPP-010025,ACC-000060,PROD-0065,297,Cross-sell,2022-11-20 00:22:04,2023-02-10 23:07:40,Closed Won,65725.859375,1.0
OPP-010057,ACC-000021,PROD-0073,59,Upsell,2023-03-20 17:42:45,2023-06-17 12:40:13,Closed Lost,36019.58984375,0.0
OPP-010062,ACC-000015,PROD-0091,979,Expansion,2023-05-12 21:00:36,2023-06-05 18:05:12,Closed Lost,4989.02001953125,0.0
OPP-010064,ACC-000004,PROD-0073,896,Cross-sell,2022-09-05 10:58:52,2023-01-11 17:38:54,Closed Lost,31046.970703125,0.0
OPP-010068,ACC-000012,PROD-0077,172,Expansion,2022-12-04 11:29:28,2023-05-27 18:58:03,Closed Lost,14631.66015625,0.0
OPP-010071,ACC-000045,PROD-0071,952,Expansion,2022-12-10 06:29:46,2023-05-16 23:20:06,Closed Won,69506.59375,1.0
OPP-010073,ACC-000056,PROD-0041,397,Expansion,2023-07-25 15:38:44,2023-12-23 13:27:45,Closed Won,10818.1103515625,1.0
OPP-010084,ACC-000008,PROD-0032,666,Expansion,2023-01-17 05:39:27,2023-04-11 01:21:33,Closed Lost,29507.4609375,0.0
OPP-010098,ACC-000049,PROD-0060,282,Cross-sell,2023-06-01 14:34:06,2023-08-26 07:14:25,Closed Lost,71187.21875,0.0
OPP-010099,ACC-000015,PROD-0020,404,New Business,2023-11-05 02:11:36,2023-11-22 04:50:55,Closed Won,84994.609375,1.0
OPP-010105,ACC-000021,PROD-0081,628,Cross-sell,2023-08-31 05:38:01,2023-10-09 01:49:51,Closed Won,30677.830078125,1.0
OPP-010114,ACC-000015,PROD-0025,139,Expansion,2022-12-30 09:26:16,2023-04-12 10:47:36,Closed Lost,13099.990234375,0.0
OPP-010123,ACC-000014,PROD-0046,29,Upsell,2023-01-12 22:31:48,2023-04-28 16:34:58,Closed Lost,75671.3671875,0.0
OPP-010176,ACC-000014,PROD-0063,951,Cross-sell,2023-02-26 08:08:55,2023-07-30 00:37:55,Closed Won,47694.359375,1.0
OPP-010179,ACC-000026,PROD-0008,847,Expansion,2023-02-25 23:15:10,2023-06-21 19:27:10,Closed Won,86433.09375,1.0
OPP-010200,ACC-000008,PROD-0042,972,Expansion,2022-10-24 22:38:11,2023-02-04 17:46:34,Closed Lost,24977.2890625,0.0
OPP-010233,ACC-000006,PROD-0050,946,Cross-sell,2023-07-25 13:44:34,2023-12-20 20:25:13,Closed Won,5197.509765625,1.0
OPP-010236,ACC-000044,PROD-0063,632,Cross-sell,2023-09-18 18:35:28,2023-10-09 18:50:22,Closed Lost,73022.140625,0.0
OPP-010241,ACC-000025,PROD-0085,822,Renewal,2023-01-12 18:32:58,2023-03-01 15:03:15,Closed Lost,65587.4296875,0.0
OPP-010247,ACC-000008,PROD-0030,572,Expansion,2023-04-14 14:52:46,2023-04-26 14:53:57,Closed Lost,97797.4765625,0.0
OPP-010251,ACC-000011,PROD-0085,303,Renewal,2022-09-06 20:28:29,2023-02-18 09:59:37,Closed Lost,91799.34375,0.0
OPP-010257,ACC-000028,PROD-0027,835,Renewal,2022-11-21 09:23:15,2023-02-11 21:04:35,Closed Won,25862.25,1.0
OPP-010285,ACC-000018,PROD-0018,683,Upsell,2023-02-12 21:36:52,2023-02-22 01:49:13,Closed Lost,28229.8203125,0.0
OPP-010290,ACC-000040,PROD-0043,107,Expansion,2023-12-09 18:36:14,2023-12-29 04:55:59,Closed Won,41611.76953125,1.0
OPP-010301,ACC-000013,PROD-0025,505,Expansion,2022-12-20 02:10:38,2023-04-25 17:49:41,Closed Won,9115.91015625,1.0
OPP-010308,ACC-000015,PROD-0057,320,Cross-sell,2023-03-09 22:04:17,2023-08-15 19:40:29,Closed Lost,23819.1796875,0.0
OPP-010321,ACC-000016,PROD-0037,915,New Business,2022-09-25 14:35:57,2023-03-24 09:13:51,Closed Lost,1087.6300048828125,0.0
OPP-010322,ACC-000032,PROD-0051,162,New Business,2023-03-30 19:34:03,2023-09-03 12:40:12,Closed Won,35531.8984375,1.0
OPP-010332,ACC-000005,PROD-0002,617,New Business,2022-12-27 23:20:58,2023-02-15 06:22:49,Closed Lost,83574.9765625,0.0
OPP-010356,ACC-000026,PROD-0077,950,Cross-sell,2022-11-29 01:19:31,2023-02-06 08:51:14,Closed Won,87198.53125,1.0
OPP-010370,ACC-000049,PROD-0055,197,Renewal,2023-03-21 08:56:21,2023-05-22 03:16:20,Closed Won,50135.80859375,1.0
OPP-010372,ACC-000002,PROD-0028,575,Renewal,2023-08-09 22:24:57,2023-12-13 02:35:07,Closed Won,31322.66015625,1.0
OPP-010375,ACC-000059,PROD-0011,4,Upsell,2023-02-13 01:41:03,2023-03-25 07:46:02,Closed Lost,59450.51171875,0.0
OPP-010379,ACC-000047,PROD-0022,54,Upsell,2023-07-22 16:16:02,2023-09-29 18:09:11,Closed Lost,6317.85009765625,0.0
OPP-010400,ACC-000056,PROD-0073,673,Upsell,2023-03-08 19:10:18,2023-07-07 21:27:19,Closed Lost,70447.6875,0.0
OPP-010408,ACC-000029,PROD-0067,125,Upsell,2023-03-19 03:41:34,2023-09-01 15:16:25,Closed Lost,74622.3671875,0.0
OPP-010413,ACC-000005,PROD-0081,762,Cross-sell,2022-12-30 04:20:09,2023-03-18 05:21:22,Closed Lost,58503.390625,0.0
OPP-010427,ACC-000040,PROD-0070,387,Upsell,2023-05-17 00:40:07,2023-10-25 10:43:56,Closed Lost,93291.046875,0.0
OPP-010430,ACC-000033,PROD-0075,675,Renewal,2023-10-27 20:10:23,2023-11-27 22:34:49,Closed Won,90263.0625,1.0
OPP-010437,ACC-000056,PROD-0070,784,Expansion,2022-07-14 17:06:16,2023-01-01 15:32:00,Closed Lost,62771.28125,0.0
OPP-010449,ACC-000008,PROD-0033,354,Cross-sell,2023-04-03 12:22:20,2023-07-21 13:01:20,Closed Lost,77440.6796875,0.0
OPP-010452,ACC-000036,PROD-0048,837,New Business,2023-03-31 02:15:56,2023-05-07 05:21:31,Closed Lost,37909.03125,0.0
OPP-010456,ACC-000033,PROD-0085,540,Expansion,2023-03-11 08:31:27,2023-07-12 03:44:41,Closed Won,17929.779296875,1.0
OPP-010488,ACC-000034,PROD-0093,180,Renewal,2023-07-07 14:30:58,2023-10-20 13:28:26,Closed Won,99182.53125,1.0
OPP-010527,ACC-000010,PROD-0046,535,Cross-sell,2023-07-31 00:26:42,2023-10-23 16:15:30,Closed Lost,4420.56005859375,0.0
OPP-010533,ACC-000032,PROD-0064,213,Renewal,2022-10-22 20:51:08,2023-02-05 09:57:28,Closed Lost,25192.580078125,0.0
OPP-010537,ACC-000029,PROD-0071,362,Cross-sell,2022-11-24 00:54:05,2023-01-09 04:43:47,Closed Won,93285.7578125,1.0
OPP-010546,ACC-000062,PROD-0053,228,New Business,2022-10-30 01:35:41,2023-04-16 14:13:36,Closed Lost,26051.8203125,0.0
OPP-010557,ACC-000053,PROD-0053,782,Expansion,2023-04-02 06:00:33,2023-08-23 01:49:41,Closed Lost,21880.669921875,0.0
OPP-010572,ACC-000049,PROD-0056,697,Cross-sell,2023-03-17 11:21:37,2023-07-07 22:24:27,Closed Lost,72716.8671875,0.0
OPP-010576,ACC-000015,PROD-0083,471,Expansion,2023-03-23 17:11:45,2023-06-06 18:08:21,Closed Lost,73562.0625,0.0
OPP-010583,ACC-000004,PROD-0096,44,Cross-sell,2023-01-01 06:56:23,2023-02-05 17:44:04,Closed Lost,72868.3515625,0.0
OPP-010595,ACC-000011,PROD-0017,698,Expansion,2023-05-31 07:21:01,2023-10-25 07:03:50,Closed Won,92854.828125,1.0
OPP-010611,ACC-000007,PROD-0093,460,Renewal,2023-02-16 06:22:47,2023-04-17 17:40:22,Closed Lost,87353.0234375,0.0
OPP-010623,ACC-000039,PROD-0082,612,Upsell,2023-08-11 12:01:18,2023-09-16 19:12:32,Closed Won,33454.80859375,1.0
OPP-010624,ACC-000047,PROD-0075,841,Expansion,2023-10-07 23:57:10,2023-11-20 09:38:55,Closed Won,83143.109375,1.0
OPP-010641,ACC-000032,PROD-0095,735,Expansion,2023-05-21 00:30:00,2023-05-27 21:54:08,Closed Lost,74343.8671875,0.0
OPP-010651,ACC-000054,PROD-0053,666,Expansion,2023-09-12 00:23:39,2023-10-15 12:27:58,Closed Lost,11924.98046875,0.0
OPP-010658,ACC-000016,PROD-0081,137,New Business,2022-12-04 16:47:21,2023-03-03 23:41:28,Closed Won,84023.578125,1.0
OPP-010666,ACC-000052,PROD-0051,715,Renewal,2023-11-06 21:33:53,2023-11-20 14:38:49,Closed Won,22775.830078125,1.0
OPP-010675,ACC-000035,PROD-0025,45,Renewal,2023-03-18 14:33:17,2023-03-27 16:22:47,Closed Lost,40706.96875,0.0
OPP-010676,ACC-000043,PROD-0061,150,New Business,2023-01-06 04:55:09,2023-01-18 14:07:39,Closed Won,22374.220703125,1.0
OPP-010690,ACC-000046,PROD-0030,169,Expansion,2022-11-08 12:48:47,2023-05-05 14:25:17,Closed Lost,72994.21875,0.0
OPP-010706,ACC-000024,PROD-0048,476,Upsell,2023-05-05 12:52:48,2023-07-18 18:08:21,Closed Lost,26947.4609375,0.0
OPP-010708,ACC-000036,PROD-0070,382,Expansion,2023-07-30 11:36:08,2023-08-05 02:40:38,Closed Lost,56869.51171875,0.0
OPP-010711,ACC-000004,PROD-0046,540,Cross-sell,2022-11-10 00:39:29,2023-02-28 00:17:11,Closed Lost,19959.19921875,0.0
OPP-010712,ACC-000015,PROD-0003,93,New Business,2023-07-20 14:27:08,2023-11-16 23:41:19,Closed Lost,23095.529296875,0.0
OPP-010713,ACC-000010,PROD-0008,712,Upsell,2023-02-22 13:33:58,2023-04-23 23:09:07,Closed Lost,2654.7099609375,0.0
OPP-010717,ACC-000008,PROD-0082,262,Renewal,2022-09-17 17:05:41,2023-02-15 09:28:56,Closed Lost,17824.509765625,0.0
OPP-010731,ACC-000031,PROD-0063,66,Renewal,2022-10-28 19:35:01,2023-03-22 08:46:16,Closed Lost,6839.8798828125,0.0
OPP-010783,ACC-000050,PROD-0049,112,New Business,2023-03-14 23:50:12,2023-03-24 16:25:06,Closed Won,9236.6396484375,1.0
OPP-010790,ACC-000017,PROD-0062,472,Upsell,2022-08-03 15:34:27,2023-01-22 21:44:05,Closed Lost,41969.109375,0.0
OPP-010802,ACC-000050,PROD-0074,172,Cross-sell,2023-03-26 05:56:15,2023-08-08 06:52:52,Closed Won,74495.09375,1.0
OPP-010838,ACC-000057,PROD-0052,823,Upsell,2023-03-09 03:52:12,2023-05-04 11:09:56,Closed Lost,14260.6396484375,0.0
OPP-010841,ACC-000004,PROD-0035,409,Upsell,2022-09-13 20:17:38,2023-02-27 23:15:02,Closed Lost,63093.1015625,0.0
OPP-010852,ACC-000028,PROD-0044,947,Upsell,2023-09-11 14:34:40,2023-09-19 12:55:45,Closed Lost,33063.33984375,0.0
OPP-010866,ACC-000031,PROD-0030,653,Cross-sell,2023-05-06 19:04:18,2023-09-04 06:40:28,Closed Lost,45805.21875,0.0
OPP-010867,ACC-000034,PROD-0015,684,Upsell,2023-01-25 17:57:14,2023-04-21 19:41:15,Closed Lost,59532.859375,0.0
OPP-010888,ACC-000057,PROD-0084,492,Cross-sell,2023-06-16 07:39:29,2023-07-26 06:45:05,Closed Won,21246.880859375,1.0
OPP-010893,ACC-000044,PROD-0072,530,Upsell,2023-02-08 22:26:10,2023-03-11 15:55:20,Closed Lost,90930.34375,0.0
OPP-010895,ACC-000044,PROD-0096,744,Expansion,2023-08-22 23:39:42,2023-09-05 08:17:21,Closed Won,20347.5,1.0
OPP-010899,ACC-000015,PROD-0063,804,New Business,2022-12-02 08:33:52,2023-04-10 03:07:25,Closed Won,4947.06982421875,1.0
OPP-010901,ACC-000038,PROD-0023,955,Upsell,2023-05-11 08:02:52,2023-05-17 05:59:57,Closed Won,60845.859375,1.0
OPP-010937,ACC-000045,PROD-0037,626,Expansion,2023-02-20 13:47:33,2023-07-20 20:10:22,Closed Lost,50663.55078125,0.0
OPP-010986,ACC-000009,PROD-0026,802,Upsell,2023-03-28 01:29:07,2023-08-14 01:31:16,Closed Won,12321.16015625,1.0
OPP-010991,ACC-000002,PROD-0027,367,Cross-sell,2023-03-15 09:59:08,2023-04-09 16:38:26,Closed Won,41641.12890625,1.0
OPP-010996,ACC-000003,PROD-0037,589,New Business,2023-04-13 18:59:25,2023-10-03 08:57:58,Closed Lost,95913.9765625,0.0
OPP-010997,ACC-000024,PROD-0046,942,New Business,2023-04-08 11:40:08,2023-07-07 22:08:03,Closed Lost,26022.869140625,0.0
OPP-011020,ACC-000015,PROD-0089,587,Upsell,2023-01-14 02:49:06,2023-07-08 22:46:25,Closed Lost,82077.6015625,0.0
OPP-011021,ACC-000013,PROD-0043,484,Expansion,2023-06-18 09:38:08,2023-10-03 20:27:30,Closed Lost,16772.1796875,0.0
OPP-011025,ACC-000040,PROD-0071,381,Renewal,2023-01-31 19:54:21,2023-06-06 21:09:48,Closed Won,96219.28125,1.0
OPP-011027,ACC-000009,PROD-0034,153,New Business,2023-02-28 19:28:35,2023-03-29 06:07:43,Closed Lost,41079.48828125,0.0
OPP-011028,ACC-000036,PROD-0019,737,Expansion,2023-06-29 01:15:55,2023-07-21 03:36:42,Closed Won,76715.546875,1.0
OPP-011032,ACC-000059,PROD-0086,180,Cross-sell,2022-10-08 02:28:48,2023-04-02 18:34:33,Closed Lost,42546.48828125,0.0
OPP-011047,ACC-000004,PROD-0041,176,Expansion,2023-05-17 17:13:59,2023-05-23 08:18:50,Closed Won,29970.509765625,1.0
OPP-011050,ACC-000011,PROD-0072,455,Cross-sell,2023-02-18 03:45:30,2023-06-09 08:00:03,Closed Lost,99535.1171875,0.0
OPP-011065,ACC-000003,PROD-0008,389,New Business,2023-06-26 11:38:55,2023-08-14 04:41:11,Closed Won,28139.669921875,1.0
OPP-011105,ACC-000050,PROD-0002,130,Upsell,2023-07-06 14:16:06,2023-09-11 08:21:19,Closed Lost,2315.7900390625,0.0
OPP-011140,ACC-000001,PROD-0079,680,Upsell,2023-02-07 21:39:30,2023-05-12 12:04:49,Closed Lost,28160.630859375,0.0
OPP-011148,ACC-000049,PROD-0070,539,New Business,2023-05-14 13:02:01,2023-09-06 02:49:27,Closed Won,59712.609375,1.0
OPP-011165,ACC-000011,PROD-0039,999,Expansion,2023-03-02 00:47:15,2023-08-28 01:13:02,Closed Won,96170.3203125,1.0
OPP-011171,ACC-000061,PROD-0004,326,Upsell,2022-09-25 17:18:24,2023-02-11 20:42:32,Closed Lost,31671.380859375,0.0
OPP-011203,ACC-000053,PROD-0089,381,Expansion,2023-06-10 04:28:10,2023-10-17 05:32:42,Closed Won,30106.599609375,1.0
OPP-011225,ACC-000028,PROD-0085,392,Expansion,2023-02-01 08:02:05,2023-04-08 12:12:24,Closed Won,55231.9296875,1.0
OPP-011233,ACC-000059,PROD-0098,251,Expansion,2022-12-12 01:12:39,2023-01-07 17:57:37,Closed Lost,51309.01953125,0.0
OPP-011247,ACC-000056,PROD-0077,688,Cross-sell,2022-11-05 12:31:00,2023-04-22 19:18:01,Closed Won,12839.91015625,1.0
OPP-011273,ACC-000054,PROD-0086,783,Upsell,2023-06-14 08:13:06,2023-10-15 20:54:18,Closed Won,97550.96875,1.0
OPP-011275,ACC-000022,PROD-0002,691,Upsell,2022-11-24 14:35:55,2023-04-27 06:14:15,Closed Won,87140.8203125,1.0
OPP-011289,ACC-000040,PROD-0036,895,Cross-sell,2023-05-02 03:59:48,2023-10-03 21:05:10,Closed Won,73085.40625,1.0
OPP-011296,ACC-000018,PROD-0031,45,New Business,2022-11-08 07:17:28,2023-03-10 18:06:26,Closed Won,29907.240234375,1.0
OPP-011307,ACC-000028,PROD-0071,850,Renewal,2023-06-27 11:09:45,2023-08-23 09:38:08,Closed Won,86926.25,1.0
OPP-011329,ACC-000040,PROD-0095,456,Renewal,2022-11-09 20:35:32,2023-04-06 17:08:29,Closed Won,58473.4609375,1.0
OPP-011331,ACC-000019,PROD-0005,816,New Business,2023-03-03 16:01:02,2023-07-06 00:42:55,Closed Won,42351.12109375,1.0
OPP-011334,ACC-000053,PROD-0074,777,Cross-sell,2022-10-02 12:14:00,2023-01-28 07:40:40,Closed Won,3462.1201171875,1.0
OPP-011335,ACC-000047,PROD-0060,592,New Business,2023-03-31 00:42:55,2023-07-08 09:53:46,Closed Lost,67234.0,0.0
OPP-011355,ACC-000057,PROD-0093,567,Upsell,2022-12-15 07:18:06,2023-06-09 14:09:29,Closed Lost,58867.44921875,0.0
OPP-011385,ACC-000007,PROD-0092,697,Expansion,2023-07-14 22:09:31,2023-09-25 20:32:59,Closed Won,89686.8515625,1.0
OPP-011386,ACC-000046,PROD-0010,994,Expansion,2023-08-13 19:42:22,2023-10-12 02:57:33,Closed Won,64031.2890625,1.0
OPP-011397,ACC-000058,PROD-0010,310,Cross-sell,2023-06-20 20:07:40,2023-12-09 17:06:24,Closed Won,98727.0625,1.0
OPP-011398,ACC-000050,PROD-0050,946,Upsell,2023-06-15 16:55:25,2023-08-18 16:35:13,Closed Lost,96179.140625,0.0
OPP-011402,ACC-000033,PROD-0018,590,Cross-sell,2023-06-18 18:52:44,2023-12-05 11:13:55,Closed Lost,58007.640625,0.0
OPP-011405,ACC-000058,PROD-0099,859,Cross-sell,2023-06-01 00:05:14,2023-07-01 15:39:00,Closed Lost,77164.9921875,0.0
OPP-011422,ACC-000012,PROD-0100,436,Cross-sell,2023-05-04 08:38:10,2023-10-06 00:42:41,Closed Lost,67366.34375,0.0
OPP-011431,ACC-000032,PROD-0052,871,Cross-sell,2023-07-02 05:54:36,2023-08-01 08:29:37,Closed Lost,78834.421875,0.0
OPP-011459,ACC-000008,PROD-0024,619,New Business,2023-09-12 10:36:14,2023-12-18 09:53:24,Closed Won,9784.83984375,1.0
OPP-011464,ACC-000035,PROD-0023,590,Cross-sell,2022-10-20 01:05:14,2023-02-20 16:07:50,Closed Lost,8639.6904296875,0.0
OPP-011468,ACC-000034,PROD-0012,469,Cross-sell,2022-10-24 02:10:50,2023-03-06 22:07:11,Closed Won,45999.80078125,1.0
OPP-011483,ACC-000018,PROD-0025,456,New Business,2023-05-24 02:00:45,2023-08-04 22:22:37,Closed Lost,5017.580078125,0.0
OPP-011514,ACC-000032,PROD-0042,424,Cross-sell,2023-07-27 13:36:24,2023-11-14 22:45:56,Closed Won,97317.3671875,1.0
OPP-011518,ACC-000053,PROD-0031,249,New Business,2022-10-28 12:21:59,2023-02-05 17:36:53,Closed Won,23687.830078125,1.0
OPP-011532,ACC-000061,PROD-0092,84,Renewal,2023-02-23 18:11:33,2023-07-25 17:17:38,Closed Lost,78121.4609375,0.0
OPP-011544,ACC-000011,PROD-0084,807,Renewal,2023-01-02 20:39:47,2023-06-13 00:40:51,Closed Lost,72980.5078125,0.0
OPP-011546,ACC-000029,PROD-0047,415,Upsell,2023-07-18 04:36:47,2023-11-05 07:09:13,Closed Lost,33821.44140625,0.0
OPP-011585,ACC-000037,PROD-0084,199,New Business,2023-06-20 19:55:44,2023-11-19 11:24:16,Closed Lost,97691.3828125,0.0
OPP-011594,ACC-000012,PROD-0062,879,Cross-sell,2023-05-19 12:26:28,2023-10-14 19:07:41,Closed Won,44407.08984375,1.0
OPP-011599,ACC-000053,PROD-0085,74,Renewal,2023-06-06 20:31:29,2023-07-31 10:32:32,Closed Won,40637.37890625,1.0
OPP-011613,ACC-000006,PROD-0061,560,Expansion,2023-07-09 17:21:45,2023-09-20 08:11:51,Closed Lost,58849.98828125,0.0
OPP-011619,ACC-000058,PROD-0072,545,Expansion,2023-10-31 03:57:16,2023-11-06 02:37:52,Closed Lost,21685.8203125,0.0
OPP-011621,ACC-000060,PROD-0021,459,Expansion,2023-05-04 04:06:03,2023-09-07 16:12:32,Closed Won,98482.6875,1.0
OPP-011625,ACC-000025,PROD-0043,962,Expansion,2022-11-17 22:38:58,2023-03-17 23:49:08,Closed Lost,66904.53125,0.0
OPP-011632,ACC-000034,PROD-0057,756,Expansion,2023-11-28 18:02:59,2023-12-07 09:34:50,Closed Lost,29291.529296875,0.0
OPP-011650,ACC-000050,PROD-0073,267,Upsell,2022-12-14 07:03:44,2023-05-10 02:16:48,Closed Lost,64629.33984375,0.0
OPP-011688,ACC-000010,PROD-0057,16,Cross-sell,2022-11-06 20:01:27,2023-01-09 13:04:53,Closed Lost,46902.9296875,0.0
OPP-011701,ACC-000044,PROD-0068,900,Cross-sell,2023-10-31 00:22:26,2023-11-14 05:05:51,Closed Lost,18694.060546875,0.0
OPP-011741,ACC-000005,PROD-0021,254,Cross-sell,2023-05-31 04:27:10,2023-06-06 18:45:07,Closed Lost,85337.0234375,0.0
OPP-011742,ACC-000044,PROD-0097,400,Renewal,2023-05-21 16:47:32,2023-09-16 20:41:24,Closed Won,64057.66015625,1.0
OPP-011746,ACC-000042,PROD-0027,181,Upsell,2023-03-20 18:58:44,2023-04-30 12:26:15,Closed Won,35303.578125,1.0
OPP-011749,ACC-000053,PROD-0051,526,Upsell,2023-02-20 10:59:19,2023-07-27 16:51:47,Closed Lost,96252.96875,0.0
OPP-011795,ACC-000011,PROD-0023,778,Renewal,2022-09-14 20:04:02,2023-02-17 05:03:01,Closed Won,7728.2900390625,1.0
OPP-011835,ACC-000031,PROD-0093,586,Upsell,2023-06-08 09:13:34,2023-11-28 16:37:57,Closed Won,13185.150390625,1.0
OPP-011850,ACC-000010,PROD-0010,131,New Business,2023-06-05 18:28:36,2023-11-22 16:00:00,Closed Lost,64164.37890625,0.0
OPP-011881,ACC-000010,PROD-0090,86,New Business,2022-09-08 23:22:02,2023-01-27 13:32:53,Closed Won,93623.65625,1.0
OPP-011887,ACC-000057,PROD-0037,742,Cross-sell,2022-08-25 01:13:24,2023-02-11 08:59:54,Closed Lost,61331.66015625,0.0
OPP-011896,ACC-000013,PROD-0022,292,Cross-sell,2023-05-05 20:32:53,2023-08-23 09:25:03,Closed Won,97159.640625,1.0
OPP-011898,ACC-000057,PROD-0096,203,Cross-sell,2023-07-27 11:21:31,2023-12-29 06:10:38,Closed Lost,23038.240234375,0.0
OPP-011903,ACC-000037,PROD-0009,783,Renewal,2023-01-15 01:55:47,2023-02-02 05:58:41,Closed Lost,37218.87109375,0.0
OPP-011905,ACC-000006,PROD-0057,379,Renewal,2023-06-07 08:14:26,2023-11-14 17:02:45,Closed Lost,35453.7109375,0.0
OPP-011912,ACC-000010,PROD-0001,934,New Business,2023-01-26 07:45:45,2023-06-17 08:05:35,Closed Won,72935.15625,1.0
OPP-011917,ACC-000042,PROD-0002,991,Renewal,2022-12-19 06:54:47,2023-03-09 07:40:41,Closed Won,52699.859375,1.0
OPP-011932,ACC-000044,PROD-0098,701,New Business,2023-01-09 07:45:43,2023-04-04 03:40:57,Closed Lost,88611.96875,0.0
OPP-011938,ACC-000027,PROD-0007,818,Expansion,2023-01-06 17:52:00,2023-05-13 01:56:51,Closed Lost,2331.139892578125,0.0
OPP-011954,ACC-000035,PROD-0016,624,Expansion,2022-12-11 07:21:34,2023-03-27 04:55:31,Closed Lost,42776.8203125,0.0
OPP-011967,ACC-000039,PROD-0092,721,Expansion,2023-04-10 10:17:19,2023-09-29 10:45:19,Closed Won,34153.26171875,1.0
OPP-011981,ACC-000019,PROD-0091,699,Cross-sell,2023-07-28 11:40:51,2023-08-21 04:34:25,Closed Lost,39765.9609375,0.0
OPP-011995,ACC-000050,PROD-0082,159,Cross-sell,2023-03-24 09:00:48,2023-08-05 22:23:52,Closed Lost,33587.0703125,0.0
OPP-012052,ACC-000028,PROD-0093,14,Cross-sell,2023-07-31 19:58:05,2023-08-07 22:51:09,Closed Won,57848.3984375,1.0
OPP-012053,ACC-000059,PROD-0062,225,Renewal,2023-08-14 06:53:16,2023-10-16 08:28:48,Closed Lost,4734.02001953125,0.0
OPP-012060,ACC-000039,PROD-0061,770,Expansion,2023-02-14 17:09:44,2023-07-11 22:00:51,Closed Lost,81433.7109375,0.0
OPP-012083,ACC-000009,PROD-0078,492,Expansion,2023-06-04 21:39:32,2023-08-18 15:53:36,Closed Lost,2359.469970703125,0.0
OPP-012085,ACC-000062,PROD-0009,144,Cross-sell,2022-12-04 16:16:03,2023-01-21 13:10:24,Closed Won,28386.75,1.0
OPP-012105,ACC-000033,PROD-0019,694,Expansion,2023-08-24 01:45:26,2023-11-19 08:57:03,Closed Lost,58212.1484375,0.0
OPP-012120,ACC-000012,PROD-0013,683,Renewal,2023-07-31 11:13:36,2023-09-04 05:44:47,Closed Won,5863.990234375,1.0
OPP-012136,ACC-000042,PROD-0063,46,Expansion,2023-07-23 22:20:52,2023-09-11 06:58:14,Closed Lost,56364.76171875,0.0
OPP-012138,ACC-000026,PROD-0024,208,Renewal,2023-02-20 05:27:23,2023-07-21 20:40:02,Closed Won,60072.671875,1.0
OPP-012144,ACC-000021,PROD-0038,502,Cross-sell,2023-02-03 18:51:14,2023-02-13 07:19:28,Closed Won,46594.8515625,1.0
OPP-012151,ACC-000020,PROD-0075,159,Expansion,2023-08-03 23:11:20,2023-09-18 09:09:34,Closed Won,40173.51171875,1.0
OPP-012162,ACC-000008,PROD-0028,821,Expansion,2023-01-19 04:23:15,2023-06-23 10:16:04,Closed Won,49259.0703125,1.0
OPP-012181,ACC-000027,PROD-0088,775,Renewal,2022-08-10 18:42:44,2023-01-29 05:28:05,Closed Won,53817.5,1.0
OPP-012184,ACC-000018,PROD-0016,314,Upsell,2023-07-05 21:03:02,2023-09-22 19:22:11,Closed Won,33262.55859375,1.0
OPP-012187,ACC-000008,PROD-0010,32,Upsell,2022-07-11 10:04:24,2023-01-04 11:12:40,Closed Lost,87893.703125,0.0
OPP-012204,ACC-000028,PROD-0086,543,Expansion,2023-04-01 13:01:14,2023-04-25 00:55:11,Closed Lost,81451.5234375,0.0
OPP-012211,ACC-000009,PROD-0048,896,Expansion,2023-02-25 12:26:40,2023-02-28 16:36:37,Closed Lost,11303.650390625,0.0
OPP-012212,ACC-000005,PROD-0006,603,Cross-sell,2023-01-27 05:37:15,2023-02-08 21:12:47,Closed Won,5427.56005859375,1.0
OPP-012220,ACC-000017,PROD-0092,616,Renewal,2022-10-12 19:13:05,2023-04-02 18:06:28,Closed Won,85341.140625,1.0
OPP-012229,ACC-000029,PROD-0051,729,Renewal,2023-07-12 06:14:21,2023-08-23 20:07:20,Closed Won,20688.169921875,1.0
OPP-012286,ACC-000023,PROD-0021,667,New Business,2023-09-16 07:39:14,2023-11-12 04:05:45,Closed Won,15191.25,1.0
OPP-012293,ACC-000051,PROD-0095,361,Upsell,2023-11-18 02:55:33,2023-12-05 14:19:16,Closed Won,35325.12890625,1.0
OPP-012307,ACC-000040,PROD-0061,330,New Business,2022-10-13 00:54:46,2023-03-25 10:28:02,Closed Lost,61197.53125,0.0
OPP-012331,ACC-000020,PROD-0045,561,Upsell,2023-07-29 06:09:21,2023-10-04 17:54:07,Closed Lost,90807.1484375,0.0
OPP-012339,ACC-000051,PROD-0084,264,Cross-sell,2022-08-23 22:42:23,2023-02-10 19:20:38,Closed Lost,39454.0390625,0.0
OPP-012340,ACC-000056,PROD-0054,2,Upsell,2022-09-20 10:27:08,2023-01-14 20:42:52,Closed Lost,20287.080078125,0.0
OPP-012341,ACC-000053,PROD-0075,638,Cross-sell,2023-09-04 07:03:51,2023-10-19 12:53:09,Closed Lost,34881.62890625,0.0
OPP-012352,ACC-000019,PROD-0004,199,New Business,2022-11-30 23:22:39,2023-03-12 11:54:09,Closed Lost,42062.46875,0.0
OPP-012356,ACC-000054,PROD-0005,789,Cross-sell,2023-04-17 23:55:54,2023-08-27 00:53:17,Closed Lost,77148.4921875,0.0
OPP-012368,ACC-000003,PROD-0022,591,Renewal,2023-01-11 02:56:19,2023-05-30 11:59:36,Closed Won,93846.3984375,1.0
OPP-012373,ACC-000055,PROD-0091,77,Upsell,2023-06-17 08:04:42,2023-10-09 07:13:31,Closed Lost,93539.3828125,0.0
OPP-012374,ACC-000027,PROD-0050,914,Cross-sell,2023-09-14 12:56:06,2023-10-19 05:06:37,Closed Lost,7202.43017578125,0.0
OPP-012412,ACC-000019,PROD-0039,703,New Business,2023-08-06 14:44:22,2023-11-03 22:04:38,Closed Won,85406.671875,1.0
OPP-012422,ACC-000014,PROD-0069,908,Expansion,2023-04-23 23:48:45,2023-08-24 23:01:47,Closed Won,81653.078125,1.0
OPP-012423,ACC-000055,PROD-0024,351,Expansion,2023-07-29 01:50:00,2023-11-22 16:00:03,Closed Won,96611.671875,1.0
OPP-012425,ACC-000048,PROD-0044,308,Renewal,2023-07-08 14:01:15,2023-10-02 11:23:27,Closed Lost,11192.490234375,0.0
OPP-012426,ACC-000025,PROD-0022,200,Cross-sell,2023-02-19 13:50:08,2023-04-22 09:10:58,Closed Won,60164.94140625,1.0
OPP-012447,ACC-000038,PROD-0086,124,Cross-sell,2023-04-17 02:09:00,2023-05-27 21:01:09,Closed Lost,89318.7265625,0.0
OPP-012454,ACC-000054,PROD-0045,32,New Business,2022-12-05 00:35:19,2023-04-06 06:19:01,Closed Lost,7433.509765625,0.0
OPP-012470,ACC-000039,PROD-0019,239,New Business,2022-11-02 13:49:26,2023-03-31 14:38:17,Closed Won,72638.78125,1.0
OPP-012506,ACC-000021,PROD-0057,803,Expansion,2023-05-22 15:58:24,2023-07-04 02:25:57,Closed Won,29960.23046875,1.0
OPP-012512,ACC-000022,PROD-0030,598,New Business,2023-05-17 00:21:07,2023-06-16 05:11:57,Closed Won,42597.8984375,1.0
OPP-012553,ACC-000024,PROD-0070,326,New Business,2022-09-23 03:01:13,2023-03-17 14:06:46,Closed Won,17248.75,1.0
OPP-012555,ACC-000009,PROD-0013,810,Renewal,2023-02-08 00:25:43,2023-06-05 14:39:41,Closed Won,62769.109375,1.0
OPP-012570,ACC-000044,PROD-0063,475,New Business,2022-12-16 19:07:36,2023-02-25 14:36:50,Closed Won,6429.2900390625,1.0
OPP-012578,ACC-000014,PROD-0016,557,Renewal,2023-04-18 10:43:58,2023-05-06 19:39:02,Closed Won,20996.8203125,1.0
OPP-012579,ACC-000034,PROD-0047,131,Renewal,2023-05-08 23:46:44,2023-06-28 11:49:08,Closed Lost,65298.3984375,0.0
OPP-012585,ACC-000041,PROD-0035,361,Cross-sell,2023-07-11 22:38:54,2023-08-12 15:26:21,Closed Lost,44871.16015625,0.0
OPP-012603,ACC-000036,PROD-0032,397,New Business,2023-11-04 08:30:08,2023-11-15 01:49:20,Closed Won,74341.2109375,1.0
OPP-012606,ACC-000061,PROD-0089,9,Cross-sell,2023-09-22 12:36:44,2023-11-12 01:40:32,Closed Won,43758.8203125,1.0
OPP-012628,ACC-000029,PROD-0018,452,Expansion,2022-09-19 08:12:23,2023-01-04 17:47:06,Closed Lost,18002.890625,0.0
OPP-012641,ACC-000053,PROD-0021,664,Renewal,2023-10-06 00:57:06,2023-10-31 03:28:23,Closed Won,33721.1015625,1.0
OPP-012688,ACC-000018,PROD-0042,465,New Business,2023-02-04 21:09:23,2023-03-04 06:30:58,Closed Lost,68102.921875,0.0
OPP-012701,ACC-000005,PROD-0060,268,New Business,2023-06-23 10:35:28,2023-10-28 03:28:33,Closed Won,53912.078125,1.0
OPP-012711,ACC-000025,PROD-0047,372,Renewal,2023-03-23 21:04:38,2023-04-26 06:52:00,Closed Lost,35200.171875,0.0
OPP-012730,ACC-000046,PROD-0032,427,New Business,2023-01-29 23:25:10,2023-02-04 14:41:20,Closed Lost,23593.30078125,0.0
OPP-012732,ACC-000059,PROD-0037,885,Cross-sell,2023-07-25 10:39:59,2023-09-03 00:41:19,Closed Lost,77727.71875,0.0
OPP-012736,ACC-000056,PROD-0044,245,Upsell,2023-05-06 03:44:42,2023-10-04 15:50:33,Closed Lost,41197.609375,0.0
OPP-012739,ACC-000035,PROD-0005,38,Upsell,2023-05-28 12:43:26,2023-11-13 12:50:05,Closed Lost,1172.1400146484375,0.0
OPP-012755,ACC-000029,PROD-0051,324,Cross-sell,2023-07-24 18:02:50,2023-10-11 06:38:12,Closed Won,38050.94140625,1.0
OPP-012759,ACC-000049,PROD-0077,167,Expansion,2023-01-26 18:45:18,2023-07-18 02:57:35,Closed Lost,46990.76953125,0.0
OPP-012768,ACC-000040,PROD-0093,83,Expansion,2023-01-30 14:47:18,2023-02-10 22:20:32,Closed Lost,22880.44921875,0.0
OPP-012770,ACC-000046,PROD-0100,184,Cross-sell,2023-06-21 01:31:08,2023-12-15 15:35:34,Closed Lost,79353.3828125,0.0
OPP-012774,ACC-000051,PROD-0053,444,Upsell,2023-05-02 19:23:36,2023-05-18 23:28:30,Closed Won,66006.6796875,1.0
OPP-012778,ACC-000026,PROD-0079,16,Renewal,2023-09-02 19:24:24,2023-12-19 22:04:49,Closed Won,25455.25,1.0
OPP-012785,ACC-000029,PROD-0097,358,Expansion,2022-12-28 03:13:35,2023-03-03 11:54:23,Closed Lost,64779.76953125,0.0
OPP-012788,ACC-000009,PROD-0042,616,New Business,2023-08-24 17:31:43,2023-09-26 22:53:24,Closed Lost,84557.6484375,0.0
OPP-012798,ACC-000031,PROD-0042,49,Renewal,2023-09-16 01:24:38,2023-11-28 03:38:15,Closed Lost,95718.9609375,0.0
OPP-012800,ACC-000004,PROD-0047,785,Renewal,2023-05-26 01:45:04,2023-08-13 09:47:15,Closed Lost,76819.1484375,0.0
OPP-012804,ACC-000024,PROD-0071,997,New Business,2022-12-19 12:03:29,2023-04-20 05:43:43,Closed Lost,61665.7109375,0.0
OPP-012807,ACC-000042,PROD-0057,900,Expansion,2023-01-21 04:33:10,2023-02-01 01:50:24,Closed Won,5437.10986328125,1.0
OPP-012812,ACC-000060,PROD-0006,681,New Business,2023-05-10 14:23:06,2023-10-05 21:12:58,Closed Lost,34179.66015625,0.0
OPP-012822,ACC-000007,PROD-0020,106,Expansion,2023-08-23 12:49:40,2023-09-06 14:25:05,Closed Lost,62242.21875,0.0
OPP-012826,ACC-000020,PROD-0089,89,Cross-sell,2022-11-23 10:41:23,2023-04-01 17:23:04,Closed Lost,9685.9599609375,0.0
OPP-012853,ACC-000040,PROD-0026,41,Cross-sell,2022-07-29 22:19:52,2023-01-24 19:31:57,Closed Won,39009.609375,1.0
OPP-012887,ACC-000032,PROD-0050,244,Upsell,2022-11-17 19:45:50,2023-03-01 02:24:23,Closed Won,80861.15625,1.0
OPP-012908,ACC-000046,PROD-0041,720,Renewal,2023-03-19 06:22:38,2023-03-30 05:23:23,Closed Lost,55556.390625,0.0
OPP-012916,ACC-000029,PROD-0041,604,Renewal,2023-11-07 18:09:13,2023-12-22 04:19:21,Closed Won,78838.9375,1.0
OPP-012921,ACC-000059,PROD-0024,591,New Business,2023-06-19 21:51:40,2023-12-13 16:16:50,Closed Won,4186.0,1.0
OPP-012927,ACC-000018,PROD-0095,593,Renewal,2023-08-23 08:56:50,2023-11-02 20:37:00,Closed Lost,50587.1015625,0.0
OPP-012928,ACC-000004,PROD-0046,955,Cross-sell,2023-03-31 14:15:01,2023-08-23 18:39:39,Closed Lost,42355.69140625,0.0
OPP-012947,ACC-000024,PROD-0011,228,Renewal,2023-04-30 22:06:32,2023-05-31 20:00:54,Closed Lost,61937.859375,0.0
OPP-012949,ACC-000006,PROD-0019,498,Cross-sell,2023-07-03 14:56:21,2023-07-10 13:31:28,Closed Lost,70356.859375,0.0
OPP-012999,ACC-000013,PROD-0044,817,Upsell,2023-12-04 03:19:56,2023-12-22 03:12:21,Closed Won,28758.060546875,1.0
OPP-013014,ACC-000026,PROD-0055,742,Renewal,2023-07-30 07:40:41,2023-08-21 04:50:37,Closed Won,7727.85009765625,1.0
OPP-013038,ACC-000049,PROD-0070,387,Upsell,2023-03-01 16:30:02,2023-08-15 03:50:14,Closed Won,29022.0703125,1.0
OPP-013046,ACC-000031,PROD-0072,221,Expansion,2023-01-06 20:58:11,2023-04-16 16:30:11,Closed Won,53986.71875,1.0
OPP-013071,ACC-000030,PROD-0025,443,Cross-sell,2023-05-26 22:41:12,2023-06-21 10:24:02,Closed Lost,19771.669921875,0.0
OPP-013077,ACC-000004,PROD-0037,507,Renewal,2022-11-07 14:20:38,2023-03-01 01:56:21,Closed Won,97562.171875,1.0
OPP-013090,ACC-000012,PROD-0025,746,Renewal,2023-07-03 16:57:28,2023-11-09 02:59:09,Closed Won,19938.4296875,1.0
OPP-013103,ACC-000022,PROD-0083,182,Expansion,2023-08-10 14:13:57,2023-11-09 14:19:02,Closed Lost,27308.109375,0.0
OPP-013105,ACC-000041,PROD-0052,173,Upsell,2023-03-08 01:12:59,2023-08-08 05:38:18,Closed Won,89813.6796875,1.0
OPP-013108,ACC-000033,PROD-0100,893,Upsell,2022-11-13 05:39:00,2023-02-09 12:59:41,Closed Won,85559.4296875,1.0
OPP-013146,ACC-000046,PROD-0056,644,Cross-sell,2023-01-29 01:04:03,2023-04-05 12:26:21,Closed Won,67055.7265625,1.0
OPP-013161,ACC-000013,PROD-0047,391,Upsell,2023-10-01 05:57:48,2023-12-17 02:42:41,Closed Won,36989.6796875,1.0
OPP-013189,ACC-000046,PROD-0030,56,Expansion,2023-06-18 15:52:02,2023-12-14 03:54:22,Closed Won,15252.58984375,1.0
OPP-013198,ACC-000011,PROD-0020,760,Renewal,2023-05-27 11:46:42,2023-07-18 21:22:19,Closed Lost,72761.90625,0.0
OPP-013214,ACC-000014,PROD-0100,755,Upsell,2023-05-27 10:58:49,2023-07-13 20:42:27,Closed Lost,7994.22021484375,0.0
OPP-013215,ACC-000035,PROD-0076,556,Upsell,2023-03-07 06:13:22,2023-03-08 16:42:37,Closed Won,78908.78125,1.0
OPP-013240,ACC-000006,PROD-0065,837,New Business,2023-11-03 15:10:28,2023-12-30 11:17:16,Closed Won,18999.609375,1.0
OPP-013250,ACC-000021,PROD-0022,678,Upsell,2022-11-21 07:20:34,2023-03-27 21:50:58,Closed Lost,24249.369140625,0.0
OPP-013263,ACC-000012,PROD-0069,429,Renewal,2023-04-05 03:30:43,2023-05-07 13:50:27,Closed Won,91043.890625,1.0
OPP-013265,ACC-000012,PROD-0058,139,Cross-sell,2023-04-22 00:54:52,2023-06-01 16:03:29,Closed Won,53467.828125,1.0
OPP-013289,ACC-000050,PROD-0001,427,Renewal,2023-05-30 15:05:56,2023-08-05 04:06:07,Closed Won,66109.3203125,1.0
OPP-013296,ACC-000043,PROD-0036,538,Renewal,2023-08-31 00:58:21,2023-09-24 17:59:17,Closed Lost,53790.1015625,0.0
OPP-013305,ACC-000062,PROD-0021,560,Upsell,2023-02-21 02:58:07,2023-07-28 18:00:21,Closed Won,63856.01953125,1.0
OPP-013307,ACC-000016,PROD-0045,125,New Business,2023-10-23 16:09:08,2023-12-12 06:31:21,Closed Lost,99428.8203125,0.0
OPP-013317,ACC-000050,PROD-0087,642,Cross-sell,2022-12-12 00:11:08,2023-01-13 03:25:23,Closed Lost,99047.65625,0.0
OPP-013321,ACC-000024,PROD-0090,361,Upsell,2023-07-12 04:35:55,2023-12-07 05:56:21,Closed Won,41456.33984375,1.0
OPP-013324,ACC-000009,PROD-0012,886,Upsell,2022-12-09 00:35:14,2023-05-24 18:12:52,Closed Won,31066.23046875,1.0
OPP-013325,ACC-000042,PROD-0092,410,New Business,2023-02-23 07:04:20,2023-07-28 05:09:37,Closed Won,7610.9501953125,1.0
OPP-013337,ACC-000048,PROD-0026,522,Upsell,2023-07-19 13:02:57,2023-12-17 17:38:59,Closed Lost,9388.849609375,0.0
OPP-013367,ACC-000023,PROD-0088,916,Expansion,2022-10-31 04:07:28,2023-04-17 13:22:03,Closed Lost,33813.5390625,0.0
OPP-013386,ACC-000062,PROD-0065,607,Renewal,2022-10-26 08:06:03,2023-02-08 15:04:55,Closed Won,97570.4921875,1.0
OPP-013401,ACC-000030,PROD-0041,836,Cross-sell,2022-12-08 15:39:18,2023-05-23 15:42:59,Closed Won,59526.2109375,1.0
OPP-013402,ACC-000044,PROD-0070,190,Expansion,2023-03-30 15:18:51,2023-04-15 02:01:49,Closed Lost,27210.580078125,0.0
OPP-013406,ACC-000027,PROD-0077,824,Expansion,2023-08-11 15:12:59,2023-10-11 12:23:42,Closed Won,4396.14013671875,1.0
OPP-013419,ACC-000009,PROD-0072,981,New Business,2023-01-12 17:54:27,2023-02-04 18:16:10,Closed Lost,73880.6484375,0.0
OPP-013421,ACC-000050,PROD-0061,422,Expansion,2022-08-12 23:48:47,2023-01-10 02:56:48,Closed Won,13640.7900390625,1.0
OPP-013423,ACC-000026,PROD-0059,197,Upsell,2022-11-05 01:15:00,2023-04-27 13:31:59,Closed Lost,30056.6796875,0.0
OPP-013431,ACC-000041,PROD-0049,476,New Business,2022-10-25 10:51:45,2023-04-07 20:23:01,Closed Won,20524.5390625,1.0
OPP-013442,ACC-000058,PROD-0007,290,Renewal,2022-10-03 06:23:11,2023-03-29 06:08:27,Closed Won,92864.9296875,1.0
OPP-013451,ACC-000055,PROD-0028,767,New Business,2022-10-26 01:54:45,2023-04-23 12:00:33,Closed Won,11788.1904296875,1.0
OPP-013453,ACC-000007,PROD-0077,714,Upsell,2023-04-12 06:50:42,2023-05-01 08:06:17,Closed Lost,78175.7109375,0.0
OPP-013456,ACC-000057,PROD-0066,362,Upsell,2022-08-20 12:34:20,2023-01-12 10:19:19,Closed Won,18120.05078125,1.0
OPP-013460,ACC-000057,PROD-0047,967,Cross-sell,2023-12-29 11:18:05,2023-12-31 05:59:12,Closed Lost,47072.98046875,0.0
OPP-013467,ACC-000019,PROD-0041,266,Upsell,2023-03-21 06:05:03,2023-07-05 11:49:17,Closed Lost,98289.78125,0.0
OPP-013515,ACC-000053,PROD-0041,596,Upsell,2023-03-18 23:20:58,2023-07-12 16:32:16,Closed Lost,20249.669921875,0.0
OPP-013551,ACC-000030,PROD-0010,498,Upsell,2023-03-03 17:54:40,2023-03-30 13:33:33,Closed Lost,83432.078125,0.0
OPP-013573,ACC-000050,PROD-0058,787,Cross-sell,2023-03-29 05:38:54,2023-06-11 18:37:59,Closed Lost,30082.6796875,0.0
OPP-013609,ACC-000055,PROD-0025,66,Cross-sell,2023-04-21 13:50:15,2023-09-18 21:53:12,Closed Won,72115.109375,1.0
OPP-013615,ACC-000025,PROD-0007,638,Upsell,2023-06-04 12:04:19,2023-08-12 01:08:15,Closed Lost,31759.099609375,0.0
OPP-013641,ACC-000032,PROD-0098,267,Cross-sell,2023-01-25 15:25:31,2023-05-08 00:15:11,Closed Won,31780.9609375,1.0
OPP-013650,ACC-000057,PROD-0097,6,Expansion,2023-03-17 17:18:19,2023-03-22 15:54:29,Closed Lost,44496.921875,0.0
OPP-013670,ACC-000041,PROD-0049,250,Expansion,2023-08-09 16:35:59,2023-11-21 06:47:08,Closed Won,90373.140625,1.0
OPP-013682,ACC-000037,PROD-0094,261,Renewal,2022-10-17 10:50:21,2023-03-07 10:23:13,Closed Lost,6944.490234375,0.0
OPP-013696,ACC-000014,PROD-0015,828,Upsell,2023-01-03 23:27:34,2023-01-23 15:16:15,Closed Won,89449.09375,1.0
OPP-013697,ACC-000004,PROD-0062,904,Expansion,2023-02-08 18:13:46,2023-05-12 09:13:50,Closed Won,82900.328125,1.0
OPP-013708,ACC-000008,PROD-0081,117,Upsell,2022-11-28 12:52:11,2023-03-05 07:07:04,Closed Won,2790.27001953125,1.0
OPP-013718,ACC-000036,PROD-0071,673,Expansion,2023-03-28 15:03:02,2023-09-13 21:28:24,Closed Won,23614.140625,1.0
OPP-013721,ACC-000017,PROD-0002,649,Renewal,2023-03-31 03:37:09,2023-07-14 00:48:35,Closed Lost,13298.48046875,0.0
OPP-013731,ACC-000001,PROD-0013,697,New Business,2023-01-25 17:01:30,2023-02-14 12:24:27,Closed Lost,54222.8203125,0.0
OPP-013789,ACC-000041,PROD-0098,900,Expansion,2023-12-03 16:24:26,2023-12-08 19:57:30,Closed Won,60398.5703125,1.0
OPP-013807,ACC-000021,PROD-0007,474,Upsell,2023-05-27 19:04:25,2023-07-11 14:33:47,Closed Won,82395.7578125,1.0
OPP-013828,ACC-000037,PROD-0014,632,Renewal,2023-02-05 21:48:07,2023-02-08 09:19:36,Closed Lost,88579.171875,0.0
OPP-013830,ACC-000037,PROD-0007,90,Upsell,2023-01-31 09:25:47,2023-02-08 05:08:42,Closed Won,5286.64990234375,1.0
OPP-013831,ACC-000035,PROD-0062,355,New Business,2023-10-04 14:30:54,2023-11-08 14:31:13,Closed Won,23284.130859375,1.0
OPP-013839,ACC-000056,PROD-0001,360,New Business,2023-04-04 08:01:13,2023-04-26 09:23:09,Closed Lost,26973.01953125,0.0
OPP-013863,ACC-000033,PROD-0100,364,New Business,2023-05-27 03:50:45,2023-08-18 15:57:34,Closed Won,90953.5234375,1.0
OPP-013881,ACC-000018,PROD-0012,156,Renewal,2023-06-20 17:16:42,2023-07-09 09:29:03,Closed Won,76685.4296875,1.0
OPP-013894,ACC-000016,PROD-0080,838,Expansion,2023-03-03 13:44:45,2023-08-28 03:32:40,Closed Lost,41985.76953125,0.0
OPP-013899,ACC-000050,PROD-0041,807,Upsell,2023-09-11 04:28:11,2023-10-17 02:21:50,Closed Won,53191.98828125,1.0
OPP-013920,ACC-000050,PROD-0049,200,New Business,2023-10-29 06:28:52,2023-11-25 17:07:32,Closed Won,11380.4697265625,1.0
OPP-013935,ACC-000059,PROD-0009,326,New Business,2023-05-16 17:38:40,2023-05-31 14:33:24,Closed Won,85196.0234375,1.0
OPP-013945,ACC-000030,PROD-0072,923,New Business,2022-08-31 19:21:34,2023-02-13 07:43:05,Closed Lost,64628.28125,0.0
OPP-013972,ACC-000006,PROD-0023,176,Upsell,2023-01-26 17:43:31,2023-02-07 20:31:05,Closed Won,75762.046875,1.0
OPP-013979,ACC-000029,PROD-0052,256,Expansion,2022-12-29 11:04:49,2023-03-01 05:02:20,Closed Lost,60996.48046875,0.0
OPP-014010,ACC-000042,PROD-0010,31,Renewal,2022-10-29 12:44:02,2023-01-12 05:04:37,Closed Lost,91310.09375,0.0
OPP-014014,ACC-000049,PROD-0045,867,Renewal,2023-05-04 20:08:37,2023-08-04 13:58:44,Closed Lost,61472.71875,0.0
OPP-014039,ACC-000024,PROD-0094,273,Renewal,2022-11-10 05:21:10,2023-01-21 23:39:23,Closed Won,64137.859375,1.0
OPP-014042,ACC-000022,PROD-0082,590,Expansion,2022-10-23 08:04:40,2023-04-01 20:54:35,Closed Won,19850.400390625,1.0
OPP-014045,ACC-000047,PROD-0070,178,New Business,2023-02-01 14:52:43,2023-06-24 07:03:34,Closed Lost,46914.359375,0.0
OPP-014068,ACC-000017,PROD-0084,311,Renewal,2022-08-18 14:26:05,2023-01-22 07:59:46,Closed Lost,82857.9375,0.0
OPP-014101,ACC-000026,PROD-0002,161,Upsell,2023-03-11 11:56:59,2023-05-03 11:59:08,Closed Won,81910.8515625,1.0
OPP-014106,ACC-000016,PROD-0052,914,Expansion,2023-03-12 01:53:27,2023-07-11 06:59:16,Closed Won,3439.280029296875,1.0
OPP-014108,ACC-000029,PROD-0040,193,Upsell,2022-09-30 01:45:35,2023-02-19 01:06:59,Closed Won,40602.3984375,1.0
OPP-014116,ACC-000018,PROD-0009,923,Cross-sell,2022-10-19 06:01:58,2023-01-07 09:46:42,Closed Won,22469.880859375,1.0
OPP-014128,ACC-000007,PROD-0049,989,Upsell,2023-09-27 06:57:54,2023-12-20 23:03:12,Closed Won,52989.21875,1.0
OPP-014137,ACC-000022,PROD-0073,877,Upsell,2023-02-24 16:50:46,2023-04-23 07:55:06,Closed Lost,57936.37890625,0.0
OPP-014163,ACC-000010,PROD-0091,221,Expansion,2023-03-29 08:03:49,2023-08-31 03:29:17,Closed Lost,27987.69921875,0.0
OPP-014167,ACC-000054,PROD-0041,417,Expansion,2023-09-03 11:00:53,2023-12-25 06:00:54,Closed Won,27751.4609375,1.0
OPP-014222,ACC-000032,PROD-0086,606,Expansion,2023-06-23 04:14:45,2023-11-11 05:31:20,Closed Won,21345.349609375,1.0
OPP-014226,ACC-000027,PROD-0068,506,Upsell,2023-10-22 05:36:31,2023-11-01 14:50:39,Closed Won,72221.34375,1.0
OPP-014252,ACC-000047,PROD-0032,625,Cross-sell,2023-06-15 19:38:30,2023-09-22 00:59:45,Closed Lost,53423.359375,0.0
OPP-014276,ACC-000022,PROD-0047,929,Cross-sell,2022-11-29 04:37:55,2023-03-01 21:35:01,Closed Lost,38363.55078125,0.0
OPP-014281,ACC-000023,PROD-0076,314,New Business,2022-09-12 04:56:12,2023-02-20 00:35:07,Closed Lost,92728.1328125,0.0
OPP-014294,ACC-000062,PROD-0025,638,Upsell,2022-12-17 17:48:37,2023-01-13 17:57:07,Closed Won,56597.33984375,1.0
OPP-014330,ACC-000060,PROD-0087,239,Expansion,2023-05-30 15:06:42,2023-07-24 00:47:46,Closed Won,85158.1796875,1.0
OPP-014332,ACC-000027,PROD-0067,475,Upsell,2022-12-05 03:53:57,2023-02-25 09:10:26,Closed Lost,84179.5390625,0.0
OPP-014384,ACC-000044,PROD-0051,694,Upsell,2022-11-08 06:17:39,2023-04-02 22:59:51,Closed Won,62139.69921875,1.0
OPP-014389,ACC-000057,PROD-0099,701,New Business,2022-07-28 04:32:19,2023-01-19 11:09:43,Closed Won,29168.83984375,1.0
OPP-014390,ACC-000047,PROD-0008,928,Renewal,2022-12-09 13:44:03,2023-02-17 15:51:38,Closed Won,24735.869140625,1.0
OPP-014393,ACC-000035,PROD-0084,630,Renewal,2023-08-28 09:27:03,2023-12-14 05:59:40,Closed Lost,80007.7265625,0.0
OPP-014395,ACC-000001,PROD-0002,94,Upsell,2023-05-07 05:57:07,2023-08-27 07:51:30,Closed Won,4699.89990234375,1.0
OPP-014397,ACC-000034,PROD-0096,761,New Business,2023-07-22 14:14:06,2023-11-22 05:22:09,Closed Won,43319.1015625,1.0
OPP-014399,ACC-000038,PROD-0060,839,Renewal,2023-07-22 09:54:41,2023-10-13 20:06:05,Closed Won,59139.37890625,1.0
OPP-014418,ACC-000041,PROD-0008,88,Expansion,2022-12-12 19:07:43,2023-02-09 17:57:39,Closed Won,67526.7109375,1.0
OPP-014420,ACC-000012,PROD-0089,380,Expansion,2023-07-09 09:21:37,2023-12-24 22:27:24,Closed Won,92964.71875,1.0
OPP-014424,ACC-000006,PROD-0088,348,Renewal,2023-09-27 17:39:43,2023-10-25 05:46:33,Closed Lost,51666.08984375,0.0
OPP-014440,ACC-000044,PROD-0046,20,Upsell,2023-08-25 18:57:08,2023-11-06 07:05:17,Closed Lost,46362.0390625,0.0
OPP-014491,ACC-000052,PROD-0021,189,New Business,2023-11-23 19:07:37,2023-12-14 18:52:50,Closed Lost,47072.16015625,0.0
OPP-014512,ACC-000045,PROD-0062,500,New Business,2023-03-18 11:51:03,2023-07-06 23:53:09,Closed Lost,33659.37109375,0.0
OPP-014513,ACC-000009,PROD-0026,871,Renewal,2023-11-15 06:24:12,2023-11-26 21:39:42,Closed Won,55731.12890625,1.0
OPP-014519,ACC-000003,PROD-0054,707,New Business,2023-03-08 20:00:45,2023-07-12 03:44:40,Closed Won,68636.4921875,1.0
OPP-014521,ACC-000047,PROD-0082,736,New Business,2023-06-08 18:41:25,2023-11-05 02:13:01,Closed Lost,55907.01171875,0.0
OPP-014522,ACC-000058,PROD-0005,813,New Business,2023-04-08 10:50:59,2023-09-29 14:02:30,Closed Lost,85760.3671875,0.0
OPP-014536,ACC-000057,PROD-0005,328,Upsell,2023-01-11 14:40:28,2023-05-18 20:46:39,Closed Lost,41592.5390625,0.0
OPP-014537,ACC-000026,PROD-0081,367,Expansion,2022-07-12 13:17:01,2023-01-04 00:41:56,Closed Lost,10907.1201171875,0.0
OPP-014565,ACC-000031,PROD-0012,827,New Business,2023-01-06 19:51:41,2023-04-23 13:25:02,Closed Lost,21225.380859375,0.0
OPP-014575,ACC-000047,PROD-0063,962,Renewal,2022-12-16 01:43:33,2023-03-06 02:08:00,Closed Won,75713.21875,1.0
OPP-014591,ACC-000007,PROD-0079,514,Cross-sell,2022-10-28 21:06:51,2023-02-17 20:31:47,Closed Lost,42263.75,0.0
OPP-014606,ACC-000052,PROD-0032,482,New Business,2022-10-24 07:03:23,2023-04-08 07:14:29,Closed Lost,51754.69921875,0.0
OPP-014613,ACC-000051,PROD-0052,177,Expansion,2023-07-11 18:25:10,2023-12-05 20:32:40,Closed Lost,48431.421875,0.0
OPP-014624,ACC-000039,PROD-0007,713,Upsell,2023-02-23 07:22:25,2023-03-08 11:08:01,Closed Won,5121.22021484375,1.0
OPP-014628,ACC-000042,PROD-0064,860,Cross-sell,2023-02-20 01:07:21,2023-05-29 21:27:48,Closed Won,81214.671875,1.0
OPP-014667,ACC-000033,PROD-0087,579,Expansion,2023-08-06 22:41:16,2023-11-01 12:15:48,Closed Lost,33461.03125,0.0
OPP-014678,ACC-000038,PROD-0068,701,Renewal,2023-03-16 22:49:52,2023-08-13 02:30:43,Closed Won,98464.171875,1.0
OPP-014688,ACC-000046,PROD-0030,562,New Business,2023-08-02 00:19:36,2023-12-21 19:00:59,Closed Won,14216.0703125,1.0
OPP-014691,ACC-000039,PROD-0088,728,New Business,2023-07-05 02:55:30,2023-09-18 18:41:59,Closed Lost,71799.53125,0.0
OPP-014700,ACC-000062,PROD-0099,773,Upsell,2023-03-07 17:21:35,2023-06-18 11:17:24,Closed Won,86723.5234375,1.0
OPP-014714,ACC-000001,PROD-0045,710,Renewal,2022-12-16 02:36:33,2023-06-12 22:38:12,Closed Won,14419.1103515625,1.0
OPP-014715,ACC-000009,PROD-0018,998,New Business,2023-03-13 23:44:09,2023-04-05 02:22:35,Closed Lost,75042.1015625,0.0
OPP-014716,ACC-000059,PROD-0073,830,Upsell,2023-06-24 07:56:18,2023-10-09 02:21:22,Closed Lost,39233.55859375,0.0
OPP-014729,ACC-000026,PROD-0051,903,New Business,2023-02-08 14:48:03,2023-03-03 11:38:53,Closed Lost,95299.59375,0.0
OPP-014732,ACC-000004,PROD-0070,894,Cross-sell,2023-04-14 23:17:04,2023-06-01 04:19:08,Closed Lost,48569.41015625,0.0
OPP-014740,ACC-000020,PROD-0020,549,Upsell,2022-12-16 10:57:52,2023-02-28 11:09:48,Closed Won,20141.509765625,1.0
OPP-014773,ACC-000041,PROD-0061,138,Upsell,2023-03-09 09:39:01,2023-06-09 17:51:50,Closed Won,70569.4375,1.0
OPP-014774,ACC-000031,PROD-0018,892,Upsell,2023-10-06 09:28:14,2023-10-28 10:06:14,Closed Lost,22185.720703125,0.0
OPP-014780,ACC-000052,PROD-0038,51,Cross-sell,2023-08-13 18:20:26,2023-12-22 08:04:25,Closed Lost,76696.59375,0.0
OPP-014781,ACC-000002,PROD-0002,113,Upsell,2023-09-04 02:19:29,2023-10-08 04:03:54,Closed Won,83943.046875,1.0
OPP-014798,ACC-000008,PROD-0092,551,Upsell,2023-10-24 22:44:50,2023-12-30 23:54:11,Closed Lost,50316.9609375,0.0
OPP-014805,ACC-000017,PROD-0077,60,New Business,2023-05-09 20:58:48,2023-06-25 06:52:03,Closed Won,89834.03125,1.0
OPP-014807,ACC-000023,PROD-0007,61,Expansion,2023-04-21 08:55:27,2023-10-07 15:29:46,Closed Lost,42318.78125,0.0
OPP-014811,ACC-000036,PROD-0099,245,Cross-sell,2023-10-14 10:31:24,2023-12-01 15:07:20,Closed Lost,51524.859375,0.0
OPP-014835,ACC-000054,PROD-0093,933,New Business,2023-06-03 04:10:58,2023-09-05 01:19:16,Closed Won,74492.609375,1.0
OPP-014857,ACC-000028,PROD-0018,764,Renewal,2022-11-19 22:22:35,2023-03-31 18:53:56,Closed Won,14842.8603515625,1.0
OPP-014883,ACC-000047,PROD-0084,130,Cross-sell,2023-06-08 01:41:52,2023-11-02 16:04:49,Closed Won,13017.580078125,1.0
OPP-014891,ACC-000050,PROD-0044,994,Upsell,2023-04-27 11:50:22,2023-08-27 13:15:59,Closed Won,89805.2578125,1.0
OPP-014909,ACC-000058,PROD-0041,792,Cross-sell,2023-05-02 10:45:49,2023-09-20 02:25:37,Closed Lost,12711.6396484375,0.0
OPP-014913,ACC-000049,PROD-0053,7,Expansion,2023-08-25 17:31:35,2023-10-22 09:43:40,Closed Won,77541.40625,1.0
OPP-014918,ACC-000038,PROD-0040,273,New Business,2022-12-05 04:52:43,2023-05-19 12:09:21,Closed Won,92196.09375,1.0
OPP-014936,ACC-000044,PROD-0024,902,Renewal,2023-05-15 06:31:15,2023-06-03 01:42:50,Closed Won,41974.23046875,1.0
OPP-014942,ACC-000013,PROD-0025,970,Cross-sell,2023-03-14 12:27:01,2023-06-10 10:19:13,Closed Won,78003.7734375,1.0
OPP-014950,ACC-000011,PROD-0008,823,Upsell,2023-05-31 17:44:58,2023-07-25 02:52:35,Closed Lost,65885.1875,0.0
OPP-014962,ACC-000034,PROD-0065,299,Renewal,2023-08-02 14:23:06,2023-10-17 06:09:56,Closed Won,9087.16015625,1.0
OPP-014968,ACC-000060,PROD-0070,329,Renewal,2023-05-07 14:18:27,2023-08-14 19:31:55,Closed Won,71592.328125,1.0
OPP-014985,ACC-000061,PROD-0070,178,New Business,2023-03-09 18:22:38,2023-07-13 17:32:06,Closed Won,29424.80078125,1.0
OPP-014998,ACC-000052,PROD-0016,544,Expansion,2023-02-24 15:44:25,2023-05-10 15:02:44,Closed Lost,64991.6484375,0.0
OPP-015001,ACC-000039,PROD-0024,951,Renewal,2022-11-26 02:59:51,2023-04-09 06:10:58,Closed Won,71355.609375,1.0
OPP-015002,ACC-000005,PROD-0071,594,Renewal,2023-06-07 22:19:56,2023-09-27 10:57:58,Closed Lost,8492.0595703125,0.0
OPP-015021,ACC-000033,PROD-0065,686,Expansion,2022-12-28 23:15:56,2023-06-08 10:53:15,Closed Won,91879.7265625,1.0
OPP-015032,ACC-000012,PROD-0078,356,Cross-sell,2022-08-20 20:11:18,2023-01-22 03:41:18,Closed Lost,97018.96875,0.0
OPP-015042,ACC-000057,PROD-0008,738,Upsell,2022-12-09 00:47:05,2023-02-26 15:45:37,Closed Lost,6931.0400390625,0.0
OPP-015051,ACC-000027,PROD-0053,965,New Business,2022-12-05 11:06:15,2023-04-25 17:49:45,Closed Won,21795.990234375,1.0
OPP-015055,ACC-000053,PROD-0024,792,Upsell,2022-12-13 22:46:11,2023-02-28 11:59:52,Closed Lost,69814.390625,0.0
OPP-015059,ACC-000045,PROD-0003,420,New Business,2023-03-17 14:56:38,2023-07-11 00:27:42,Closed Lost,98415.9296875,0.0
OPP-015072,ACC-000020,PROD-0041,346,Expansion,2023-08-21 06:09:10,2023-09-11 21:07:48,Closed Lost,78513.7265625,0.0
OPP-015075,ACC-000003,PROD-0086,718,Cross-sell,2023-01-23 03:40:27,2023-04-05 04:26:43,Closed Lost,58055.80859375,0.0
OPP-015078,ACC-000040,PROD-0033,696,Renewal,2023-09-12 17:01:39,2023-11-03 17:59:39,Closed Won,52258.140625,1.0
OPP-015079,ACC-000046,PROD-0037,975,New Business,2023-02-18 15:15:25,2023-08-03 17:06:49,Closed Lost,54631.5,0.0
OPP-015091,ACC-000023,PROD-0098,708,New Business,2022-10-17 21:19:34,2023-02-17 20:36:48,Closed Lost,97431.8828125,0.0
OPP-015123,ACC-000030,PROD-0005,174,Expansion,2022-11-18 04:30:59,2023-04-28 21:24:31,Closed Won,92356.40625,1.0
OPP-015133,ACC-000021,PROD-0034,877,Upsell,2023-07-07 18:54:45,2023-11-27 02:54:01,Closed Won,12475.4501953125,1.0
OPP-015138,ACC-000032,PROD-0070,405,New Business,2023-05-24 11:16:58,2023-11-06 19:50:12,Closed Won,76933.5,1.0
OPP-015152,ACC-000014,PROD-0040,61,Upsell,2022-12-30 06:34:03,2023-02-03 16:57:38,Closed Lost,61125.30078125,0.0
OPP-015160,ACC-000016,PROD-0031,839,Cross-sell,2023-07-03 04:15:38,2023-10-21 04:58:23,Closed Won,17177.41015625,1.0
OPP-015188,ACC-000026,PROD-0043,43,Cross-sell,2022-11-14 14:17:39,2023-05-02 08:59:11,Closed Lost,37792.46875,0.0
OPP-015195,ACC-000004,PROD-0015,784,Cross-sell,2023-05-28 06:43:49,2023-09-10 22:15:20,Closed Won,90036.453125,1.0
OPP-015201,ACC-000041,PROD-0020,635,Upsell,2023-08-02 23:21:30,2023-12-19 02:01:49,Closed Lost,74009.71875,0.0
OPP-015203,ACC-000036,PROD-0066,822,New Business,2023-08-30 03:40:31,2023-11-04 15:32:19,Closed Won,91805.046875,1.0
OPP-015208,ACC-000020,PROD-0001,688,Upsell,2022-12-08 00:33:21,2023-04-30 08:03:37,Closed Lost,69549.5,0.0
OPP-015211,ACC-000039,PROD-0064,111,Renewal,2023-01-14 13:48:41,2023-06-19 06:14:52,Closed Won,11442.580078125,1.0
OPP-015213,ACC-000002,PROD-0066,439,Renewal,2022-11-03 12:32:50,2023-04-06 11:03:55,Closed Won,96847.90625,1.0
OPP-015218,ACC-000002,PROD-0034,179,Upsell,2023-08-17 10:48:26,2023-09-12 11:30:36,Closed Won,15174.5595703125,1.0
OPP-015225,ACC-000029,PROD-0013,644,Upsell,2023-04-24 14:43:29,2023-06-29 03:19:50,Closed Lost,48636.80078125,0.0
OPP-015254,ACC-000008,PROD-0091,395,Cross-sell,2022-12-08 15:13:45,2023-03-12 22:39:27,Closed Lost,97382.1015625,0.0
OPP-015269,ACC-000022,PROD-0081,727,Cross-sell,2023-09-14 01:36:48,2023-12-25 23:19:14,Closed Won,9240.1201171875,1.0
OPP-015282,ACC-000011,PROD-0081,167,Upsell,2023-05-27 01:49:28,2023-11-18 14:51:23,Closed Won,58009.41015625,1.0
OPP-015285,ACC-000014,PROD-0069,942,Renewal,2023-05-14 17:46:48,2023-10-02 10:14:39,Closed Won,48113.73828125,1.0
OPP-015288,ACC-000017,PROD-0021,623,Expansion,2023-04-01 13:54:13,2023-05-01 15:34:40,Closed Won,37584.890625,1.0
OPP-015292,ACC-000006,PROD-0009,325,Expansion,2023-01-18 14:09:46,2023-07-02 20:38:14,Closed Lost,63137.1015625,0.0
OPP-015296,ACC-000034,PROD-0018,844,New Business,2023-01-22 12:52:11,2023-03-20 10:38:34,Closed Lost,2696.610107421875,0.0
OPP-015329,ACC-000050,PROD-0096,256,Cross-sell,2023-06-18 02:33:28,2023-08-25 02:24:26,Closed Lost,13649.6796875,0.0
OPP-015333,ACC-000028,PROD-0030,189,Upsell,2023-07-01 06:30:57,2023-09-18 17:24:37,Closed Won,88584.203125,1.0
OPP-015341,ACC-000041,PROD-0002,211,Expansion,2022-12-24 09:56:40,2023-03-28 15:16:38,Closed Lost,73398.78125,0.0
OPP-015351,ACC-000040,PROD-0030,124,Cross-sell,2023-02-07 04:30:10,2023-03-10 05:42:46,Closed Lost,41400.3515625,0.0
OPP-015380,ACC-000027,PROD-0044,865,Expansion,2023-05-17 14:10:28,2023-10-18 10:50:47,Closed Lost,77331.0234375,0.0
OPP-015399,ACC-000043,PROD-0057,156,Upsell,2023-04-23 01:10:22,2023-09-26 06:39:38,Closed Won,88604.578125,1.0
OPP-015400,ACC-000062,PROD-0096,511,Cross-sell,2022-11-18 11:29:01,2023-03-27 02:28:37,Closed Won,34653.1015625,1.0
OPP-015412,ACC-000007,PROD-0028,2,Upsell,2022-11-15 14:25:44,2023-03-23 11:07:09,Closed Lost,78024.4296875,0.0
OPP-015419,ACC-000007,PROD-0041,501,Expansion,2022-11-07 23:47:17,2023-02-24 22:40:31,Closed Won,16445.849609375,1.0
OPP-015421,ACC-000040,PROD-0047,464,New Business,2023-04-08 17:15:10,2023-05-03 10:32:36,Closed Won,77050.8828125,1.0
OPP-015422,ACC-000051,PROD-0076,250,Expansion,2023-07-28 08:49:07,2023-12-17 02:33:59,Closed Won,18719.5,1.0
OPP-015424,ACC-000016,PROD-0046,516,Renewal,2023-06-17 20:38:35,2023-11-08 23:50:51,Closed Won,9059.4599609375,1.0
OPP-015429,ACC-000002,PROD-0004,866,Renewal,2023-03-01 04:52:50,2023-04-27 11:38:45,Closed Lost,41286.76171875,0.0
OPP-015432,ACC-000025,PROD-0093,721,Cross-sell,2022-11-27 06:51:24,2023-01-17 23:22:53,Closed Won,10717.849609375,1.0
OPP-015483,ACC-000016,PROD-0071,718,Upsell,2023-10-27 19:53:04,2023-12-04 10:04:50,Closed Won,45922.609375,1.0
OPP-015496,ACC-000003,PROD-0030,790,Upsell,2023-08-19 16:06:16,2023-11-26 21:50:27,Closed Won,82496.203125,1.0
OPP-015499,ACC-000024,PROD-0073,18,Expansion,2023-05-10 13:20:42,2023-07-18 09:15:40,Closed Won,1704.510009765625,1.0
OPP-015506,ACC-000050,PROD-0007,262,Upsell,2023-01-27 18:05:07,2023-06-07 08:09:06,Closed Won,99953.3203125,1.0
OPP-015552,ACC-000014,PROD-0006,376,Upsell,2022-12-21 13:20:18,2023-04-30 11:50:29,Closed Lost,41360.41015625,0.0
OPP-015555,ACC-000032,PROD-0072,170,Renewal,2023-07-11 01:41:42,2023-09-03 21:28:00,Closed Won,95102.9765625,1.0
OPP-015566,ACC-000039,PROD-0020,90,Cross-sell,2023-04-05 03:50:18,2023-07-06 10:38:50,Closed Lost,11604.6201171875,0.0
OPP-015570,ACC-000041,PROD-0006,491,Upsell,2023-08-14 02:03:21,2023-09-02 03:08:14,Closed Lost,47835.7109375,0.0
OPP-015585,ACC-000029,PROD-0074,744,Expansion,2023-06-23 08:04:42,2023-11-17 11:43:38,Closed Won,39556.859375,1.0
OPP-015593,ACC-000056,PROD-0022,636,Renewal,2023-02-12 21:25:18,2023-05-03 02:07:20,Closed Lost,25879.740234375,0.0
OPP-015618,ACC-000037,PROD-0090,966,Upsell,2023-02-09 07:43:45,2023-04-16 19:43:21,Closed Won,28287.509765625,1.0
OPP-015620,ACC-000047,PROD-0080,757,Renewal,2023-10-09 10:47:32,2023-10-13 01:16:58,Closed Lost,4811.60986328125,0.0
OPP-015641,ACC-000011,PROD-0026,35,New Business,2023-03-03 20:19:55,2023-07-04 06:40:00,Closed Lost,58080.51171875,0.0
OPP-015642,ACC-000035,PROD-0042,127,Expansion,2023-09-21 20:18:06,2023-10-20 03:35:50,Closed Lost,78688.6171875,0.0
OPP-015660,ACC-000013,PROD-0080,963,Upsell,2022-12-24 05:45:17,2023-05-14 08:32:03,Closed Won,96389.8515625,1.0
OPP-015682,ACC-000050,PROD-0068,657,Upsell,2023-06-03 10:10:15,2023-06-27 11:07:17,Closed Won,10298.0498046875,1.0
OPP-015685,ACC-000051,PROD-0072,187,New Business,2023-04-18 00:27:14,2023-06-27 17:35:24,Closed Won,49017.37890625,1.0
OPP-015689,ACC-000057,PROD-0059,348,Upsell,2023-02-20 07:52:57,2023-04-21 22:21:02,Closed Lost,63593.19140625,0.0
OPP-015702,ACC-000032,PROD-0048,933,Cross-sell,2023-04-15 20:10:17,2023-05-10 17:55:07,Closed Lost,83617.1796875,0.0
OPP-015703,ACC-000010,PROD-0014,372,Cross-sell,2023-01-11 15:27:08,2023-05-11 22:04:12,Closed Lost,39772.859375,0.0
OPP-015705,ACC-000054,PROD-0034,500,Upsell,2023-07-13 03:43:10,2023-08-27 23:21:25,Closed Won,76078.046875,1.0
OPP-015717,ACC-000037,PROD-0085,290,Cross-sell,2023-04-21 15:34:28,2023-10-07 00:37:09,Closed Lost,29979.3203125,0.0
OPP-015748,ACC-000035,PROD-0050,409,Renewal,2023-08-08 16:22:43,2023-11-27 06:48:18,Closed Lost,12308.990234375,0.0
OPP-015759,ACC-000052,PROD-0036,753,Upsell,2023-01-25 17:26:09,2023-04-22 17:05:26,Closed Lost,67292.421875,0.0
OPP-015769,ACC-000060,PROD-0017,686,New Business,2023-07-13 13:27:00,2023-12-24 23:29:28,Closed Won,96846.046875,1.0
OPP-015775,ACC-000010,PROD-0088,861,Cross-sell,2023-05-04 01:18:51,2023-05-05 14:02:46,Closed Lost,15578.5302734375,0.0
OPP-015778,ACC-000021,PROD-0098,247,Expansion,2023-11-07 15:26:38,2023-11-20 04:15:39,Closed Lost,25120.41015625,0.0
OPP-015793,ACC-000007,PROD-0005,982,New Business,2023-05-27 13:48:28,2023-08-13 23:35:49,Closed Lost,90584.90625,0.0
OPP-015816,ACC-000014,PROD-0097,595,Cross-sell,2023-08-27 06:52:41,2023-09-05 12:42:44,Closed Won,47892.33984375,1.0
OPP-015851,ACC-000013,PROD-0048,684,Cross-sell,2023-08-08 08:26:30,2023-08-15 02:46:45,Closed Lost,91880.5390625,0.0
OPP-015853,ACC-000061,PROD-0001,39,Expansion,2023-11-17 10:56:19,2023-11-19 12:24:54,Closed Won,78547.0390625,1.0
OPP-015876,ACC-000013,PROD-0063,28,Renewal,2023-09-21 12:49:40,2023-11-08 05:51:42,Closed Won,10643.41015625,1.0
OPP-015886,ACC-000014,PROD-0058,623,Upsell,2023-04-03 22:44:37,2023-06-26 14:00:48,Closed Lost,99127.890625,0.0
OPP-015888,ACC-000049,PROD-0012,894,Cross-sell,2022-11-23 17:23:20,2023-03-26 10:39:50,Closed Won,6360.27001953125,1.0
OPP-015909,ACC-000015,PROD-0019,532,Upsell,2023-11-03 03:04:18,2023-11-17 07:43:00,Closed Lost,41112.05078125,0.0
OPP-015926,ACC-000029,PROD-0032,744,Renewal,2023-08-17 03:31:56,2023-08-25 12:08:55,Closed Lost,96458.2890625,0.0
OPP-015929,ACC-000001,PROD-0005,904,Upsell,2022-10-03 22:08:13,2023-02-07 11:26:13,Closed Lost,5705.4501953125,0.0
OPP-015948,ACC-000034,PROD-0060,767,Upsell,2023-02-12 07:58:11,2023-06-10 10:05:33,Closed Won,45868.9296875,1.0
OPP-015953,ACC-000007,PROD-0091,13,New Business,2023-03-28 20:42:51,2023-09-22 04:39:14,Closed Lost,63984.171875,0.0
OPP-015960,ACC-000043,PROD-0007,496,Cross-sell,2023-07-22 00:38:13,2023-10-24 05:05:42,Closed Lost,75856.609375,0.0
OPP-015967,ACC-000056,PROD-0004,883,Renewal,2023-05-08 06:18:24,2023-06-13 19:13:11,Closed Lost,51097.87109375,0.0
OPP-015987,ACC-000058,PROD-0038,433,Cross-sell,2023-04-28 18:37:56,2023-10-11 11:09:54,Closed Won,27802.51953125,1.0
OPP-015991,ACC-000015,PROD-0075,809,Cross-sell,2023-06-24 10:45:37,2023-07-05 08:20:52,Closed Won,88860.8515625,1.0
OPP-016001,ACC-000054,PROD-0035,572,Expansion,2023-03-28 15:17:51,2023-04-09 07:15:17,Closed Won,37174.2109375,1.0
OPP-016030,ACC-000038,PROD-0056,973,Cross-sell,2023-05-20 00:16:47,2023-05-25 08:43:57,Closed Lost,9843.919921875,0.0
OPP-016033,ACC-000031,PROD-0042,146,New Business,2023-08-19 23:08:38,2023-12-20 12:19:55,Closed Won,43227.8203125,1.0
OPP-016061,ACC-000052,PROD-0050,448,Renewal,2023-05-09 11:10:07,2023-05-12 16:55:15,Closed Lost,86339.359375,0.0
OPP-016069,ACC-000002,PROD-0035,860,Renewal,2023-04-10 03:15:41,2023-07-12 05:41:42,Closed Won,23857.060546875,1.0
OPP-016070,ACC-000013,PROD-0059,280,Renewal,2022-11-07 23:34:51,2023-02-08 21:12:12,Closed Won,79319.4296875,1.0
OPP-016077,ACC-000022,PROD-0046,919,New Business,2023-11-20 19:53:17,2023-12-08 08:36:48,Closed Lost,63574.62890625,0.0
OPP-016080,ACC-000051,PROD-0086,551,Renewal,2023-03-16 23:12:52,2023-04-04 17:39:09,Closed Won,15929.740234375,1.0
OPP-016095,ACC-000033,PROD-0031,933,New Business,2023-04-17 10:00:11,2023-08-05 02:20:32,Closed Won,42228.23046875,1.0
OPP-016097,ACC-000062,PROD-0071,787,Upsell,2023-08-21 13:48:47,2023-09-20 18:54:01,Closed Won,75641.6484375,1.0
OPP-016100,ACC-000008,PROD-0067,160,New Business,2023-02-27 16:26:43,2023-06-21 00:53:52,Closed Won,17436.66015625,1.0
OPP-016117,ACC-000051,PROD-0068,132,Renewal,2023-04-17 11:48:11,2023-05-10 08:03:30,Closed Lost,60896.05078125,0.0
OPP-016160,ACC-000052,PROD-0038,263,Renewal,2023-04-26 11:30:01,2023-05-02 10:54:10,Closed Won,27777.359375,1.0
OPP-016163,ACC-000053,PROD-0068,989,Renewal,2023-09-01 11:18:38,2023-11-02 03:10:14,Closed Lost,91148.828125,0.0
OPP-016179,ACC-000033,PROD-0028,179,Cross-sell,2023-03-22 06:01:47,2023-05-15 16:38:05,Closed Won,6452.68994140625,1.0
OPP-016193,ACC-000020,PROD-0039,656,New Business,2023-08-17 02:30:59,2023-10-01 08:50:59,Closed Lost,90054.5703125,0.0
OPP-016199,ACC-000044,PROD-0041,419,Renewal,2023-03-04 11:25:29,2023-06-06 14:10:00,Closed Lost,70894.4921875,0.0
OPP-016201,ACC-000042,PROD-0045,623,Upsell,2023-09-25 13:30:58,2023-12-22 00:10:43,Closed Lost,70486.9375,0.0
OPP-016216,ACC-000035,PROD-0078,287,Upsell,2023-01-05 07:30:28,2023-05-14 16:50:06,Closed Lost,6903.7900390625,0.0
OPP-016225,ACC-000061,PROD-0034,670,Upsell,2023-03-23 09:56:14,2023-04-14 09:04:10,Closed Lost,77797.3203125,0.0
OPP-016229,ACC-000009,PROD-0032,80,Upsell,2023-03-23 19:22:11,2023-09-14 11:46:25,Closed Lost,17244.580078125,0.0
OPP-016238,ACC-000032,PROD-0042,225,Upsell,2023-03-12 21:29:19,2023-05-17 10:49:16,Closed Won,71991.296875,1.0
OPP-016246,ACC-000048,PROD-0018,404,New Business,2022-09-04 01:51:15,2023-01-28 19:19:40,Closed Won,47075.05078125,1.0
OPP-016254,ACC-000062,PROD-0048,485,Renewal,2022-11-04 09:17:28,2023-03-11 15:50:32,Closed Won,78603.4609375,1.0
OPP-016262,ACC-000035,PROD-0077,306,Expansion,2023-04-06 09:54:20,2023-06-24 11:39:47,Closed Won,7127.14013671875,1.0
OPP-016264,ACC-000023,PROD-0037,68,Expansion,2023-06-28 18:19:18,2023-11-23 11:41:54,Closed Won,79768.2421875,1.0
OPP-016310,ACC-000021,PROD-0027,409,Upsell,2023-05-13 15:02:28,2023-07-14 03:16:33,Closed Won,65009.890625,1.0
OPP-016312,ACC-000057,PROD-0074,196,New Business,2023-02-10 16:29:37,2023-06-01 19:56:12,Closed Won,12980.23046875,1.0
OPP-016313,ACC-000049,PROD-0001,198,New Business,2022-10-26 18:59:32,2023-03-10 12:30:58,Closed Lost,80822.5234375,0.0
OPP-016321,ACC-000054,PROD-0066,596,Cross-sell,2022-10-28 15:55:53,2023-04-03 16:52:56,Closed Won,75172.0390625,1.0
OPP-016352,ACC-000018,PROD-0048,139,Upsell,2023-03-04 00:08:14,2023-04-14 05:29:12,Closed Won,93629.3828125,1.0
OPP-016356,ACC-000019,PROD-0016,807,Cross-sell,2023-03-28 17:04:29,2023-08-14 10:54:58,Closed Won,40738.53125,1.0
OPP-016359,ACC-000051,PROD-0009,143,Cross-sell,2023-09-06 01:56:04,2023-12-28 13:31:22,Closed Won,29287.08984375,1.0
OPP-016361,ACC-000019,PROD-0071,272,Expansion,2023-01-28 01:22:25,2023-05-25 11:13:02,Closed Lost,49555.5,0.0
OPP-016371,ACC-000029,PROD-0052,90,Upsell,2022-10-05 14:34:14,2023-01-17 14:11:38,Closed Won,48473.12890625,1.0
OPP-016378,ACC-000042,PROD-0049,478,New Business,2023-02-01 04:24:27,2023-06-14 16:39:40,Closed Lost,59848.30859375,0.0
OPP-016380,ACC-000061,PROD-0025,726,Renewal,2022-08-28 04:08:02,2023-01-28 16:54:32,Closed Lost,61413.9296875,0.0
OPP-016387,ACC-000054,PROD-0047,148,Renewal,2023-08-10 10:00:06,2023-10-30 02:53:07,Closed Won,85592.3828125,1.0
OPP-016390,ACC-000049,PROD-0044,960,Expansion,2023-05-06 13:40:45,2023-06-27 11:17:50,Closed Won,17475.810546875,1.0
OPP-016399,ACC-000008,PROD-0002,895,Expansion,2023-07-29 19:20:43,2023-12-24 15:48:06,Closed Won,49999.109375,1.0
OPP-016423,ACC-000034,PROD-0075,629,Renewal,2023-03-18 20:13:00,2023-09-05 22:08:22,Closed Won,47237.140625,1.0
OPP-016429,ACC-000028,PROD-0008,544,Cross-sell,2023-04-10 01:15:46,2023-06-15 09:30:02,Closed Lost,12022.1103515625,0.0
OPP-016452,ACC-000014,PROD-0047,917,Cross-sell,2023-07-04 19:48:25,2023-09-04 03:23:01,Closed Won,95749.9296875,1.0
OPP-016453,ACC-000001,PROD-0055,648,Cross-sell,2023-03-13 20:53:41,2023-04-09 22:56:54,Closed Won,11169.5,1.0
OPP-016480,ACC-000001,PROD-0069,149,New Business,2023-03-05 20:41:50,2023-06-08 07:15:12,Closed Won,5866.27978515625,1.0
OPP-016483,ACC-000038,PROD-0094,992,Upsell,2023-11-13 16:23:52,2023-12-09 12:13:55,Closed Won,85513.953125,1.0
OPP-016504,ACC-000022,PROD-0038,994,Renewal,2023-04-19 18:26:11,2023-05-05 13:16:23,Closed Won,60467.4609375,1.0
OPP-016509,ACC-000058,PROD-0046,710,Cross-sell,2023-09-27 23:24:03,2023-11-16 18:12:38,Closed Lost,35812.37109375,0.0
OPP-016513,ACC-000039,PROD-0043,326,Renewal,2023-07-12 05:46:17,2023-09-17 16:18:26,Closed Won,75810.8203125,1.0
OPP-016515,ACC-000009,PROD-0033,461,Cross-sell,2023-04-27 16:24:43,2023-07-04 19:34:49,Closed Lost,44913.4609375,0.0
OPP-016518,ACC-000021,PROD-0091,101,Cross-sell,2023-02-17 23:59:04,2023-08-06 05:41:36,Closed Lost,40586.08984375,0.0
OPP-016526,ACC-000008,PROD-0091,65,Cross-sell,2023-01-22 00:14:50,2023-03-15 09:57:53,Closed Won,50416.9296875,1.0
OPP-016552,ACC-000062,PROD-0091,436,Expansion,2022-12-06 11:23:06,2023-04-30 02:57:05,Closed Lost,50900.73046875,0.0
OPP-016564,ACC-000049,PROD-0003,700,New Business,2022-09-15 00:40:16,2023-02-12 11:58:13,Closed Lost,30703.7109375,0.0
OPP-016574,ACC-000057,PROD-0036,128,Renewal,2023-05-10 14:01:53,2023-11-02 13:47:23,Closed Won,75410.296875,1.0
OPP-016579,ACC-000036,PROD-0053,188,Renewal,2022-09-27 11:04:37,2023-01-31 17:17:50,Closed Lost,82537.8203125,0.0
OPP-016583,ACC-000014,PROD-0076,921,Cross-sell,2023-07-28 15:36:13,2023-08-31 14:33:39,Closed Lost,98936.4765625,0.0
OPP-016593,ACC-000030,PROD-0083,37,Renewal,2022-12-29 22:01:04,2023-05-18 14:30:33,Closed Won,63898.44140625,1.0
OPP-016635,ACC-000007,PROD-0072,381,Upsell,2023-08-22 07:19:39,2023-10-17 23:00:25,Closed Lost,78405.5,0.0
OPP-016639,ACC-000007,PROD-0017,802,Upsell,2023-04-19 18:18:18,2023-06-26 19:42:28,Closed Lost,83794.0703125,0.0
OPP-016642,ACC-000034,PROD-0056,206,Expansion,2022-07-28 18:11:54,2023-01-23 18:44:53,Closed Lost,53050.08984375,0.0
OPP-016646,ACC-000010,PROD-0029,241,New Business,2023-04-23 15:59:24,2023-05-05 01:15:30,Closed Lost,60045.58984375,0.0
OPP-016655,ACC-000037,PROD-0049,25,Upsell,2023-07-06 15:10:01,2023-11-01 16:15:59,Closed Won,4697.52978515625,1.0
OPP-016676,ACC-000049,PROD-0082,170,Cross-sell,2023-08-17 22:17:33,2023-11-26 10:40:47,Closed Lost,42021.4296875,0.0
OPP-016684,ACC-000032,PROD-0001,62,Upsell,2023-04-20 16:41:09,2023-08-13 13:09:44,Closed Lost,84535.953125,0.0
OPP-016693,ACC-000007,PROD-0063,162,Expansion,2022-10-30 03:12:58,2023-02-01 13:57:39,Closed Won,86991.78125,1.0
OPP-016732,ACC-000043,PROD-0036,177,Upsell,2023-02-27 08:42:51,2023-08-25 23:59:41,Closed Lost,69702.703125,0.0
OPP-016738,ACC-000054,PROD-0086,100,Cross-sell,2023-09-06 02:32:12,2023-09-16 16:38:45,Closed Lost,35091.609375,0.0
OPP-016741,ACC-000029,PROD-0010,108,Expansion,2023-11-10 21:54:11,2023-12-23 02:19:09,Closed Lost,5101.2998046875,0.0
OPP-016785,ACC-000058,PROD-0025,312,Expansion,2023-11-04 16:16:32,2023-12-31 20:48:17,Closed Lost,21346.759765625,0.0
OPP-016787,ACC-000010,PROD-0081,894,Expansion,2022-11-06 15:00:59,2023-03-13 19:39:23,Closed Lost,79087.109375,0.0
OPP-016796,ACC-000016,PROD-0081,425,Renewal,2023-04-13 18:58:19,2023-09-13 20:11:42,Closed Lost,91005.21875,0.0
OPP-016805,ACC-000041,PROD-0056,498,Expansion,2022-11-02 01:41:09,2023-04-13 15:21:17,Closed Won,73705.3125,1.0
OPP-016830,ACC-000060,PROD-0084,769,New Business,2023-05-01 23:34:39,2023-10-24 03:22:22,Closed Lost,60882.421875,0.0
OPP-016833,ACC-000001,PROD-0043,73,Upsell,2023-04-15 06:04:44,2023-06-07 10:11:01,Closed Lost,21579.720703125,0.0
OPP-016850,ACC-000058,PROD-0042,299,Renewal,2023-10-18 00:02:52,2023-12-20 21:40:32,Closed Won,38499.609375,1.0
OPP-016860,ACC-000053,PROD-0014,156,Renewal,2023-06-27 19:29:19,2023-07-06 23:01:31,Closed Won,30813.779296875,1.0
OPP-016864,ACC-000031,PROD-0011,940,Cross-sell,2023-01-20 03:04:41,2023-06-20 05:32:42,Closed Won,23051.7890625,1.0
OPP-016880,ACC-000023,PROD-0029,951,Cross-sell,2023-02-21 22:51:45,2023-06-20 19:22:35,Closed Won,3932.050048828125,1.0
OPP-016883,ACC-000048,PROD-0097,530,Cross-sell,2023-09-26 17:17:55,2023-11-12 04:11:23,Closed Won,65784.96875,1.0
OPP-016891,ACC-000012,PROD-0098,972,New Business,2023-11-24 10:31:08,2023-12-18 09:53:55,Closed Won,30476.05078125,1.0
OPP-016903,ACC-000021,PROD-0014,575,Expansion,2023-04-25 14:50:54,2023-05-31 16:33:08,Closed Lost,26934.25,0.0
OPP-016905,ACC-000060,PROD-0076,353,Expansion,2023-06-03 02:42:46,2023-11-14 23:32:20,Closed Lost,92983.640625,0.0
OPP-016908,ACC-000036,PROD-0084,74,Expansion,2023-06-04 13:37:26,2023-11-26 16:58:42,Closed Lost,37346.71875,0.0
OPP-016920,ACC-000028,PROD-0053,217,Cross-sell,2023-06-04 16:39:37,2023-11-17 14:32:45,Closed Lost,34921.33984375,0.0
OPP-016961,ACC-000060,PROD-0018,688,Cross-sell,2023-03-16 07:41:00,2023-04-13 01:44:30,Closed Lost,89835.296875,0.0
OPP-016962,ACC-000019,PROD-0058,893,Cross-sell,2023-05-06 11:23:06,2023-06-28 04:17:54,Closed Lost,19283.08984375,0.0
OPP-016998,ACC-000054,PROD-0005,125,Upsell,2023-01-19 22:46:35,2023-04-27 10:42:27,Closed Won,34706.33984375,1.0
OPP-017001,ACC-000029,PROD-0031,920,Renewal,2023-12-08 01:29:04,2023-12-12 13:39:30,Closed Lost,33969.21875,0.0
OPP-017010,ACC-000022,PROD-0061,85,Expansion,2022-12-12 02:47:36,2023-03-02 17:34:21,Closed Lost,43039.5,0.0
OPP-017020,ACC-000005,PROD-0010,375,New Business,2023-06-28 16:41:58,2023-08-03 04:29:36,Closed Won,26253.890625,1.0
OPP-017079,ACC-000061,PROD-0097,802,Expansion,2023-05-14 00:04:27,2023-05-25 08:11:27,Closed Lost,99166.109375,0.0
OPP-017081,ACC-000021,PROD-0100,346,Renewal,2023-11-30 06:40:14,2023-12-27 17:14:31,Closed Won,52767.01953125,1.0
OPP-017084,ACC-000043,PROD-0072,627,New Business,2023-06-16 20:20:07,2023-07-01 14:39:38,Closed Lost,82563.0390625,0.0
OPP-017091,ACC-000018,PROD-0016,771,Expansion,2022-07-31 21:58:16,2023-01-24 20:28:28,Closed Lost,25748.060546875,0.0
OPP-017100,ACC-000034,PROD-0086,931,New Business,2022-10-26 15:33:53,2023-02-13 17:37:23,Closed Lost,78029.109375,0.0
OPP-017137,ACC-000015,PROD-0002,660,Upsell,2023-10-12 23:28:27,2023-10-30 00:36:57,Closed Won,64510.75,1.0
OPP-017158,ACC-000051,PROD-0037,833,Renewal,2023-01-08 17:22:42,2023-04-04 17:54:32,Closed Lost,25407.7109375,0.0
OPP-017163,ACC-000003,PROD-0079,894,Renewal,2022-12-04 16:43:48,2023-05-23 21:32:54,Closed Won,73306.78125,1.0
OPP-017166,ACC-000032,PROD-0026,6,New Business,2023-04-13 01:41:56,2023-07-25 23:23:48,Closed Won,70994.9375,1.0
OPP-017187,ACC-000058,PROD-0091,37,New Business,2022-11-04 10:37:35,2023-04-09 19:50:15,Closed Lost,30288.970703125,0.0
OPP-017189,ACC-000010,PROD-0039,942,Expansion,2023-02-12 23:01:32,2023-08-11 19:50:12,Closed Won,54861.0390625,1.0
OPP-017196,ACC-000008,PROD-0049,742,Expansion,2022-11-24 12:38:54,2023-01-29 09:09:58,Closed Lost,63575.71875,0.0
OPP-017204,ACC-000043,PROD-0052,367,Cross-sell,2023-01-08 23:27:24,2023-04-07 03:52:53,Closed Lost,28576.970703125,0.0
OPP-017219,ACC-000054,PROD-0081,134,Expansion,2022-11-28 08:17:44,2023-05-23 13:22:49,Closed Lost,26295.599609375,0.0
OPP-017223,ACC-000015,PROD-0058,167,Renewal,2023-08-04 00:26:11,2023-12-05 03:31:41,Closed Lost,42000.76171875,0.0
OPP-017225,ACC-000027,PROD-0032,909,Upsell,2022-10-22 07:43:47,2023-03-14 04:39:54,Closed Lost,99947.5234375,0.0
OPP-017234,ACC-000055,PROD-0006,169,New Business,2023-06-17 08:25:28,2023-11-16 14:24:15,Closed Lost,24133.650390625,0.0
OPP-017236,ACC-000057,PROD-0048,403,Renewal,2023-02-21 03:41:52,2023-03-12 13:17:12,Closed Lost,35482.87109375,0.0
OPP-017241,ACC-000011,PROD-0066,224,Cross-sell,2022-11-20 22:21:45,2023-04-27 07:59:27,Closed Won,7157.81982421875,1.0
OPP-017245,ACC-000062,PROD-0099,35,Cross-sell,2023-02-22 23:07:36,2023-03-06 10:42:27,Closed Lost,38940.8984375,0.0
OPP-017250,ACC-000017,PROD-0027,433,Upsell,2023-03-21 11:05:17,2023-08-08 16:57:16,Closed Lost,67940.1328125,0.0
OPP-017298,ACC-000010,PROD-0056,151,Expansion,2023-08-02 08:28:35,2023-08-22 18:00:42,Closed Lost,31664.83984375,0.0
OPP-017300,ACC-000026,PROD-0076,956,Cross-sell,2023-05-17 15:48:45,2023-10-02 09:33:00,Closed Lost,78498.6171875,0.0
OPP-017319,ACC-000035,PROD-0049,26,Cross-sell,2023-02-28 13:32:35,2023-04-26 11:00:03,Closed Won,47660.3984375,1.0
OPP-017345,ACC-000016,PROD-0003,277,Upsell,2022-10-07 10:30:32,2023-02-07 03:53:34,Closed Lost,47001.9609375,0.0
OPP-017355,ACC-000020,PROD-0060,827,Upsell,2023-01-07 12:42:45,2023-03-16 17:41:36,Closed Lost,14643.58984375,0.0
OPP-017368,ACC-000007,PROD-0076,221,Renewal,2023-03-23 16:33:28,2023-06-27 05:38:33,Closed Won,79164.6328125,1.0
OPP-017370,ACC-000026,PROD-0043,800,Renewal,2023-12-12 20:33:16,2023-12-16 09:21:48,Closed Lost,52960.3515625,0.0
OPP-017374,ACC-000037,PROD-0045,766,Expansion,2023-04-25 04:21:58,2023-10-20 15:56:53,Closed Won,58854.421875,1.0
OPP-017381,ACC-000017,PROD-0074,100,Upsell,2023-02-19 12:49:03,2023-07-09 18:52:48,Closed Lost,26981.33984375,0.0
OPP-017404,ACC-000050,PROD-0053,575,Cross-sell,2023-02-01 01:34:22,2023-07-19 10:15:43,Closed Won,30098.970703125,1.0
OPP-017410,ACC-000038,PROD-0094,45,Renewal,2023-02-04 04:26:53,2023-07-02 12:32:20,Closed Lost,24074.970703125,0.0
OPP-017414,ACC-000012,PROD-0015,354,New Business,2022-11-29 16:38:56,2023-02-02 09:40:01,Closed Lost,62776.26171875,0.0
OPP-017419,ACC-000051,PROD-0002,579,Renewal,2022-12-21 01:49:45,2023-05-31 22:38:59,Closed Won,97575.0078125,1.0
OPP-017427,ACC-000056,PROD-0021,690,New Business,2023-02-26 05:20:32,2023-04-03 21:11:22,Closed Lost,27922.220703125,0.0
OPP-017430,ACC-000034,PROD-0071,486,New Business,2023-10-11 03:26:50,2023-11-30 14:46:00,Closed Lost,45426.83984375,0.0
OPP-017509,ACC-000031,PROD-0038,285,Upsell,2023-01-24 09:58:08,2023-04-04 02:26:17,Closed Lost,4563.740234375,0.0
OPP-017523,ACC-000044,PROD-0083,63,Renewal,2022-12-15 08:22:58,2023-05-28 19:42:19,Closed Lost,5292.1298828125,0.0
OPP-017548,ACC-000006,PROD-0056,211,New Business,2023-07-27 22:44:38,2023-12-16 07:11:11,Closed Lost,11977.51953125,0.0
OPP-017558,ACC-000010,PROD-0050,254,Upsell,2023-05-07 16:45:52,2023-06-18 18:07:39,Closed Lost,92412.453125,0.0
OPP-017559,ACC-000044,PROD-0094,675,Expansion,2023-10-08 11:45:17,2023-12-20 14:44:11,Closed Won,96679.671875,1.0
OPP-017565,ACC-000003,PROD-0079,20,Expansion,2022-10-27 17:15:06,2023-02-16 04:52:03,Closed Lost,85013.546875,0.0
OPP-017567,ACC-000031,PROD-0081,182,Cross-sell,2023-06-18 23:34:55,2023-11-01 00:27:39,Closed Won,35987.3203125,1.0
OPP-017568,ACC-000054,PROD-0013,345,Upsell,2023-06-29 09:11:47,2023-08-01 21:42:24,Closed Won,67187.1796875,1.0
OPP-017580,ACC-000037,PROD-0053,127,New Business,2023-07-12 06:49:49,2023-10-25 04:00:30,Closed Lost,34871.1796875,0.0
OPP-017589,ACC-000051,PROD-0083,712,New Business,2023-02-01 19:03:40,2023-05-31 23:36:21,Closed Lost,11308.76953125,0.0
OPP-017605,ACC-000027,PROD-0018,975,Upsell,2023-09-04 21:49:04,2023-10-02 17:25:12,Closed Won,17451.66015625,1.0
OPP-017634,ACC-000048,PROD-0093,855,Expansion,2023-04-14 06:54:11,2023-06-24 04:09:56,Closed Lost,63167.26171875,0.0
OPP-017654,ACC-000038,PROD-0062,893,New Business,2023-08-11 05:31:19,2023-10-20 23:23:59,Closed Lost,95214.09375,0.0
OPP-017668,ACC-000002,PROD-0016,247,Renewal,2022-12-01 16:46:33,2023-05-23 19:24:01,Closed Won,23493.849609375,1.0
OPP-017680,ACC-000034,PROD-0034,978,Upsell,2023-06-08 08:52:07,2023-09-06 14:45:16,Closed Lost,77293.8125,0.0
OPP-017682,ACC-000014,PROD-0038,329,Cross-sell,2023-03-08 15:54:24,2023-09-01 00:37:36,Closed Lost,2302.719970703125,0.0
OPP-017699,ACC-000002,PROD-0075,253,Renewal,2023-06-28 04:32:11,2023-08-26 03:49:27,Closed Lost,42983.6796875,0.0
OPP-017730,ACC-000062,PROD-0008,256,Cross-sell,2023-03-21 01:23:27,2023-07-08 06:02:16,Closed Won,55904.0390625,1.0
OPP-017734,ACC-000009,PROD-0066,951,Cross-sell,2023-04-08 10:07:07,2023-09-19 19:29:17,Closed Lost,6911.0498046875,0.0
OPP-017736,ACC-000038,PROD-0021,790,Upsell,2023-03-01 11:23:01,2023-05-30 21:29:25,Closed Lost,23458.19921875,0.0
OPP-017750,ACC-000039,PROD-0051,769,New Business,2023-01-11 09:46:57,2023-01-24 03:28:28,Closed Lost,89441.15625,0.0
OPP-017753,ACC-000034,PROD-0022,165,New Business,2022-09-17 07:37:01,2023-02-16 13:06:05,Closed Won,1209.6099853515625,1.0
OPP-017757,ACC-000057,PROD-0081,597,Cross-sell,2022-10-08 09:17:46,2023-02-13 18:36:14,Closed Won,15353.1396484375,1.0
OPP-017774,ACC-000009,PROD-0089,828,Renewal,2023-02-04 02:39:13,2023-03-09 14:12:38,Closed Won,83277.6484375,1.0
OPP-017789,ACC-000002,PROD-0027,76,Expansion,2023-03-28 22:31:14,2023-08-06 03:48:37,Closed Won,53565.19921875,1.0
OPP-017829,ACC-000044,PROD-0048,700,Expansion,2022-12-06 22:25:51,2023-05-13 05:59:35,Closed Lost,38725.98046875,0.0
OPP-017833,ACC-000036,PROD-0026,164,Expansion,2023-06-14 14:33:31,2023-07-21 20:27:09,Closed Lost,14764.9404296875,0.0
OPP-017849,ACC-000053,PROD-0070,849,Expansion,2023-01-17 21:23:40,2023-07-02 14:56:34,Closed Lost,62962.859375,0.0
OPP-017854,ACC-000040,PROD-0023,565,Renewal,2023-01-30 08:18:58,2023-06-19 22:01:03,Closed Won,66271.1484375,1.0
OPP-017863,ACC-000035,PROD-0012,678,New Business,2023-08-13 07:56:44,2023-10-17 13:42:09,Closed Lost,11393.919921875,0.0
OPP-017866,ACC-000019,PROD-0064,527,New Business,2023-03-14 02:08:03,2023-07-07 00:56:38,Closed Won,43010.80859375,1.0
OPP-017880,ACC-000053,PROD-0052,475,New Business,2023-05-07 18:50:23,2023-07-19 18:30:52,Closed Won,81158.859375,1.0
OPP-017885,ACC-000017,PROD-0021,780,New Business,2023-02-19 05:25:46,2023-07-11 14:46:38,Closed Won,39241.98828125,1.0
OPP-017887,ACC-000053,PROD-0033,523,Upsell,2023-08-18 15:05:22,2023-11-01 20:46:21,Closed Lost,55476.44921875,0.0
OPP-017890,ACC-000017,PROD-0043,828,Upsell,2023-04-28 23:08:39,2023-06-09 11:23:30,Closed Lost,38242.53125,0.0
OPP-017898,ACC-000007,PROD-0025,635,Expansion,2023-01-24 06:03:28,2023-01-29 13:10:20,Closed Lost,32993.328125,0.0
OPP-017902,ACC-000058,PROD-0050,72,Renewal,2022-11-26 09:05:34,2023-05-09 06:03:09,Closed Lost,85660.4375,0.0
OPP-017913,ACC-000038,PROD-0005,820,New Business,2022-11-12 11:38:22,2023-04-15 05:07:21,Closed Won,67629.5390625,1.0
OPP-017919,ACC-000050,PROD-0055,171,Expansion,2023-05-23 11:19:34,2023-06-28 18:13:14,Closed Lost,58479.30859375,0.0
OPP-017946,ACC-000039,PROD-0003,897,New Business,2022-11-02 14:27:40,2023-04-24 16:07:49,Closed Won,98544.7421875,1.0
OPP-017952,ACC-000055,PROD-0007,588,Cross-sell,2023-06-01 23:31:46,2023-09-20 23:56:34,Closed Won,27482.919921875,1.0
OPP-017953,ACC-000061,PROD-0007,772,Expansion,2023-03-31 14:24:28,2023-05-14 07:43:55,Closed Lost,66914.0078125,0.0
OPP-017990,ACC-000047,PROD-0014,92,New Business,2022-08-17 10:25:14,2023-01-29 08:24:18,Closed Won,9944.8701171875,1.0
OPP-017997,ACC-000025,PROD-0023,105,Cross-sell,2023-08-09 23:26:14,2023-09-17 15:31:19,Closed Lost,58358.30078125,0.0
OPP-018008,ACC-000020,PROD-0015,205,Renewal,2022-12-10 23:25:39,2023-05-30 22:40:38,Closed Won,9876.080078125,1.0
OPP-018017,ACC-000002,PROD-0017,692,Upsell,2023-03-12 10:10:51,2023-07-23 20:23:05,Closed Won,37837.51953125,1.0
OPP-018034,ACC-000019,PROD-0051,331,Cross-sell,2023-05-12 01:04:41,2023-08-25 07:43:32,Closed Lost,19382.169921875,0.0
OPP-018086,ACC-000053,PROD-0072,187,Renewal,2023-02-25 14:31:11,2023-04-01 18:47:13,Closed Won,65452.23046875,1.0
OPP-018100,ACC-000002,PROD-0013,552,Cross-sell,2023-01-29 19:53:44,2023-05-30 07:43:43,Closed Won,51321.8203125,1.0
OPP-018101,ACC-000052,PROD-0021,765,Upsell,2022-12-27 18:31:09,2023-06-07 09:46:10,Closed Lost,88163.078125,0.0
OPP-018113,ACC-000028,PROD-0080,452,New Business,2023-05-17 06:33:19,2023-07-01 07:42:13,Closed Lost,78223.65625,0.0
OPP-018136,ACC-000038,PROD-0071,288,Expansion,2023-03-07 10:32:29,2023-03-26 05:36:20,Closed Won,54812.671875,1.0
OPP-018152,ACC-000005,PROD-0048,438,Cross-sell,2023-02-10 15:23:47,2023-02-19 03:09:57,Closed Won,58614.08984375,1.0
OPP-018182,ACC-000057,PROD-0048,139,Renewal,2023-03-15 21:24:13,2023-06-17 19:15:54,Closed Won,19501.369140625,1.0
OPP-018185,ACC-000047,PROD-0060,215,Upsell,2023-05-17 03:39:27,2023-10-11 12:23:41,Closed Lost,44263.51171875,0.0
OPP-018205,ACC-000021,PROD-0093,145,Upsell,2023-11-24 22:28:46,2023-12-25 21:29:25,Closed Won,34037.328125,1.0
OPP-018213,ACC-000049,PROD-0084,40,Cross-sell,2023-03-19 18:14:38,2023-03-31 20:37:42,Closed Lost,94803.5625,0.0
OPP-018223,ACC-000006,PROD-0015,370,New Business,2023-02-23 19:29:31,2023-04-12 20:25:36,Closed Won,68595.75,1.0
OPP-018234,ACC-000038,PROD-0100,152,Expansion,2023-10-02 08:11:36,2023-10-14 02:28:40,Closed Lost,42463.6484375,0.0
OPP-018268,ACC-000012,PROD-0096,110,Expansion,2023-02-18 09:11:19,2023-03-03 15:59:24,Closed Won,90562.3515625,1.0
OPP-018269,ACC-000019,PROD-0024,427,Expansion,2022-10-29 02:11:43,2023-03-20 22:33:38,Closed Won,92787.921875,1.0
OPP-018270,ACC-000041,PROD-0029,482,New Business,2022-09-01 15:24:07,2023-02-03 04:35:00,Closed Won,16447.150390625,1.0
OPP-018285,ACC-000004,PROD-0045,728,Cross-sell,2023-04-24 15:09:51,2023-09-12 12:22:39,Closed Lost,97321.703125,0.0
OPP-018301,ACC-000061,PROD-0033,969,Expansion,2022-11-09 06:59:17,2023-02-05 20:08:40,Closed Lost,21962.75,0.0
OPP-018319,ACC-000062,PROD-0035,406,Upsell,2023-08-08 06:48:40,2023-08-27 22:38:29,Closed Lost,7108.509765625,0.0
OPP-018330,ACC-000013,PROD-0094,315,New Business,2023-03-17 10:33:16,2023-06-16 07:09:37,Closed Lost,52873.98828125,0.0
OPP-018333,ACC-000011,PROD-0082,329,Expansion,2023-06-03 16:28:02,2023-08-22 12:29:13,Closed Lost,45423.78125,0.0
OPP-018340,ACC-000055,PROD-0041,19,Expansion,2023-04-21 21:40:23,2023-07-27 03:47:57,Closed Won,78569.2890625,1.0
OPP-018347,ACC-000033,PROD-0007,812,Upsell,2023-05-09 17:55:36,2023-09-14 08:37:36,Closed Won,48404.26171875,1.0
OPP-018352,ACC-000044,PROD-0027,417,Cross-sell,2022-12-07 08:59:51,2023-04-22 10:02:34,Closed Lost,28470.7109375,0.0
OPP-018360,ACC-000053,PROD-0011,423,Cross-sell,2022-12-28 00:46:56,2023-02-13 02:21:38,Closed Lost,97681.78125,0.0
OPP-018392,ACC-000015,PROD-0037,960,Upsell,2022-12-27 08:13:39,2023-06-09 21:00:01,Closed Won,65142.1484375,1.0
OPP-018419,ACC-000051,PROD-0019,370,New Business,2023-05-25 05:53:42,2023-09-18 09:52:31,Closed Won,30304.939453125,1.0
OPP-018423,ACC-000022,PROD-0050,187,New Business,2023-04-11 16:37:08,2023-09-18 04:27:35,Closed Lost,41450.1796875,0.0
OPP-018435,ACC-000046,PROD-0093,451,Renewal,2022-12-28 22:38:48,2023-03-01 01:25:00,Closed Won,90324.7734375,1.0
OPP-018438,ACC-000032,PROD-0055,578,Cross-sell,2023-06-29 02:17:02,2023-08-07 18:31:45,Closed Won,4787.6298828125,1.0
OPP-018463,ACC-000021,PROD-0005,497,Cross-sell,2023-06-22 09:39:55,2023-11-10 00:31:19,Closed Won,55825.23046875,1.0
OPP-018466,ACC-000062,PROD-0086,125,New Business,2022-12-23 21:53:50,2023-01-15 07:06:09,Closed Won,87113.0,1.0
OPP-018470,ACC-000051,PROD-0057,540,New Business,2023-04-01 23:04:32,2023-08-11 22:06:21,Closed Lost,80699.40625,0.0
OPP-018475,ACC-000009,PROD-0006,174,Expansion,2022-10-29 09:00:11,2023-02-26 14:49:49,Closed Lost,64497.62109375,0.0
OPP-018476,ACC-000030,PROD-0029,394,New Business,2022-09-22 00:59:59,2023-03-19 22:38:19,Closed Lost,33690.41015625,0.0
OPP-018484,ACC-000012,PROD-0085,517,Expansion,2023-03-01 19:23:17,2023-05-09 12:21:32,Closed Won,27208.30078125,1.0
OPP-018487,ACC-000015,PROD-0012,419,Cross-sell,2023-04-02 14:48:37,2023-08-09 06:47:30,Closed Lost,21255.029296875,0.0
OPP-018500,ACC-000036,PROD-0089,813,New Business,2022-10-15 22:05:45,2023-02-12 18:09:38,Closed Won,63267.87890625,1.0
OPP-018512,ACC-000014,PROD-0035,22,Cross-sell,2023-05-30 00:08:29,2023-07-25 08:45:06,Closed Won,33878.1015625,1.0
OPP-018516,ACC-000062,PROD-0061,586,Upsell,2023-03-27 08:34:27,2023-05-18 13:56:41,Closed Won,69497.859375,1.0
OPP-018557,ACC-000001,PROD-0014,396,Expansion,2022-10-09 17:11:28,2023-04-03 07:56:34,Closed Won,72132.421875,1.0
OPP-018596,ACC-000030,PROD-0094,93,New Business,2022-11-28 08:44:29,2023-05-15 01:30:33,Closed Lost,10277.3701171875,0.0
OPP-018609,ACC-000041,PROD-0095,685,Upsell,2023-04-27 22:23:31,2023-10-02 11:23:25,Closed Won,30589.869140625,1.0
OPP-018623,ACC-000049,PROD-0019,214,Expansion,2023-03-06 14:08:19,2023-05-21 21:49:11,Closed Lost,76720.859375,0.0
OPP-018631,ACC-000042,PROD-0010,532,Renewal,2022-10-02 08:39:03,2023-03-25 05:30:39,Closed Won,43342.75,1.0
OPP-018642,ACC-000053,PROD-0031,806,Upsell,2022-10-23 04:23:13,2023-01-21 00:34:53,Closed Won,74548.8203125,1.0
OPP-018645,ACC-000023,PROD-0027,220,Cross-sell,2023-03-22 04:02:08,2023-05-02 12:58:37,Closed Lost,35271.7890625,0.0
OPP-018659,ACC-000045,PROD-0076,368,Cross-sell,2023-03-06 02:48:55,2023-08-05 20:32:50,Closed Won,23144.30078125,1.0
OPP-018666,ACC-000038,PROD-0076,616,Renewal,2022-10-29 00:45:49,2023-03-17 01:07:29,Closed Won,42774.80859375,1.0
OPP-018726,ACC-000052,PROD-0003,157,Cross-sell,2023-03-13 22:15:29,2023-07-04 07:30:23,Closed Won,98386.421875,1.0
OPP-018738,ACC-000059,PROD-0100,55,Renewal,2023-05-14 14:24:06,2023-05-28 18:00:12,Closed Won,31864.900390625,1.0
OPP-018747,ACC-000018,PROD-0047,38,Renewal,2023-05-09 06:23:13,2023-10-23 11:10:58,Closed Lost,69806.859375,0.0
OPP-018756,ACC-000048,PROD-0034,802,Upsell,2022-07-20 13:43:28,2023-01-12 01:42:49,Closed Won,12978.48046875,1.0
OPP-018771,ACC-000029,PROD-0034,389,New Business,2023-07-26 02:07:33,2023-08-29 05:18:24,Closed Lost,27620.869140625,0.0
OPP-018798,ACC-000059,PROD-0021,785,Renewal,2023-01-29 11:21:26,2023-02-10 19:56:20,Closed Lost,69101.1328125,0.0
OPP-018815,ACC-000026,PROD-0084,14,Upsell,2023-08-06 19:50:01,2023-10-09 04:20:15,Closed Lost,66774.0234375,0.0
OPP-018834,ACC-000050,PROD-0060,140,New Business,2023-06-27 09:18:58,2023-10-28 12:18:23,Closed Won,94605.859375,1.0
OPP-018840,ACC-000033,PROD-0072,82,Renewal,2022-11-02 11:35:27,2023-02-27 18:11:17,Closed Lost,83003.7421875,0.0
OPP-018857,ACC-000005,PROD-0061,693,New Business,2023-07-22 17:16:47,2023-09-10 02:11:14,Closed Won,18887.55078125,1.0
OPP-018869,ACC-000007,PROD-0066,44,New Business,2023-10-01 07:42:23,2023-12-30 05:37:35,Closed Lost,52320.55859375,0.0
OPP-018887,ACC-000021,PROD-0040,384,Expansion,2023-07-21 13:49:12,2023-09-17 03:36:01,Closed Won,88230.90625,1.0
OPP-018910,ACC-000051,PROD-0007,252,Upsell,2023-08-02 05:23:34,2023-10-17 12:43:13,Closed Lost,36717.69140625,0.0
OPP-018926,ACC-000017,PROD-0074,802,Cross-sell,2022-11-08 10:56:10,2023-03-22 11:43:47,Closed Won,90388.4921875,1.0
OPP-018949,ACC-000009,PROD-0060,102,Cross-sell,2022-10-14 23:00:29,2023-01-21 11:26:43,Closed Lost,8932.4404296875,0.0
OPP-018975,ACC-000017,PROD-0092,385,Renewal,2023-05-25 19:39:04,2023-08-31 07:04:15,Closed Won,12922.33984375,1.0
OPP-019014,ACC-000035,PROD-0060,593,Renewal,2023-01-22 14:46:29,2023-05-14 19:46:18,Closed Won,34990.578125,1.0
OPP-019024,ACC-000007,PROD-0028,28,Renewal,2023-03-28 06:45:08,2023-05-10 16:24:46,Closed Won,57087.66015625,1.0
OPP-019029,ACC-000051,PROD-0031,594,Expansion,2022-11-01 03:46:44,2023-03-29 05:45:20,Closed Lost,50734.03125,0.0
OPP-019052,ACC-000021,PROD-0061,3,Expansion,2022-12-01 07:48:14,2023-04-10 02:45:04,Closed Won,32190.640625,1.0
OPP-019083,ACC-000019,PROD-0042,713,Renewal,2023-01-27 15:06:51,2023-06-23 02:33:40,Closed Won,53968.69140625,1.0
OPP-019089,ACC-000018,PROD-0094,292,Upsell,2023-10-12 19:59:31,2023-11-12 16:04:12,Closed Lost,69736.96875,0.0
OPP-019091,ACC-000025,PROD-0048,249,Expansion,2023-05-06 00:07:00,2023-08-20 12:43:48,Closed Lost,23017.400390625,0.0
OPP-019094,ACC-000050,PROD-0095,613,Upsell,2023-08-13 12:34:13,2023-10-31 11:31:31,Closed Won,69408.6796875,1.0
OPP-019101,ACC-000031,PROD-0077,254,Renewal,2023-10-01 04:48:54,2023-12-04 15:25:29,Closed Won,22524.669921875,1.0
OPP-019107,ACC-000055,PROD-0066,38,Renewal,2022-10-16 07:07:30,2023-03-11 22:44:07,Closed Won,85961.046875,1.0
OPP-019122,ACC-000015,PROD-0035,497,New Business,2023-07-14 21:53:16,2023-09-01 09:34:56,Closed Won,76512.7890625,1.0
OPP-019131,ACC-000044,PROD-0096,343,Expansion,2023-03-10 20:33:17,2023-08-04 06:50:30,Closed Lost,13302.990234375,0.0
OPP-019173,ACC-000047,PROD-0072,579,Expansion,2023-06-30 08:05:51,2023-12-15 20:34:29,Closed Lost,43105.19921875,0.0
OPP-019175,ACC-000010,PROD-0079,295,Cross-sell,2023-05-23 04:57:32,2023-06-22 23:58:03,Closed Lost,64209.7109375,0.0
OPP-019218,ACC-000062,PROD-0004,174,Renewal,2022-11-17 23:39:21,2023-04-25 04:43:35,Closed Won,84343.03125,1.0
OPP-019220,ACC-000044,PROD-0010,814,New Business,2022-07-13 00:50:28,2023-01-02 03:16:46,Closed Won,23232.05078125,1.0
OPP-019257,ACC-000015,PROD-0094,398,New Business,2023-08-16 18:47:39,2023-12-14 02:52:05,Closed Lost,17281.330078125,0.0
OPP-019265,ACC-000041,PROD-0049,974,Renewal,2023-03-23 14:46:01,2023-09-15 09:40:07,Closed Lost,40682.6484375,0.0
OPP-019268,ACC-000017,PROD-0049,189,Cross-sell,2023-08-23 02:01:56,2023-10-28 08:56:33,Closed Won,67151.359375,1.0
OPP-019277,ACC-000046,PROD-0032,878,Renewal,2023-03-15 19:39:38,2023-04-20 04:41:41,Closed Lost,93782.390625,0.0
OPP-019278,ACC-000020,PROD-0053,789,Renewal,2023-03-08 07:10:22,2023-06-05 15:02:51,Closed Won,90602.578125,1.0
OPP-019303,ACC-000014,PROD-0034,240,Cross-sell,2023-06-14 20:17:00,2023-11-05 23:45:32,Closed Won,28570.439453125,1.0
OPP-019342,ACC-000035,PROD-0057,514,Cross-sell,2023-05-20 05:25:11,2023-08-08 19:00:01,Closed Won,15526.849609375,1.0
OPP-019375,ACC-000030,PROD-0065,690,Expansion,2022-11-13 09:07:29,2023-02-09 09:58:08,Closed Won,39787.05078125,1.0
OPP-019390,ACC-000032,PROD-0045,219,Expansion,2023-05-19 19:50:13,2023-10-11 03:58:39,Closed Lost,63987.4296875,0.0
OPP-019398,ACC-000056,PROD-0022,931,New Business,2023-05-20 22:27:46,2023-07-12 23:58:44,Closed Lost,12645.4404296875,0.0
OPP-019404,ACC-000002,PROD-0018,385,New Business,2023-04-16 18:13:36,2023-08-10 09:03:50,Closed Lost,55947.26953125,0.0
OPP-019410,ACC-000015,PROD-0061,43,Expansion,2023-03-06 06:59:57,2023-06-09 08:36:44,Closed Lost,12446.740234375,0.0
OPP-019414,ACC-000048,PROD-0013,1,Expansion,2023-06-08 22:31:27,2023-08-08 13:13:03,Closed Won,93694.203125,1.0
OPP-019420,ACC-000014,PROD-0024,150,Cross-sell,2022-12-27 07:07:38,2023-05-10 10:10:47,Closed Won,62761.48828125,1.0
OPP-019435,ACC-000015,PROD-0066,318,Renewal,2023-06-16 07:57:10,2023-08-03 10:13:59,Closed Lost,25422.73046875,0.0
OPP-019436,ACC-000021,PROD-0047,384,New Business,2022-09-20 11:30:26,2023-03-03 09:02:40,Closed Lost,30496.630859375,0.0
OPP-019447,ACC-000044,PROD-0086,280,Expansion,2022-09-26 16:20:28,2023-02-25 10:39:14,Closed Lost,77034.8671875,0.0
OPP-019458,ACC-000028,PROD-0012,95,Renewal,2023-03-03 09:41:53,2023-08-21 11:24:01,Closed Won,22639.599609375,1.0
OPP-019466,ACC-000045,PROD-0075,748,Cross-sell,2023-06-11 02:35:36,2023-06-19 16:44:25,Closed Won,80676.90625,1.0
OPP-019468,ACC-000011,PROD-0092,904,New Business,2023-03-12 06:49:00,2023-05-08 13:44:45,Closed Lost,76207.7890625,0.0
OPP-019485,ACC-000015,PROD-0073,469,Upsell,2023-11-08 13:55:45,2023-12-16 11:10:42,Closed Lost,21371.4609375,0.0
OPP-019488,ACC-000046,PROD-0072,35,Expansion,2022-11-23 00:32:50,2023-02-25 17:00:33,Closed Lost,66120.109375,0.0
OPP-019489,ACC-000042,PROD-0042,644,Expansion,2022-10-15 13:28:27,2023-02-23 00:47:18,Closed Lost,55937.578125,0.0
OPP-019492,ACC-000008,PROD-0050,429,Upsell,2023-11-01 14:55:47,2023-12-18 15:14:56,Closed Lost,57537.3515625,0.0
OPP-019495,ACC-000038,PROD-0028,298,Upsell,2023-07-04 11:32:41,2023-08-25 08:08:26,Closed Won,58679.80078125,1.0
OPP-019500,ACC-000001,PROD-0019,692,Upsell,2022-12-20 14:25:33,2023-03-12 09:05:54,Closed Lost,20217.619140625,0.0
OPP-019525,ACC-000025,PROD-0070,332,Cross-sell,2023-02-20 09:08:36,2023-04-19 05:36:53,Closed Lost,58066.05859375,0.0
OPP-019532,ACC-000031,PROD-0011,926,Expansion,2023-05-10 09:48:07,2023-08-24 12:43:59,Closed Won,23892.849609375,1.0
OPP-019538,ACC-000062,PROD-0012,354,New Business,2023-05-26 19:09:23,2023-09-15 09:08:09,Closed Lost,24343.83984375,0.0
OPP-019563,ACC-000003,PROD-0038,366,New Business,2022-08-24 03:37:56,2023-02-19 14:10:30,Closed Won,85222.2265625,1.0
OPP-019569,ACC-000017,PROD-0036,437,New Business,2023-03-01 16:32:41,2023-06-04 15:54:20,Closed Lost,79747.78125,0.0
OPP-019578,ACC-000045,PROD-0037,562,Cross-sell,2023-01-30 21:51:26,2023-03-04 22:02:33,Closed Lost,91892.3203125,0.0
OPP-019591,ACC-000053,PROD-0017,426,Renewal,2022-10-31 13:40:35,2023-01-23 04:30:40,Closed Lost,49143.0390625,0.0
OPP-019601,ACC-000005,PROD-0011,706,Upsell,2023-05-12 10:20:26,2023-10-14 10:35:09,Closed Lost,87950.5625,0.0
OPP-019604,ACC-000018,PROD-0097,976,Upsell,2022-10-18 22:49:18,2023-01-21 05:38:57,Closed Lost,77052.65625,0.0
OPP-019616,ACC-000034,PROD-0063,108,Renewal,2023-05-08 13:00:23,2023-07-11 21:28:37,Closed Lost,74189.5,0.0
OPP-019646,ACC-000044,PROD-0100,506,Cross-sell,2023-07-02 06:24:08,2023-08-18 06:06:11,Closed Won,38558.25,1.0
OPP-019673,ACC-000027,PROD-0093,606,New Business,2022-12-18 11:48:33,2023-01-15 15:59:28,Closed Lost,45664.33984375,0.0
OPP-019682,ACC-000013,PROD-0008,192,Cross-sell,2023-07-28 14:25:22,2023-10-09 02:33:40,Closed Won,52458.671875,1.0
OPP-019685,ACC-000048,PROD-0030,47,Cross-sell,2023-05-26 11:44:37,2023-06-09 09:56:10,Closed Lost,99837.6875,0.0
OPP-019697,ACC-000015,PROD-0074,880,Renewal,2023-05-25 21:12:36,2023-08-23 01:30:24,Closed Won,21255.7890625,1.0
OPP-019707,ACC-000030,PROD-0062,277,Expansion,2023-05-10 12:59:21,2023-10-28 05:24:07,Closed Lost,16160.4501953125,0.0
OPP-019723,ACC-000018,PROD-0009,361,New Business,2022-09-21 02:46:55,2023-03-05 15:58:38,Closed Lost,8164.10986328125,0.0
OPP-019731,ACC-000006,PROD-0030,541,Renewal,2023-08-30 16:13:48,2023-12-13 10:19:16,Closed Won,74272.34375,1.0
OPP-019749,ACC-000029,PROD-0083,485,Cross-sell,2023-08-23 15:48:18,2023-12-06 12:50:34,Closed Lost,65767.7890625,0.0
OPP-019753,ACC-000034,PROD-0042,100,New Business,2023-11-10 13:20:55,2023-11-24 19:43:50,Closed Won,17329.220703125,1.0
OPP-019771,ACC-000057,PROD-0064,322,Renewal,2022-11-18 02:32:12,2023-04-29 14:41:23,Closed Won,36399.51953125,1.0
OPP-019787,ACC-000039,PROD-0070,241,Expansion,2023-04-19 13:30:01,2023-08-31 16:26:13,Closed Won,68650.921875,1.0
OPP-019806,ACC-000030,PROD-0073,652,Upsell,2023-03-05 19:41:02,2023-04-02 08:03:39,Closed Won,92131.3125,1.0
OPP-019813,ACC-000037,PROD-0006,668,Cross-sell,2023-04-27 13:43:27,2023-06-18 10:42:02,Closed Lost,89311.8125,0.0
OPP-019826,ACC-000048,PROD-0068,119,Expansion,2023-07-13 17:53:21,2023-08-27 23:51:49,Closed Lost,53456.30078125,0.0
OPP-019860,ACC-000026,PROD-0002,957,Expansion,2023-01-25 10:52:47,2023-04-21 12:17:45,Closed Lost,5879.66015625,0.0
OPP-019869,ACC-000044,PROD-0017,66,New Business,2022-11-21 00:34:45,2023-03-25 08:24:13,Closed Won,98698.328125,1.0
OPP-019881,ACC-000057,PROD-0028,999,Cross-sell,2023-05-14 19:24:14,2023-10-07 12:15:08,Closed Won,82878.21875,1.0
OPP-019905,ACC-000056,PROD-0099,475,New Business,2022-10-06 10:31:44,2023-04-03 06:57:04,Closed Lost,37004.25,0.0
OPP-019917,ACC-000013,PROD-0018,321,Renewal,2023-09-19 14:22:45,2023-10-10 22:50:04,Closed Won,33474.671875,1.0
OPP-019926,ACC-000045,PROD-0032,203,Expansion,2023-05-04 09:59:03,2023-10-17 06:14:38,Closed Won,80366.0625,1.0
OPP-019927,ACC-000032,PROD-0083,119,New Business,2023-10-09 19:16:40,2023-11-01 22:54:53,Closed Won,29924.33984375,1.0
OPP-019954,ACC-000062,PROD-0050,921,Expansion,2023-06-25 14:25:06,2023-10-16 15:51:46,Closed Won,84089.90625,1.0
OPP-019978,ACC-000006,PROD-0047,484,New Business,2023-06-20 10:14:03,2023-11-13 20:50:15,Closed Lost,91472.2109375,0.0
OPP-020000,ACC-000044,PROD-0076,496,Upsell,2023-07-05 09:18:31,2023-09-04 01:46:27,Closed Won,82765.7265625,1.0
OPP-020010,ACC-000021,PROD-0075,440,Expansion,2023-12-07 04:47:54,2023-12-19 16:05:17,Closed Won,16088.9697265625,1.0
OPP-020012,ACC-000009,PROD-0082,973,Cross-sell,2023-10-01 15:16:21,2023-12-05 08:16:59,Closed Lost,25518.76953125,0.0
OPP-020028,ACC-000023,PROD-0028,124,Upsell,2023-06-14 18:29:29,2023-07-25 21:14:34,Closed Won,13600.1298828125,1.0
OPP-020032,ACC-000025,PROD-0017,96,New Business,2022-12-13 19:03:16,2023-04-29 04:03:19,Closed Lost,70569.2578125,0.0
OPP-020035,ACC-000025,PROD-0026,983,Cross-sell,2023-08-08 09:00:31,2023-09-18 07:22:04,Closed Won,53276.828125,1.0
OPP-020060,ACC-000037,PROD-0022,182,Expansion,2023-04-27 20:48:53,2023-05-16 09:51:53,Closed Won,17751.109375,1.0
OPP-020072,ACC-000044,PROD-0046,692,Cross-sell,2023-02-02 00:07:35,2023-03-21 11:51:07,Closed Lost,86821.96875,0.0
OPP-020082,ACC-000041,PROD-0005,438,New Business,2023-02-08 14:50:58,2023-04-06 23:10:25,Closed Won,6096.3798828125,1.0
OPP-020099,ACC-000016,PROD-0023,222,Renewal,2023-02-06 02:25:53,2023-04-27 16:30:49,Closed Won,35087.890625,1.0
OPP-020104,ACC-000041,PROD-0014,942,Upsell,2023-09-16 06:57:54,2023-10-03 06:04:35,Closed Won,19216.83984375,1.0
OPP-020120,ACC-000038,PROD-0035,445,Upsell,2022-11-30 14:33:53,2023-03-15 13:46:16,Closed Lost,64627.3984375,0.0
OPP-020135,ACC-000029,PROD-0092,570,New Business,2023-07-30 09:43:24,2023-09-10 23:00:14,Closed Lost,41687.48046875,0.0
OPP-020139,ACC-000019,PROD-0035,912,Renewal,2023-07-24 11:43:49,2023-10-14 23:40:00,Closed Won,57828.25,1.0
OPP-020150,ACC-000045,PROD-0100,57,Expansion,2023-06-02 17:31:01,2023-06-26 06:23:31,Closed Won,11759.8603515625,1.0
OPP-020163,ACC-000053,PROD-0071,921,Expansion,2023-08-06 23:44:36,2023-10-25 01:48:50,Closed Lost,59615.5,0.0
OPP-020177,ACC-000005,PROD-0084,132,Upsell,2022-09-03 18:30:28,2023-01-01 22:23:56,Closed Won,27411.130859375,1.0
OPP-020196,ACC-000001,PROD-0089,70,Expansion,2023-07-31 06:02:37,2023-08-25 04:35:50,Closed Won,98252.203125,1.0
OPP-020197,ACC-000043,PROD-0058,528,New Business,2023-06-03 01:54:35,2023-07-25 17:00:35,Closed Lost,9225.169921875,0.0
OPP-020207,ACC-000060,PROD-0045,672,Renewal,2023-02-14 16:52:15,2023-07-28 15:33:50,Closed Won,77206.2421875,1.0
OPP-020223,ACC-000023,PROD-0064,878,Expansion,2023-08-25 13:38:43,2023-11-30 09:08:17,Closed Lost,15283.7099609375,0.0
OPP-020226,ACC-000022,PROD-0085,619,Cross-sell,2023-06-28 12:37:12,2023-09-23 14:01:23,Closed Lost,94099.78125,0.0
OPP-020234,ACC-000015,PROD-0006,880,Cross-sell,2023-03-19 06:08:58,2023-05-14 09:31:14,Closed Won,56995.12109375,1.0
OPP-020248,ACC-000034,PROD-0003,616,Renewal,2022-12-22 21:22:01,2023-01-30 08:49:06,Closed Lost,13467.7802734375,0.0
OPP-020257,ACC-000056,PROD-0015,549,Upsell,2022-08-13 11:16:42,2023-01-14 09:24:27,Closed Won,78883.9609375,1.0
OPP-020296,ACC-000056,PROD-0085,930,Cross-sell,2023-07-18 10:52:44,2023-12-05 05:05:44,Closed Won,83234.7890625,1.0
OPP-020303,ACC-000059,PROD-0098,232,Expansion,2023-06-21 21:09:18,2023-06-28 08:23:45,Closed Won,76383.0,1.0
OPP-020312,ACC-000017,PROD-0044,257,New Business,2023-03-22 15:05:06,2023-05-02 08:59:28,Closed Lost,21020.16015625,0.0
OPP-020336,ACC-000020,PROD-0033,218,Cross-sell,2023-02-12 21:02:36,2023-05-26 23:38:15,Closed Won,95174.2734375,1.0
OPP-020341,ACC-000032,PROD-0019,534,New Business,2023-07-06 06:57:14,2023-07-09 14:52:27,Closed Won,75248.2265625,1.0
OPP-020358,ACC-000035,PROD-0005,465,Renewal,2023-04-02 20:39:59,2023-08-21 22:49:42,Closed Won,45938.6015625,1.0
OPP-020369,ACC-000031,PROD-0003,333,Expansion,2022-12-07 03:13:42,2023-03-08 09:34:09,Closed Lost,28676.310546875,0.0
OPP-020370,ACC-000002,PROD-0083,865,Renewal,2023-07-07 16:41:32,2023-11-03 03:48:04,Closed Lost,79661.71875,0.0
OPP-020377,ACC-000047,PROD-0078,377,Expansion,2023-11-20 07:05:20,2023-11-23 16:31:26,Closed Lost,96553.5078125,0.0
OPP-020380,ACC-000050,PROD-0078,498,Renewal,2023-06-15 07:46:35,2023-07-28 07:17:05,Closed Won,47009.55078125,1.0
OPP-020393,ACC-000010,PROD-0088,384,Renewal,2023-11-25 09:35:37,2023-12-04 09:51:45,Closed Won,95381.53125,1.0
OPP-020439,ACC-000026,PROD-0055,366,Renewal,2022-12-12 08:23:20,2023-01-17 12:18:00,Closed Won,3786.72998046875,1.0
OPP-020451,ACC-000062,PROD-0055,605,Renewal,2022-10-15 12:20:32,2023-03-09 13:52:59,Closed Won,89985.9375,1.0
OPP-020454,ACC-000054,PROD-0054,130,New Business,2023-07-05 14:53:33,2023-12-25 03:22:40,Closed Won,83076.2890625,1.0
OPP-020511,ACC-000032,PROD-0091,468,Expansion,2023-07-12 15:00:21,2023-10-29 14:09:56,Closed Lost,50186.12890625,0.0
OPP-020512,ACC-000036,PROD-0002,388,Cross-sell,2023-04-24 09:13:46,2023-09-26 00:19:10,Closed Lost,91326.953125,0.0
OPP-020516,ACC-000033,PROD-0039,838,Expansion,2023-04-14 00:58:09,2023-05-09 16:22:26,Closed Won,10083.740234375,1.0
OPP-020518,ACC-000056,PROD-0024,682,New Business,2023-02-07 21:38:12,2023-02-20 07:36:21,Closed Lost,96325.4609375,0.0
OPP-020522,ACC-000059,PROD-0043,885,Renewal,2023-09-22 22:29:36,2023-11-15 05:12:57,Closed Lost,36828.578125,0.0
OPP-020528,ACC-000042,PROD-0068,819,Expansion,2023-05-10 11:33:26,2023-10-17 21:03:44,Closed Won,99337.328125,1.0
OPP-020535,ACC-000020,PROD-0026,411,Renewal,2023-07-30 20:11:25,2023-09-26 11:01:57,Closed Lost,25371.990234375,0.0
OPP-020537,ACC-000003,PROD-0023,470,New Business,2023-11-26 18:28:57,2023-12-23 03:15:36,Closed Won,67253.3203125,1.0
OPP-020549,ACC-000038,PROD-0044,628,Cross-sell,2023-03-01 03:15:07,2023-06-28 04:24:30,Closed Lost,57173.9296875,0.0
OPP-020554,ACC-000007,PROD-0100,620,Renewal,2022-11-17 01:12:28,2023-01-01 19:14:05,Closed Won,74994.8125,1.0
OPP-020558,ACC-000052,PROD-0050,344,Expansion,2023-08-29 14:44:37,2023-11-23 11:31:36,Closed Lost,35300.1015625,0.0
OPP-020570,ACC-000058,PROD-0045,917,Renewal,2023-04-30 04:25:39,2023-06-06 14:12:07,Closed Lost,54363.05078125,0.0
OPP-020601,ACC-000057,PROD-0035,554,Upsell,2023-06-02 23:05:12,2023-07-20 10:10:41,Closed Lost,56313.328125,0.0
OPP-020606,ACC-000008,PROD-0062,647,Upsell,2023-09-08 09:29:34,2023-12-19 13:57:31,Closed Won,42905.19921875,1.0
OPP-020628,ACC-000020,PROD-0026,136,Renewal,2023-08-05 16:59:08,2023-09-14 20:14:13,Closed Won,46562.71875,1.0
OPP-020636,ACC-000015,PROD-0065,412,Cross-sell,2023-06-12 21:28:32,2023-11-04 14:11:03,Closed Won,9373.849609375,1.0
OPP-020670,ACC-000055,PROD-0088,606,Renewal,2023-05-21 21:28:52,2023-06-07 21:52:29,Closed Lost,23756.140625,0.0
OPP-020681,ACC-000045,PROD-0002,842,Cross-sell,2022-11-22 18:48:30,2023-03-01 02:47:44,Closed Won,95132.1484375,1.0
OPP-020696,ACC-000018,PROD-0047,217,New Business,2022-11-13 19:09:34,2023-04-11 21:18:55,Closed Won,82830.1875,1.0
OPP-020711,ACC-000044,PROD-0026,181,Cross-sell,2022-08-27 04:31:01,2023-02-11 19:27:40,Closed Won,18561.25,1.0
OPP-020712,ACC-000050,PROD-0008,197,New Business,2023-03-18 19:40:22,2023-06-11 16:40:13,Closed Lost,67786.6875,0.0
OPP-020713,ACC-000001,PROD-0066,906,Cross-sell,2023-05-15 14:23:41,2023-06-14 09:22:56,Closed Won,20336.349609375,1.0
OPP-020741,ACC-000059,PROD-0050,871,New Business,2022-12-19 01:48:02,2023-03-27 07:41:03,Closed Won,4930.43017578125,1.0
OPP-020748,ACC-000012,PROD-0094,1000,Upsell,2023-06-24 21:57:51,2023-08-09 01:43:55,Closed Won,31348.849609375,1.0
OPP-020752,ACC-000027,PROD-0046,798,New Business,2023-03-29 22:45:39,2023-05-30 10:47:47,Closed Won,7129.47021484375,1.0
OPP-020754,ACC-000030,PROD-0066,937,New Business,2022-12-15 15:24:46,2023-03-14 21:13:40,Closed Lost,71312.890625,0.0
OPP-020770,ACC-000054,PROD-0098,314,Expansion,2023-04-09 22:59:08,2023-04-24 10:36:53,Closed Won,85270.03125,1.0
OPP-020777,ACC-000005,PROD-0033,125,Renewal,2023-11-22 10:21:12,2023-11-26 21:46:06,Closed Won,87942.5390625,1.0
OPP-020792,ACC-000020,PROD-0010,509,Cross-sell,2023-03-24 23:55:44,2023-03-30 13:35:39,Closed Lost,81117.6875,0.0
OPP-020821,ACC-000013,PROD-0020,299,New Business,2023-01-30 23:12:00,2023-02-03 04:55:33,Closed Won,40331.30859375,1.0
OPP-020824,ACC-000027,PROD-0042,652,New Business,2023-05-05 16:08:15,2023-09-29 14:03:20,Closed Won,44644.05078125,1.0
OPP-020836,ACC-000012,PROD-0079,163,Cross-sell,2022-10-16 02:09:32,2023-02-21 07:06:24,Closed Lost,50474.62890625,0.0
OPP-020840,ACC-000023,PROD-0015,967,New Business,2023-05-12 18:53:06,2023-08-03 03:23:20,Closed Lost,14022.08984375,0.0
OPP-020866,ACC-000054,PROD-0054,933,New Business,2023-10-07 06:57:15,2023-11-10 02:54:35,Closed Won,79114.78125,1.0
OPP-020883,ACC-000049,PROD-0031,793,New Business,2023-02-20 10:02:55,2023-04-30 14:12:40,Closed Lost,25436.490234375,0.0
OPP-020897,ACC-000058,PROD-0095,40,Upsell,2023-03-25 13:46:13,2023-09-08 01:46:54,Closed Won,14712.66015625,1.0
OPP-020901,ACC-000048,PROD-0006,814,Renewal,2022-08-21 07:44:49,2023-01-22 17:54:43,Closed Won,76046.703125,1.0
OPP-020903,ACC-000047,PROD-0023,85,Expansion,2023-07-03 19:49:03,2023-10-03 12:34:30,Closed Won,4607.72998046875,1.0
OPP-020911,ACC-000045,PROD-0042,551,Cross-sell,2023-03-31 19:19:04,2023-04-22 22:36:35,Closed Won,68687.796875,1.0
OPP-020921,ACC-000043,PROD-0089,79,Upsell,2022-10-28 02:55:56,2023-04-14 21:54:14,Closed Won,6252.6298828125,1.0
OPP-020922,ACC-000054,PROD-0013,266,New Business,2022-08-24 21:58:19,2023-01-30 12:44:41,Closed Won,22852.6796875,1.0
OPP-020926,ACC-000019,PROD-0049,652,Upsell,2023-04-10 21:28:34,2023-09-29 12:32:19,Closed Lost,31300.279296875,0.0
OPP-020930,ACC-000046,PROD-0036,402,Renewal,2023-10-27 08:51:33,2023-11-26 22:54:35,Closed Lost,25132.169921875,0.0
OPP-020934,ACC-000060,PROD-0007,678,Upsell,2022-12-02 23:05:49,2023-05-06 11:41:57,Closed Won,90717.6484375,1.0
OPP-020939,ACC-000008,PROD-0043,443,Upsell,2023-01-03 00:49:20,2023-02-04 19:22:44,Closed Lost,55920.609375,0.0
OPP-020958,ACC-000041,PROD-0052,81,Upsell,2023-10-31 15:17:34,2023-11-17 05:33:16,Closed Won,15641.2802734375,1.0
OPP-020959,ACC-000030,PROD-0066,765,Cross-sell,2023-10-01 18:10:00,2023-10-31 06:04:45,Closed Won,7042.18017578125,1.0
OPP-020965,ACC-000045,PROD-0015,628,Expansion,2023-04-26 01:17:39,2023-06-11 09:29:27,Closed Won,99564.1171875,1.0
OPP-020978,ACC-000004,PROD-0062,934,Expansion,2023-09-09 10:04:13,2023-11-03 06:02:37,Closed Lost,63601.44140625,0.0
OPP-020985,ACC-000010,PROD-0053,380,Cross-sell,2022-08-05 22:56:30,2023-01-22 03:35:33,Closed Won,5614.0,1.0
OPP-021013,ACC-000005,PROD-0015,381,Expansion,2023-04-18 01:16:04,2023-04-19 20:48:02,Closed Lost,60312.33984375,0.0
OPP-021022,ACC-000006,PROD-0019,697,New Business,2023-08-22 10:18:25,2023-11-06 04:46:21,Closed Won,75104.5234375,1.0
OPP-021059,ACC-000019,PROD-0033,192,Renewal,2023-04-04 03:50:46,2023-04-14 00:17:51,Closed Won,86312.84375,1.0
OPP-021065,ACC-000029,PROD-0010,956,Expansion,2023-02-21 05:41:35,2023-08-12 21:55:33,Closed Won,89086.828125,1.0
OPP-021080,ACC-000010,PROD-0019,601,Expansion,2023-06-23 12:02:58,2023-12-01 00:24:11,Closed Won,52653.80859375,1.0
OPP-021094,ACC-000008,PROD-0005,789,New Business,2023-09-30 01:37:48,2023-11-02 05:36:28,Closed Lost,93614.25,0.0
OPP-021109,ACC-000047,PROD-0082,180,Cross-sell,2023-07-01 07:00:17,2023-07-29 00:16:32,Closed Lost,26884.859375,0.0
OPP-021111,ACC-000026,PROD-0016,366,Expansion,2023-06-25 13:21:45,2023-10-20 19:42:47,Closed Won,35148.3984375,1.0
OPP-021117,ACC-000046,PROD-0077,552,Cross-sell,2023-04-05 00:45:27,2023-04-26 13:44:41,Closed Won,51685.859375,1.0
OPP-021136,ACC-000023,PROD-0045,940,Upsell,2023-10-08 09:38:25,2023-11-16 20:13:34,Closed Lost,76874.359375,0.0
OPP-021141,ACC-000008,PROD-0035,498,Expansion,2023-05-24 14:20:02,2023-11-12 03:32:22,Closed Won,48173.5390625,1.0
OPP-021142,ACC-000002,PROD-0095,336,Cross-sell,2023-04-10 19:34:54,2023-07-29 11:46:40,Closed Lost,31236.919921875,0.0
OPP-021148,ACC-000049,PROD-0052,223,New Business,2022-09-17 02:15:27,2023-01-02 07:36:05,Closed Won,93977.1484375,1.0
OPP-021155,ACC-000015,PROD-0020,641,Renewal,2022-12-27 05:26:12,2023-03-28 14:55:36,Closed Won,38409.83984375,1.0
OPP-021207,ACC-000006,PROD-0052,13,Expansion,2022-10-04 19:07:28,2023-03-14 16:41:10,Closed Lost,22754.1796875,0.0
OPP-021209,ACC-000009,PROD-0053,435,Cross-sell,2023-02-21 22:09:04,2023-03-09 00:57:21,Closed Lost,45946.76171875,0.0
OPP-021224,ACC-000055,PROD-0024,40,Upsell,2022-09-09 18:02:04,2023-02-22 12:29:32,Closed Won,63184.5703125,1.0
OPP-021236,ACC-000027,PROD-0017,834,Upsell,2023-08-19 13:26:21,2023-09-02 08:49:39,Closed Won,30544.330078125,1.0
OPP-021239,ACC-000002,PROD-0058,211,New Business,2022-10-09 19:46:14,2023-04-06 02:04:30,Closed Lost,91419.1796875,0.0
OPP-021241,ACC-000005,PROD-0006,695,Cross-sell,2023-04-19 22:05:52,2023-08-15 13:30:07,Closed Won,19586.8203125,1.0
OPP-021259,ACC-000001,PROD-0082,987,Renewal,2023-03-18 14:22:30,2023-08-05 00:48:01,Closed Won,92843.3984375,1.0
OPP-021277,ACC-000021,PROD-0061,49,New Business,2022-08-31 12:52:22,2023-02-25 15:29:31,Closed Won,86777.2890625,1.0
OPP-021279,ACC-000031,PROD-0065,845,Renewal,2023-04-12 23:14:52,2023-06-03 08:57:45,Closed Won,80248.4921875,1.0
OPP-021292,ACC-000039,PROD-0055,288,New Business,2022-11-09 03:40:20,2023-04-03 17:06:26,Closed Lost,43526.9609375,0.0
OPP-021312,ACC-000017,PROD-0095,978,Upsell,2023-01-12 08:31:41,2023-03-04 18:20:21,Closed Won,7171.93994140625,1.0
OPP-021323,ACC-000013,PROD-0003,97,Renewal,2023-06-16 01:06:34,2023-07-18 06:22:50,Closed Won,96682.203125,1.0
OPP-021325,ACC-000008,PROD-0084,5,Renewal,2023-02-14 02:08:31,2023-02-18 18:02:22,Closed Won,8597.3896484375,1.0
OPP-021332,ACC-000037,PROD-0080,491,Renewal,2023-01-24 01:18:32,2023-06-23 21:42:01,Closed Won,45266.46875,1.0
OPP-021335,ACC-000020,PROD-0091,712,Renewal,2023-06-17 03:48:41,2023-09-17 03:28:37,Closed Won,35850.4609375,1.0
OPP-021342,ACC-000062,PROD-0075,20,New Business,2023-06-14 05:35:33,2023-07-24 18:19:01,Closed Lost,31307.720703125,0.0
OPP-021345,ACC-000003,PROD-0070,237,New Business,2023-06-19 03:08:02,2023-07-13 22:02:22,Closed Lost,10287.41015625,0.0
OPP-021346,ACC-000034,PROD-0054,43,Upsell,2023-01-11 09:09:35,2023-03-28 00:00:24,Closed Lost,60787.51953125,0.0
OPP-021359,ACC-000008,PROD-0017,954,Expansion,2023-07-24 14:19:28,2023-09-25 08:32:44,Closed Lost,97702.671875,0.0
OPP-021369,ACC-000041,PROD-0055,69,New Business,2022-10-10 06:26:46,2023-01-16 23:47:01,Closed Lost,37482.2109375,0.0
OPP-021407,ACC-000037,PROD-0098,41,New Business,2022-12-06 00:52:31,2023-01-16 11:22:16,Closed Won,49196.23828125,1.0
OPP-021413,ACC-000032,PROD-0092,107,Expansion,2023-04-08 05:49:40,2023-08-21 13:03:01,Closed Lost,55371.80078125,0.0
OPP-021415,ACC-000041,PROD-0028,922,Expansion,2023-01-05 21:57:07,2023-05-04 03:35:37,Closed Won,38131.41015625,1.0
OPP-021419,ACC-000023,PROD-0071,145,New Business,2023-04-29 11:25:24,2023-09-17 16:21:10,Closed Won,80010.1796875,1.0
OPP-021431,ACC-000028,PROD-0025,894,Upsell,2023-03-01 16:09:34,2023-06-25 11:55:07,Closed Won,23034.970703125,1.0
OPP-021442,ACC-000009,PROD-0070,744,Cross-sell,2022-12-19 09:21:03,2023-05-22 10:39:38,Closed Won,11031.01953125,1.0
OPP-021450,ACC-000006,PROD-0055,854,Upsell,2023-07-05 07:37:24,2023-08-14 03:45:35,Closed Lost,37459.58984375,0.0
OPP-021457,ACC-000012,PROD-0061,840,New Business,2022-08-02 09:15:59,2023-01-01 04:04:22,Closed Won,69299.6328125,1.0
OPP-021483,ACC-000043,PROD-0047,506,Upsell,2023-09-25 04:32:51,2023-11-15 14:42:23,Closed Won,83458.6875,1.0
OPP-021488,ACC-000062,PROD-0001,126,Upsell,2023-03-15 17:49:27,2023-08-09 07:06:58,Closed Lost,95532.796875,0.0
OPP-021491,ACC-000057,PROD-0080,433,New Business,2023-06-06 01:49:29,2023-10-26 13:32:45,Closed Won,22357.19921875,1.0
OPP-021506,ACC-000055,PROD-0042,95,Cross-sell,2023-01-25 21:18:10,2023-06-02 08:20:32,Closed Won,99953.8125,1.0
OPP-021513,ACC-000012,PROD-0066,350,Upsell,2023-04-16 13:51:56,2023-05-19 11:56:22,Closed Won,36763.828125,1.0
OPP-021519,ACC-000013,PROD-0043,875,Renewal,2023-01-27 08:59:22,2023-02-19 12:21:40,Closed Lost,74838.09375,0.0
OPP-021543,ACC-000009,PROD-0033,186,Expansion,2023-10-30 08:02:34,2023-11-03 00:53:15,Closed Won,5058.830078125,1.0
OPP-021573,ACC-000020,PROD-0004,596,New Business,2022-09-23 22:38:57,2023-01-16 05:02:09,Closed Won,25471.3203125,1.0
OPP-021594,ACC-000036,PROD-0026,777,Expansion,2023-05-02 13:45:36,2023-06-19 12:00:18,Closed Won,80681.34375,1.0
OPP-021596,ACC-000009,PROD-0077,959,Renewal,2023-11-08 01:20:49,2023-11-10 02:11:01,Closed Won,41428.26171875,1.0
OPP-021601,ACC-000004,PROD-0008,261,Expansion,2023-03-08 09:00:17,2023-08-03 05:18:05,Closed Lost,39892.44140625,0.0
OPP-021674,ACC-000009,PROD-0054,509,New Business,2023-10-24 04:40:24,2023-10-27 04:20:47,Closed Won,47529.8984375,1.0
OPP-021713,ACC-000028,PROD-0077,578,Upsell,2022-11-25 08:38:52,2023-02-01 04:02:54,Closed Won,98510.0390625,1.0
OPP-021727,ACC-000021,PROD-0052,800,Renewal,2023-03-19 10:31:01,2023-07-11 05:41:06,Closed Lost,4432.7099609375,0.0
OPP-021739,ACC-000025,PROD-0039,660,New Business,2022-09-29 03:05:49,2023-03-14 03:27:38,Closed Lost,90487.2578125,0.0
OPP-021770,ACC-000059,PROD-0056,431,Upsell,2022-10-27 21:20:12,2023-04-23 03:24:06,Closed Lost,89271.0078125,0.0
OPP-021778,ACC-000059,PROD-0014,788,Upsell,2023-08-08 17:20:45,2023-10-26 16:25:04,Closed Won,16785.990234375,1.0
OPP-021789,ACC-000029,PROD-0004,146,New Business,2023-02-14 23:42:21,2023-03-23 09:03:47,Closed Lost,65611.109375,0.0
OPP-021803,ACC-000021,PROD-0077,242,Renewal,2023-05-22 22:26:10,2023-06-07 16:41:05,Closed Lost,55733.3515625,0.0
OPP-021808,ACC-000012,PROD-0049,269,Expansion,2023-01-28 00:57:04,2023-03-15 02:42:16,Closed Won,18533.970703125,1.0
OPP-021810,ACC-000032,PROD-0042,135,Renewal,2023-03-13 03:58:30,2023-04-08 01:00:19,Closed Won,71393.3828125,1.0
OPP-021820,ACC-000050,PROD-0013,613,Cross-sell,2023-03-09 20:10:23,2023-04-28 17:59:36,Closed Won,84378.4609375,1.0
OPP-021848,ACC-000034,PROD-0053,433,Upsell,2022-12-30 05:34:28,2023-05-14 10:15:20,Closed Won,26325.2109375,1.0
OPP-021869,ACC-000044,PROD-0007,252,Upsell,2023-06-14 16:53:10,2023-10-17 12:50:09,Closed Won,26205.80078125,1.0
OPP-021874,ACC-000031,PROD-0006,945,Cross-sell,2023-01-31 02:56:45,2023-06-15 13:52:34,Closed Lost,71177.09375,0.0
OPP-021880,ACC-000057,PROD-0073,418,Renewal,2023-10-23 14:21:11,2023-12-09 11:26:13,Closed Lost,32852.98046875,0.0
OPP-021896,ACC-000028,PROD-0036,59,Expansion,2023-04-29 18:18:32,2023-08-04 10:30:02,Closed Won,66412.7890625,1.0
OPP-021912,ACC-000034,PROD-0069,669,Renewal,2022-12-09 04:46:58,2023-03-10 22:25:06,Closed Won,22727.779296875,1.0
OPP-021919,ACC-000056,PROD-0092,863,Upsell,2023-09-13 23:59:05,2023-11-18 18:24:36,Closed Lost,34098.76953125,0.0
OPP-021925,ACC-000041,PROD-0057,259,Renewal,2023-09-30 12:39:12,2023-11-07 19:55:46,Closed Lost,52727.6484375,0.0
OPP-021930,ACC-000062,PROD-0061,72,New Business,2022-11-08 16:01:03,2023-03-25 11:47:14,Closed Lost,31816.640625,0.0
OPP-021931,ACC-000019,PROD-0021,191,New Business,2023-05-08 19:20:01,2023-09-24 18:58:35,Closed Won,47146.921875,1.0
OPP-021938,ACC-000052,PROD-0001,439,New Business,2023-08-26 14:11:12,2023-10-18 06:25:16,Closed Won,49590.19921875,1.0
OPP-021939,ACC-000020,PROD-0057,489,Upsell,2023-03-08 16:27:47,2023-06-11 07:56:03,Closed Won,16999.380859375,1.0
OPP-021943,ACC-000005,PROD-0045,578,Renewal,2023-01-12 13:26:59,2023-03-13 19:31:18,Closed Lost,41495.03125,0.0
OPP-021952,ACC-000016,PROD-0087,926,Cross-sell,2023-01-29 08:49:56,2023-02-14 22:22:21,Closed Won,96899.7890625,1.0
OPP-021954,ACC-000010,PROD-0060,917,New Business,2023-02-27 04:43:23,2023-04-01 23:15:44,Closed Won,89612.2109375,1.0
OPP-021971,ACC-000044,PROD-0009,111,Expansion,2022-10-07 09:54:23,2023-01-03 06:06:45,Closed Lost,43326.16015625,0.0
OPP-021987,ACC-000028,PROD-0035,589,Cross-sell,2022-09-18 03:31:05,2023-01-07 18:39:35,Closed Won,43265.6796875,1.0
OPP-021995,ACC-000011,PROD-0079,280,Upsell,2023-04-08 03:27:36,2023-06-24 17:35:08,Closed Lost,50241.7109375,0.0
OPP-022000,ACC-000026,PROD-0013,290,Expansion,2023-03-27 08:15:24,2023-06-13 17:24:36,Closed Won,41229.76953125,1.0
OPP-022009,ACC-000006,PROD-0076,972,Upsell,2023-04-28 00:47:43,2023-06-05 17:51:27,Closed Won,57341.98828125,1.0
OPP-022029,ACC-000003,PROD-0056,661,Expansion,2022-10-04 07:26:56,2023-03-16 17:08:26,Closed Lost,56085.828125,0.0
OPP-022034,ACC-000003,PROD-0037,940,Cross-sell,2023-02-12 11:42:26,2023-07-28 23:08:39,Closed Won,25137.990234375,1.0
OPP-022038,ACC-000005,PROD-0070,447,Expansion,2023-04-11 19:41:32,2023-04-16 22:48:24,Closed Lost,76187.921875,0.0
OPP-022040,ACC-000018,PROD-0050,670,Renewal,2023-09-28 03:40:40,2023-10-27 00:44:40,Closed Lost,20957.369140625,0.0
OPP-022073,ACC-000044,PROD-0059,423,Upsell,2023-05-20 09:04:53,2023-10-28 19:16:37,Closed Won,9227.900390625,1.0
OPP-022091,ACC-000040,PROD-0052,701,Upsell,2022-09-11 08:59:40,2023-01-28 17:43:27,Closed Lost,76334.4921875,0.0
OPP-022096,ACC-000035,PROD-0030,653,Cross-sell,2023-02-23 00:02:00,2023-05-02 18:19:58,Closed Won,78568.2421875,1.0
OPP-022105,ACC-000011,PROD-0091,396,Renewal,2023-06-12 19:04:25,2023-07-18 11:46:09,Closed Lost,11610.25,0.0
OPP-022106,ACC-000059,PROD-0075,407,Expansion,2023-06-19 05:59:42,2023-09-19 11:44:24,Closed Won,74689.578125,1.0
OPP-022109,ACC-000040,PROD-0041,685,New Business,2023-09-19 13:57:46,2023-11-29 21:03:43,Closed Lost,40227.51171875,0.0
OPP-022110,ACC-000041,PROD-0072,681,Upsell,2023-07-08 22:59:32,2023-09-29 13:22:28,Closed Won,18006.029296875,1.0
OPP-022115,ACC-000032,PROD-0003,294,New Business,2023-04-15 02:39:01,2023-09-29 20:15:48,Closed Won,11187.5400390625,1.0
OPP-022125,ACC-000037,PROD-0070,263,New Business,2022-09-02 13:33:40,2023-02-21 10:39:21,Closed Won,68646.6796875,1.0
OPP-022130,ACC-000021,PROD-0041,286,Upsell,2022-11-19 18:46:02,2023-05-06 10:57:31,Closed Won,31098.720703125,1.0
OPP-022133,ACC-000027,PROD-0035,595,Renewal,2023-09-01 07:26:58,2023-12-18 04:52:03,Closed Won,39578.328125,1.0
OPP-022142,ACC-000014,PROD-0048,769,Expansion,2022-10-07 06:19:38,2023-02-20 16:08:08,Closed Won,83642.2890625,1.0
OPP-022151,ACC-000021,PROD-0055,463,Cross-sell,2022-08-16 17:37:18,2023-01-14 13:03:06,Closed Won,79075.296875,1.0
OPP-022157,ACC-000037,PROD-0062,124,New Business,2023-04-25 01:39:44,2023-09-24 16:56:32,Closed Won,10886.41015625,1.0
OPP-022158,ACC-000028,PROD-0094,286,Cross-sell,2022-12-01 08:25:24,2023-05-05 22:39:38,Closed Lost,27164.119140625,0.0
OPP-022168,ACC-000052,PROD-0058,196,Expansion,2023-01-07 03:48:39,2023-06-26 21:37:43,Closed Won,93296.953125,1.0
OPP-022169,ACC-000059,PROD-0081,363,Upsell,2022-09-27 09:17:24,2023-02-25 10:23:01,Closed Won,88300.5703125,1.0
OPP-022173,ACC-000050,PROD-0012,72,New Business,2023-02-06 13:14:37,2023-07-21 01:33:31,Closed Lost,31625.69921875,0.0
OPP-022178,ACC-000009,PROD-0076,310,Expansion,2022-09-07 21:28:11,2023-01-20 12:46:52,Closed Lost,39613.1796875,0.0
OPP-022189,ACC-000055,PROD-0050,795,Expansion,2022-12-07 00:58:08,2023-01-21 03:30:06,Closed Lost,92576.796875,0.0
OPP-022209,ACC-000001,PROD-0052,724,Upsell,2023-10-05 12:55:00,2023-10-21 14:48:14,Closed Won,42495.21875,1.0
OPP-022213,ACC-000026,PROD-0070,333,Cross-sell,2022-10-14 22:41:21,2023-01-18 20:19:48,Closed Lost,69856.2734375,0.0
OPP-022228,ACC-000014,PROD-0034,416,Expansion,2023-03-06 00:21:48,2023-07-26 07:53:03,Closed Lost,87618.3671875,0.0
OPP-022235,ACC-000043,PROD-0055,411,Cross-sell,2022-12-26 10:58:16,2023-06-16 00:56:21,Closed Lost,19355.23046875,0.0
OPP-022236,ACC-000029,PROD-0089,851,Cross-sell,2023-04-05 05:49:43,2023-05-26 00:46:22,Closed Lost,86326.5625,0.0
OPP-022238,ACC-000002,PROD-0055,138,New Business,2023-04-02 20:15:58,2023-09-15 17:15:50,Closed Lost,94264.59375,0.0
OPP-022256,ACC-000060,PROD-0059,797,Upsell,2023-01-28 15:29:24,2023-07-07 04:32:45,Closed Lost,52194.828125,0.0
OPP-022272,ACC-000015,PROD-0001,863,Expansion,2023-09-09 17:45:02,2023-11-09 13:26:22,Closed Won,3657.64990234375,1.0
OPP-022276,ACC-000023,PROD-0071,719,Cross-sell,2023-06-04 11:48:36,2023-10-09 16:09:13,Closed Won,75776.2578125,1.0
OPP-022280,ACC-000055,PROD-0024,431,Expansion,2023-02-16 17:45:34,2023-02-21 16:59:17,Closed Won,75760.9765625,1.0
OPP-022283,ACC-000025,PROD-0017,750,Cross-sell,2023-01-14 00:03:37,2023-04-04 23:38:29,Closed Lost,95442.9921875,0.0
OPP-022285,ACC-000049,PROD-0091,55,Cross-sell,2023-04-25 01:48:46,2023-05-02 12:50:40,Closed Lost,84521.28125,0.0
OPP-022298,ACC-000051,PROD-0047,255,Cross-sell,2023-03-06 07:01:40,2023-06-09 02:11:23,Closed Won,8725.740234375,1.0
OPP-022300,ACC-000006,PROD-0072,849,Cross-sell,2023-05-13 03:17:47,2023-09-20 10:29:03,Closed Won,72413.6328125,1.0
OPP-022303,ACC-000028,PROD-0079,942,Cross-sell,2023-06-30 06:00:03,2023-11-14 08:09:58,Closed Won,48466.98046875,1.0
OPP-022324,ACC-000052,PROD-0066,400,Upsell,2023-05-31 22:03:26,2023-09-08 13:54:21,Closed Won,54573.01953125,1.0
OPP-022327,ACC-000046,PROD-0092,323,Cross-sell,2023-04-28 23:08:24,2023-07-02 20:50:32,Closed Lost,44671.94921875,0.0
OPP-022330,ACC-000061,PROD-0020,720,Upsell,2022-11-22 10:01:14,2023-04-03 17:35:12,Closed Won,18365.380859375,1.0
OPP-022338,ACC-000038,PROD-0003,643,New Business,2023-04-03 19:14:23,2023-05-14 11:34:52,Closed Won,20943.990234375,1.0
OPP-022350,ACC-000055,PROD-0096,724,Expansion,2023-07-16 16:15:10,2023-10-03 07:28:43,Closed Lost,64089.9296875,0.0
OPP-022390,ACC-000024,PROD-0085,382,Expansion,2023-03-15 09:32:43,2023-08-11 13:24:39,Closed Won,72184.3828125,1.0
OPP-022406,ACC-000059,PROD-0040,45,Upsell,2023-10-10 00:11:19,2023-11-11 00:37:22,Closed Lost,38712.55078125,0.0
OPP-022409,ACC-000031,PROD-0026,858,Renewal,2023-11-18 09:06:01,2023-12-19 06:24:44,Closed Won,26156.810546875,1.0
OPP-022419,ACC-000016,PROD-0097,108,Upsell,2023-06-18 19:52:28,2023-07-07 09:20:29,Closed Won,38304.41015625,1.0
OPP-022420,ACC-000024,PROD-0058,291,Cross-sell,2023-06-09 08:05:56,2023-10-31 13:16:25,Closed Lost,60034.51953125,0.0
OPP-022495,ACC-000041,PROD-0047,559,Renewal,2023-02-18 18:26:46,2023-06-22 21:10:57,Closed Won,49217.51953125,1.0
OPP-022524,ACC-000023,PROD-0057,869,Renewal,2023-08-31 09:16:20,2023-09-19 11:23:58,Closed Lost,93877.28125,0.0
OPP-022548,ACC-000046,PROD-0070,244,Renewal,2023-06-04 05:49:43,2023-07-06 04:22:44,Closed Lost,13549.48046875,0.0
OPP-022549,ACC-000030,PROD-0040,926,Renewal,2023-03-15 05:31:11,2023-04-14 09:36:28,Closed Lost,41195.1015625,0.0
OPP-022550,ACC-000003,PROD-0072,647,Expansion,2023-09-27 20:48:01,2023-10-31 00:34:21,Closed Won,94628.4609375,1.0
OPP-022552,ACC-000031,PROD-0065,608,New Business,2023-04-03 15:50:56,2023-07-20 12:16:57,Closed Won,90434.140625,1.0
OPP-022556,ACC-000006,PROD-0035,276,Expansion,2022-10-01 08:45:13,2023-03-13 02:27:31,Closed Lost,39010.1015625,0.0
OPP-022559,ACC-000022,PROD-0047,954,Upsell,2023-09-24 13:57:17,2023-11-27 22:23:06,Closed Lost,64527.6484375,0.0
OPP-022568,ACC-000004,PROD-0062,370,Cross-sell,2023-11-23 04:28:33,2023-12-29 21:16:56,Closed Won,39914.48828125,1.0
OPP-022576,ACC-000051,PROD-0027,752,Renewal,2023-04-16 15:39:13,2023-08-10 16:08:27,Closed Lost,75055.609375,0.0
OPP-022584,ACC-000046,PROD-0056,111,Renewal,2023-07-02 04:24:18,2023-09-20 01:10:32,Closed Lost,12326.490234375,0.0
OPP-022589,ACC-000002,PROD-0024,646,Renewal,2023-09-30 11:52:09,2023-10-27 09:52:45,Closed Lost,33475.80859375,0.0
OPP-022625,ACC-000007,PROD-0092,604,Expansion,2022-09-30 04:53:27,2023-03-07 14:07:28,Closed Won,68027.7109375,1.0
OPP-022667,ACC-000028,PROD-0056,758,Renewal,2022-12-31 19:51:41,2023-02-13 23:52:54,Closed Won,84262.28125,1.0
OPP-022711,ACC-000021,PROD-0096,91,Cross-sell,2023-02-10 16:23:04,2023-04-30 23:34:56,Closed Lost,45600.12109375,0.0
OPP-022713,ACC-000022,PROD-0084,850,Upsell,2023-06-18 17:43:04,2023-10-15 02:02:54,Closed Won,75876.7734375,1.0
OPP-022718,ACC-000026,PROD-0015,444,Renewal,2022-09-12 06:58:24,2023-01-04 22:42:08,Closed Won,10059.759765625,1.0
OPP-022720,ACC-000061,PROD-0099,739,Renewal,2023-01-28 17:57:30,2023-05-22 15:50:12,Closed Lost,86599.7734375,0.0
OPP-022734,ACC-000028,PROD-0075,50,New Business,2023-02-19 16:19:47,2023-03-28 12:15:00,Closed Won,79727.8828125,1.0
OPP-022736,ACC-000002,PROD-0068,213,Renewal,2023-03-28 14:48:52,2023-07-17 01:43:58,Closed Lost,26675.439453125,0.0
OPP-022752,ACC-000042,PROD-0099,699,Cross-sell,2023-02-04 03:38:33,2023-06-03 15:43:11,Closed Lost,62060.69140625,0.0
OPP-022778,ACC-000019,PROD-0017,897,Renewal,2023-05-30 01:59:00,2023-09-26 17:03:13,Closed Won,7751.990234375,1.0
OPP-022787,ACC-000007,PROD-0074,737,Renewal,2023-09-22 10:18:03,2023-10-26 22:59:07,Closed Lost,22151.720703125,0.0
OPP-022830,ACC-000056,PROD-0014,75,Cross-sell,2022-09-13 03:07:22,2023-02-03 02:14:43,Closed Lost,11092.080078125,0.0
OPP-022845,ACC-000021,PROD-0091,704,Renewal,2023-06-28 19:28:53,2023-07-25 12:29:16,Closed Lost,85279.3203125,0.0
OPP-022864,ACC-000032,PROD-0024,986,Upsell,2023-09-12 04:10:22,2023-10-18 15:23:24,Closed Lost,87427.921875,0.0
OPP-022902,ACC-000014,PROD-0064,231,Cross-sell,2023-03-25 03:23:02,2023-06-13 13:38:56,Closed Won,68094.2265625,1.0
OPP-022906,ACC-000036,PROD-0067,887,Expansion,2023-04-28 12:09:40,2023-08-18 13:16:22,Closed Lost,17165.619140625,0.0
OPP-022907,ACC-000039,PROD-0011,555,Cross-sell,2022-11-28 04:31:52,2023-03-02 10:51:12,Closed Lost,76967.71875,0.0
OPP-022913,ACC-000012,PROD-0068,769,New Business,2022-09-22 15:52:05,2023-03-07 15:10:13,Closed Lost,98207.0078125,0.0
OPP-022919,ACC-000030,PROD-0008,737,Upsell,2023-07-30 22:18:32,2023-09-19 22:56:24,Closed Won,94904.296875,1.0
OPP-022931,ACC-000047,PROD-0049,107,New Business,2022-11-01 01:41:15,2023-04-16 04:55:58,Closed Won,87994.828125,1.0
OPP-022941,ACC-000007,PROD-0028,631,Upsell,2022-12-23 16:12:13,2023-01-05 17:39:23,Closed Lost,32409.16015625,0.0
OPP-022943,ACC-000010,PROD-0042,156,Renewal,2023-04-10 12:48:39,2023-04-28 06:21:00,Closed Won,88452.3828125,1.0
OPP-022958,ACC-000048,PROD-0037,464,Renewal,2023-09-07 14:02:51,2023-12-11 14:57:08,Closed Won,37076.08984375,1.0
OPP-022973,ACC-000042,PROD-0006,3,Upsell,2022-09-16 19:22:02,2023-01-02 14:19:14,Closed Lost,38318.26953125,0.0
OPP-022992,ACC-000061,PROD-0007,532,Renewal,2023-06-29 08:51:19,2023-09-18 16:05:09,Closed Won,32668.490234375,1.0
OPP-022998,ACC-000012,PROD-0047,341,New Business,2023-06-30 13:58:19,2023-10-31 21:24:06,Closed Lost,31453.359375,0.0
OPP-023015,ACC-000017,PROD-0026,580,Upsell,2022-12-26 21:07:57,2023-03-12 08:29:46,Closed Lost,34704.87890625,0.0
OPP-023023,ACC-000032,PROD-0092,673,Cross-sell,2023-08-28 02:16:49,2023-08-29 09:03:50,Closed Lost,93377.5234375,0.0
OPP-023032,ACC-000027,PROD-0069,247,Renewal,2022-11-09 04:01:12,2023-05-02 23:56:34,Closed Lost,75452.546875,0.0
OPP-023034,ACC-000015,PROD-0042,553,Upsell,2023-05-31 13:28:25,2023-07-22 03:49:38,Closed Lost,86322.7109375,0.0
OPP-023035,ACC-000058,PROD-0009,813,Cross-sell,2022-08-23 22:36:22,2023-01-11 10:11:18,Closed Won,70957.9375,1.0
OPP-023085,ACC-000013,PROD-0041,81,New Business,2023-09-04 15:24:03,2023-11-16 19:51:58,Closed Lost,98101.1875,0.0
OPP-023107,ACC-000010,PROD-0005,966,Expansion,2022-09-10 09:30:59,2023-01-23 18:41:57,Closed Lost,96805.8203125,0.0
OPP-023120,ACC-000058,PROD-0010,609,Cross-sell,2023-06-26 05:47:41,2023-08-24 11:48:27,Closed Lost,66866.9765625,0.0
OPP-023165,ACC-000042,PROD-0012,322,Upsell,2023-10-10 22:47:06,2023-12-04 11:31:59,Closed Won,24712.810546875,1.0
OPP-023167,ACC-000034,PROD-0069,43,Cross-sell,2022-12-06 10:02:55,2023-03-26 07:55:33,Closed Won,91815.609375,1.0
OPP-023178,ACC-000009,PROD-0043,333,Expansion,2023-03-17 01:01:05,2023-03-24 07:46:23,Closed Won,79981.3515625,1.0
OPP-023195,ACC-000009,PROD-0010,262,New Business,2022-10-01 19:19:17,2023-01-04 01:26:16,Closed Lost,3106.89990234375,0.0
OPP-023219,ACC-000009,PROD-0099,301,Expansion,2023-04-13 22:07:05,2023-10-02 02:26:04,Closed Won,93466.421875,1.0
OPP-023229,ACC-000051,PROD-0054,110,Cross-sell,2023-02-02 13:18:01,2023-02-04 02:14:15,Closed Won,30113.759765625,1.0
OPP-023234,ACC-000044,PROD-0054,303,Expansion,2023-02-15 15:58:50,2023-03-02 23:19:08,Closed Won,4567.39990234375,1.0
OPP-023245,ACC-000020,PROD-0088,563,Expansion,2023-09-09 14:31:19,2023-11-27 12:38:40,Closed Lost,60227.94921875,0.0
OPP-023252,ACC-000024,PROD-0013,3,Renewal,2023-03-06 02:07:41,2023-05-22 22:44:06,Closed Lost,89887.9375,0.0
OPP-023265,ACC-000033,PROD-0003,838,Cross-sell,2023-04-25 21:34:39,2023-06-17 13:08:34,Closed Lost,67989.546875,0.0
OPP-023283,ACC-000014,PROD-0008,750,Renewal,2023-01-16 07:49:04,2023-02-12 14:09:16,Closed Lost,59446.26171875,0.0
OPP-023287,ACC-000005,PROD-0007,29,Renewal,2022-12-07 03:18:46,2023-01-07 20:01:01,Closed Lost,69111.78125,0.0
OPP-023290,ACC-000061,PROD-0008,917,Expansion,2023-06-13 06:18:30,2023-11-08 06:04:22,Closed Lost,64778.44921875,0.0
OPP-023295,ACC-000009,PROD-0071,433,Cross-sell,2023-01-19 04:06:22,2023-03-06 01:52:48,Closed Won,68055.15625,1.0
OPP-023309,ACC-000004,PROD-0026,804,Renewal,2023-06-18 13:05:17,2023-08-26 06:41:33,Closed Won,93175.75,1.0
OPP-023312,ACC-000052,PROD-0098,617,New Business,2023-08-03 09:58:38,2023-09-30 18:03:43,Closed Lost,52425.1796875,0.0
OPP-023319,ACC-000015,PROD-0068,644,New Business,2022-11-06 03:45:35,2023-01-01 15:49:26,Closed Lost,36213.51171875,0.0
OPP-023325,ACC-000060,PROD-0097,528,Cross-sell,2022-11-22 05:49:06,2023-01-05 22:59:44,Closed Won,61341.7890625,1.0
OPP-023329,ACC-000026,PROD-0083,713,Expansion,2023-11-11 12:31:18,2023-11-15 16:26:18,Closed Lost,64516.1796875,0.0
OPP-023334,ACC-000047,PROD-0005,597,Cross-sell,2022-12-20 22:55:06,2023-04-23 03:26:17,Closed Lost,37306.578125,0.0
OPP-023338,ACC-000021,PROD-0074,155,Cross-sell,2022-09-11 19:24:19,2023-03-03 21:55:57,Closed Lost,55901.37109375,0.0
OPP-023341,ACC-000061,PROD-0090,5,New Business,2022-09-11 04:21:56,2023-02-07 03:57:28,Closed Won,41281.3203125,1.0
OPP-023344,ACC-000022,PROD-0034,721,New Business,2023-03-21 11:53:27,2023-04-21 23:05:56,Closed Lost,38160.23828125,0.0
OPP-023352,ACC-000024,PROD-0071,198,New Business,2023-08-06 14:12:58,2023-08-17 18:06:18,Closed Lost,25641.5703125,0.0
OPP-023356,ACC-000012,PROD-0027,203,Cross-sell,2023-02-08 16:54:43,2023-02-12 01:10:11,Closed Lost,36245.83984375,0.0
OPP-023361,ACC-000059,PROD-0059,664,Renewal,2023-04-12 00:25:45,2023-09-23 04:46:26,Closed Won,30640.69921875,1.0
OPP-023366,ACC-000043,PROD-0036,627,Upsell,2023-05-24 23:08:32,2023-05-28 00:00:21,Closed Won,98603.5078125,1.0
OPP-023375,ACC-000042,PROD-0098,612,New Business,2023-03-21 10:25:18,2023-03-25 13:09:07,Closed Won,99169.5703125,1.0
OPP-023378,ACC-000036,PROD-0051,238,Upsell,2022-12-29 10:25:59,2023-06-03 17:39:50,Closed Lost,15617.759765625,0.0
OPP-023383,ACC-000049,PROD-0003,583,Renewal,2023-01-31 06:33:56,2023-03-11 22:11:43,Closed Won,87685.7578125,1.0
OPP-023394,ACC-000050,PROD-0029,399,Expansion,2022-11-01 12:18:27,2023-01-23 16:46:49,Closed Won,9106.8095703125,1.0
OPP-023396,ACC-000057,PROD-0031,657,Upsell,2022-12-19 09:38:39,2023-04-01 15:35:18,Closed Won,16203.91015625,1.0
OPP-023397,ACC-000017,PROD-0035,73,Renewal,2023-05-13 03:31:25,2023-09-02 05:37:01,Closed Won,31949.16015625,1.0
OPP-023409,ACC-000027,PROD-0058,942,Expansion,2022-10-19 09:32:34,2023-01-14 06:59:08,Closed Won,92379.828125,1.0
OPP-023415,ACC-000019,PROD-0045,899,Cross-sell,2022-08-13 00:21:24,2023-01-03 03:21:52,Closed Won,18566.400390625,1.0
OPP-023422,ACC-000007,PROD-0020,297,Renewal,2022-11-07 11:29:41,2023-03-23 07:37:02,Closed Lost,51517.2890625,0.0
OPP-023424,ACC-000002,PROD-0079,430,Expansion,2023-06-24 20:49:05,2023-10-17 04:14:23,Closed Won,23295.0,1.0
OPP-023426,ACC-000014,PROD-0045,914,Expansion,2022-11-06 14:45:47,2023-03-27 22:42:17,Closed Won,93750.6484375,1.0
OPP-023442,ACC-000055,PROD-0094,631,New Business,2023-03-19 02:53:48,2023-07-10 21:19:28,Closed Won,97934.7109375,1.0
OPP-023444,ACC-000045,PROD-0099,998,Renewal,2023-04-27 01:33:14,2023-07-01 03:55:14,Closed Won,32654.05078125,1.0
OPP-023447,ACC-000033,PROD-0095,850,New Business,2023-11-05 18:14:29,2023-12-22 09:39:38,Closed Lost,97034.359375,0.0
OPP-023510,ACC-000003,PROD-0025,530,Cross-sell,2023-02-02 18:20:19,2023-06-03 15:13:07,Closed Won,80642.6796875,1.0
OPP-023545,ACC-000006,PROD-0063,841,Upsell,2022-10-02 19:47:58,2023-01-07 21:00:27,Closed Won,68810.40625,1.0
OPP-023556,ACC-000037,PROD-0021,801,Cross-sell,2022-11-25 09:11:41,2023-05-04 14:06:16,Closed Lost,87525.0,0.0
OPP-023560,ACC-000008,PROD-0006,756,New Business,2022-11-20 11:59:15,2023-05-04 03:26:44,Closed Won,30112.6796875,1.0
OPP-023561,ACC-000044,PROD-0044,7,Upsell,2022-08-20 00:40:20,2023-01-02 00:30:29,Closed Lost,40383.33984375,0.0
OPP-023580,ACC-000028,PROD-0075,17,Cross-sell,2023-03-01 14:47:33,2023-08-02 17:56:46,Closed Lost,70110.5234375,0.0
OPP-023598,ACC-000049,PROD-0078,730,Cross-sell,2023-04-02 23:00:40,2023-09-23 03:20:44,Closed Won,51489.94921875,1.0
OPP-023602,ACC-000024,PROD-0053,634,Expansion,2023-03-09 12:07:04,2023-05-27 12:41:01,Closed Won,5530.10009765625,1.0
OPP-023605,ACC-000017,PROD-0045,205,Expansion,2023-07-11 08:10:19,2023-07-17 19:57:10,Closed Lost,8886.2998046875,0.0
OPP-023610,ACC-000045,PROD-0071,132,Renewal,2023-01-11 03:39:28,2023-01-22 07:40:22,Closed Won,43223.16015625,1.0
OPP-023629,ACC-000005,PROD-0087,451,New Business,2022-10-03 17:44:57,2023-02-23 02:07:24,Closed Lost,31711.189453125,0.0
OPP-023641,ACC-000056,PROD-0055,436,Upsell,2023-01-19 09:54:52,2023-04-28 17:37:40,Closed Lost,56985.51953125,0.0
OPP-023643,ACC-000057,PROD-0078,338,Renewal,2023-06-02 23:18:47,2023-08-24 13:48:38,Closed Won,93452.6015625,1.0
OPP-023660,ACC-000043,PROD-0010,421,Renewal,2023-01-03 21:19:19,2023-05-08 01:20:25,Closed Won,62253.62109375,1.0
OPP-023672,ACC-000015,PROD-0097,687,Cross-sell,2023-05-25 05:32:38,2023-07-17 03:05:33,Closed Lost,14561.240234375,0.0
OPP-023685,ACC-000015,PROD-0004,935,Upsell,2023-07-21 01:39:56,2023-12-14 10:12:55,Closed Lost,13254.58984375,0.0
OPP-023706,ACC-000014,PROD-0050,735,Renewal,2022-09-09 19:01:00,2023-01-04 18:14:31,Closed Won,3517.6298828125,1.0
OPP-023712,ACC-000042,PROD-0045,355,New Business,2023-04-07 06:35:59,2023-09-05 18:43:22,Closed Lost,72466.7578125,0.0
OPP-023738,ACC-000028,PROD-0084,647,Cross-sell,2022-12-07 20:45:16,2023-01-22 03:12:39,Closed Won,87578.3828125,1.0
OPP-023763,ACC-000061,PROD-0056,465,Upsell,2023-03-08 08:44:56,2023-07-26 05:30:27,Closed Lost,44221.19140625,0.0
OPP-023768,ACC-000011,PROD-0079,382,Cross-sell,2023-08-01 09:27:13,2023-08-14 20:42:44,Closed Won,86449.0078125,1.0
OPP-023801,ACC-000052,PROD-0036,955,New Business,2023-06-24 20:49:56,2023-11-18 00:52:11,Closed Won,1172.489990234375,1.0
OPP-023808,ACC-000001,PROD-0048,348,Expansion,2022-11-14 18:28:28,2023-02-23 20:00:40,Closed Lost,28222.490234375,0.0
OPP-023809,ACC-000007,PROD-0029,905,Upsell,2023-04-25 00:56:34,2023-09-06 09:11:23,Closed Lost,24889.94921875,0.0
OPP-023816,ACC-000056,PROD-0076,615,New Business,2023-02-19 11:26:42,2023-03-29 21:56:51,Closed Lost,27373.220703125,0.0
OPP-023818,ACC-000038,PROD-0058,933,Upsell,2023-10-17 21:10:09,2023-12-04 18:22:11,Closed Won,99256.2265625,1.0
OPP-023829,ACC-000049,PROD-0015,315,Upsell,2023-10-20 02:21:26,2023-11-01 14:58:00,Closed Lost,81502.203125,0.0
OPP-023835,ACC-000053,PROD-0036,766,Upsell,2023-03-13 03:44:39,2023-04-08 20:48:44,Closed Won,12138.4404296875,1.0
OPP-023864,ACC-000001,PROD-0018,449,Upsell,2023-04-29 00:50:09,2023-06-22 08:33:05,Closed Won,83680.3828125,1.0
OPP-023869,ACC-000058,PROD-0047,117,Renewal,2023-05-23 01:07:51,2023-07-28 14:21:38,Closed Lost,24754.55078125,0.0
OPP-023873,ACC-000001,PROD-0039,184,Expansion,2023-04-04 03:15:01,2023-09-09 02:27:54,Closed Lost,97551.671875,0.0
OPP-023887,ACC-000034,PROD-0028,400,Renewal,2022-08-01 07:44:38,2023-01-16 14:58:25,Closed Won,81970.9296875,1.0
OPP-023902,ACC-000026,PROD-0014,845,Expansion,2023-03-22 02:29:07,2023-09-16 05:24:33,Closed Won,16612.44921875,1.0
OPP-023903,ACC-000041,PROD-0089,513,Expansion,2023-10-06 18:00:05,2023-12-29 10:22:33,Closed Won,60774.5703125,1.0
OPP-023925,ACC-000035,PROD-0058,361,Expansion,2023-03-29 08:49:56,2023-04-11 04:00:32,Closed Won,71487.2265625,1.0
OPP-023961,ACC-000059,PROD-0081,956,Renewal,2023-11-08 02:31:37,2023-12-31 06:52:53,Closed Lost,79724.6875,0.0
OPP-023968,ACC-000034,PROD-0085,34,New Business,2022-11-04 05:10:17,2023-05-01 18:27:29,Closed Won,50308.8515625,1.0
OPP-023971,ACC-000035,PROD-0028,811,Upsell,2022-12-30 09:28:28,2023-05-26 17:05:24,Closed Won,32571.859375,1.0
OPP-023976,ACC-000004,PROD-0024,639,Renewal,2022-10-06 07:02:24,2023-01-14 05:11:59,Closed Lost,92216.359375,0.0
OPP-023979,ACC-000018,PROD-0035,834,Cross-sell,2023-08-11 14:24:28,2023-12-14 22:02:54,Closed Lost,96935.0078125,0.0
OPP-023993,ACC-000001,PROD-0043,76,Expansion,2023-04-30 23:10:42,2023-05-02 04:15:25,Closed Won,13478.490234375,1.0
OPP-024028,ACC-000047,PROD-0076,635,Upsell,2023-06-30 12:01:58,2023-08-25 23:30:14,Closed Won,35200.6796875,1.0
OPP-024029,ACC-000060,PROD-0013,231,Expansion,2023-10-03 22:08:16,2023-12-28 17:42:35,Closed Lost,37083.328125,0.0
OPP-024033,ACC-000041,PROD-0082,585,Expansion,2023-01-17 01:05:12,2023-02-09 02:52:05,Closed Won,35264.75,1.0
OPP-024041,ACC-000004,PROD-0089,458,Upsell,2022-08-17 19:34:26,2023-02-11 08:04:11,Closed Won,78626.328125,1.0
OPP-024076,ACC-000013,PROD-0097,101,Expansion,2023-04-12 00:05:27,2023-09-22 20:27:12,Closed Won,14317.7802734375,1.0
OPP-024077,ACC-000036,PROD-0029,292,New Business,2023-07-15 02:30:41,2023-09-10 21:49:33,Closed Lost,44129.7109375,0.0
OPP-024082,ACC-000024,PROD-0065,910,Cross-sell,2023-05-18 10:50:20,2023-06-25 19:48:47,Closed Won,71422.0078125,1.0
OPP-024094,ACC-000028,PROD-0038,986,Upsell,2023-01-26 17:23:19,2023-02-14 15:24:38,Closed Lost,37906.421875,0.0
OPP-024099,ACC-000019,PROD-0018,176,Renewal,2023-06-26 17:35:12,2023-10-10 18:16:52,Closed Won,35245.921875,1.0
OPP-024100,ACC-000038,PROD-0008,398,Cross-sell,2023-08-15 07:24:56,2023-09-14 08:30:54,Closed Won,84661.1328125,1.0
OPP-024101,ACC-000025,PROD-0062,128,Upsell,2022-09-29 16:26:12,2023-02-28 22:33:26,Closed Won,24025.060546875,1.0
OPP-024104,ACC-000044,PROD-0024,20,Renewal,2023-02-11 04:30:47,2023-07-22 01:30:10,Closed Won,87770.5625,1.0
OPP-024105,ACC-000019,PROD-0034,537,Expansion,2023-01-11 15:07:32,2023-06-21 04:32:09,Closed Won,63469.8984375,1.0
OPP-024106,ACC-000048,PROD-0097,914,Renewal,2022-12-08 13:35:15,2023-03-28 21:56:48,Closed Won,23243.609375,1.0
OPP-024113,ACC-000001,PROD-0014,196,Expansion,2023-04-12 15:41:33,2023-05-13 07:37:03,Closed Lost,33791.37109375,0.0
OPP-024124,ACC-000060,PROD-0043,84,Upsell,2023-12-15 10:32:11,2023-12-21 16:14:54,Closed Lost,81531.6171875,0.0
OPP-024150,ACC-000039,PROD-0100,211,Upsell,2023-06-22 12:02:38,2023-09-18 05:28:55,Closed Lost,94960.7890625,0.0
OPP-024157,ACC-000053,PROD-0005,615,Renewal,2023-04-13 03:16:48,2023-07-19 12:40:10,Closed Won,43263.9609375,1.0
OPP-024187,ACC-000051,PROD-0041,949,New Business,2023-03-19 16:44:23,2023-08-28 05:47:12,Closed Won,55021.0390625,1.0
OPP-024193,ACC-000048,PROD-0033,285,Upsell,2023-09-01 12:16:23,2023-11-27 14:10:20,Closed Won,49724.9609375,1.0
OPP-024196,ACC-000033,PROD-0080,741,Renewal,2023-09-22 07:45:24,2023-09-27 18:15:52,Closed Lost,38023.23828125,0.0
OPP-024206,ACC-000005,PROD-0068,616,Upsell,2023-03-10 15:02:57,2023-07-21 21:56:42,Closed Won,66289.6796875,1.0
OPP-024215,ACC-000058,PROD-0002,178,Upsell,2022-11-29 00:26:39,2023-04-22 08:50:05,Closed Won,37205.48046875,1.0
OPP-024219,ACC-000020,PROD-0001,927,Upsell,2023-10-26 00:45:39,2023-11-15 09:42:53,Closed Lost,71260.3515625,0.0
OPP-024239,ACC-000022,PROD-0033,906,Expansion,2023-07-27 08:37:34,2023-07-29 17:26:53,Closed Won,22849.19921875,1.0
OPP-024250,ACC-000055,PROD-0014,149,New Business,2023-06-04 21:29:14,2023-09-27 17:04:50,Closed Lost,42243.73046875,0.0
OPP-024262,ACC-000045,PROD-0018,758,Cross-sell,2022-08-29 14:46:45,2023-02-22 09:43:55,Closed Won,14869.26953125,1.0
OPP-024265,ACC-000013,PROD-0025,350,Upsell,2023-05-07 21:33:07,2023-09-14 07:40:48,Closed Lost,97597.0078125,0.0
OPP-024276,ACC-000050,PROD-0034,899,Cross-sell,2023-07-31 01:11:24,2023-10-03 17:19:54,Closed Won,22498.640625,1.0
OPP-024280,ACC-000011,PROD-0030,513,Upsell,2023-04-02 08:01:56,2023-09-17 18:25:07,Closed Won,95781.1796875,1.0
OPP-024302,ACC-000044,PROD-0074,196,Upsell,2022-12-09 03:40:32,2023-04-11 21:35:40,Closed Lost,60753.03125,0.0
OPP-024307,ACC-000019,PROD-0028,42,Expansion,2022-11-05 00:30:18,2023-01-30 10:57:08,Closed Won,2885.14990234375,1.0
OPP-024311,ACC-000032,PROD-0095,825,Expansion,2023-01-04 21:24:54,2023-01-30 13:10:37,Closed Lost,27612.939453125,0.0
OPP-024314,ACC-000016,PROD-0014,55,New Business,2023-07-11 19:18:27,2023-11-09 18:46:40,Closed Lost,18745.44921875,0.0
OPP-024321,ACC-000013,PROD-0001,1,Cross-sell,2022-08-27 23:32:21,2023-01-14 00:36:43,Closed Lost,77654.6796875,0.0
OPP-024326,ACC-000032,PROD-0072,888,Expansion,2023-01-20 16:30:31,2023-04-30 13:05:25,Closed Lost,22584.0,0.0
OPP-024349,ACC-000056,PROD-0097,218,Renewal,2022-11-14 08:29:05,2023-03-17 06:10:33,Closed Lost,87409.578125,0.0
OPP-024364,ACC-000035,PROD-0018,741,Renewal,2023-05-23 01:03:03,2023-09-05 11:02:22,Closed Won,54597.23828125,1.0
OPP-024380,ACC-000047,PROD-0006,606,Upsell,2023-07-03 09:31:03,2023-10-23 22:54:17,Closed Won,8608.5595703125,1.0
OPP-024390,ACC-000003,PROD-0057,17,Expansion,2022-10-04 18:03:22,2023-03-12 21:27:05,Closed Won,70979.296875,1.0
OPP-024426,ACC-000046,PROD-0021,251,Renewal,2022-11-25 10:12:46,2023-03-15 00:19:22,Closed Won,68782.609375,1.0
OPP-024441,ACC-000038,PROD-0088,17,Cross-sell,2022-12-19 13:18:56,2023-04-21 06:32:58,Closed Won,71465.7578125,1.0
OPP-024443,ACC-000028,PROD-0056,340,Upsell,2023-10-11 14:49:40,2023-11-29 15:58:36,Closed Won,56440.3984375,1.0
OPP-024445,ACC-000044,PROD-0003,310,Expansion,2023-05-01 23:56:08,2023-10-04 18:40:36,Closed Lost,5537.81005859375,0.0
OPP-024460,ACC-000034,PROD-0017,351,Expansion,2022-12-17 02:18:48,2023-05-11 08:59:35,Closed Won,91151.09375,1.0
OPP-024463,ACC-000040,PROD-0069,920,New Business,2023-01-03 17:49:57,2023-04-20 12:38:30,Closed Lost,81835.4296875,0.0
OPP-024469,ACC-000033,PROD-0087,890,Expansion,2023-07-25 04:29:56,2023-09-16 04:14:00,Closed Won,45657.98828125,1.0
OPP-024519,ACC-000056,PROD-0039,816,Upsell,2023-10-09 05:47:57,2023-12-27 21:33:11,Closed Lost,63667.87890625,0.0
OPP-024529,ACC-000035,PROD-0032,450,Renewal,2022-12-20 23:40:04,2023-05-16 10:43:58,Closed Won,24995.509765625,1.0
OPP-024542,ACC-000049,PROD-0050,787,New Business,2023-06-01 09:09:53,2023-08-30 15:25:38,Closed Lost,77427.5390625,0.0
OPP-024546,ACC-000061,PROD-0028,177,Cross-sell,2023-04-05 00:14:22,2023-06-25 08:58:49,Closed Lost,41530.41015625,0.0
OPP-024575,ACC-000018,PROD-0088,861,Upsell,2023-04-13 12:51:09,2023-07-18 08:07:57,Closed Won,83835.3828125,1.0
OPP-024602,ACC-000039,PROD-0001,442,Upsell,2023-05-04 04:53:52,2023-10-23 09:50:02,Closed Lost,99115.296875,0.0
OPP-024606,ACC-000050,PROD-0015,481,Renewal,2023-02-04 01:21:38,2023-07-13 00:48:24,Closed Won,81452.34375,1.0
OPP-024615,ACC-000027,PROD-0011,248,Cross-sell,2023-02-08 06:37:02,2023-03-23 15:26:03,Closed Lost,83163.703125,0.0
OPP-024620,ACC-000009,PROD-0043,543,Expansion,2023-01-03 16:37:29,2023-05-27 10:16:18,Closed Lost,89262.046875,0.0
OPP-024625,ACC-000002,PROD-0048,203,Cross-sell,2022-11-30 18:01:53,2023-02-08 21:10:53,Closed Won,50551.96875,1.0
OPP-024630,ACC-000061,PROD-0100,437,Renewal,2023-07-23 11:54:51,2023-12-04 13:41:09,Closed Won,94624.8515625,1.0
OPP-024632,ACC-000027,PROD-0060,425,Cross-sell,2023-02-02 02:11:47,2023-07-18 07:14:54,Closed Lost,10600.91015625,0.0
OPP-024679,ACC-000062,PROD-0059,425,Renewal,2023-01-30 05:40:51,2023-06-13 13:38:40,Closed Lost,87381.2578125,0.0
OPP-024689,ACC-000035,PROD-0008,10,Renewal,2023-06-10 00:46:31,2023-09-21 04:02:03,Closed Won,43884.12109375,1.0
OPP-024690,ACC-000043,PROD-0094,359,Renewal,2023-09-09 19:04:17,2023-12-10 09:22:59,Closed Lost,22967.099609375,0.0
OPP-024703,ACC-000056,PROD-0054,171,Expansion,2023-08-07 09:03:51,2023-12-12 17:13:36,Closed Won,9184.23046875,1.0
OPP-024705,ACC-000030,PROD-0074,677,Upsell,2023-04-19 16:06:50,2023-05-09 01:43:15,Closed Won,77841.7265625,1.0
OPP-024712,ACC-000054,PROD-0010,812,New Business,2023-08-17 11:27:07,2023-08-28 11:55:02,Closed Lost,67232.0,0.0
OPP-024716,ACC-000050,PROD-0100,119,Expansion,2023-07-14 21:12:22,2023-09-01 02:38:28,Closed Won,76800.8828125,1.0
OPP-024725,ACC-000018,PROD-0048,967,Expansion,2023-07-16 08:54:59,2023-10-29 05:32:52,Closed Won,16350.2998046875,1.0
OPP-024741,ACC-000013,PROD-0035,778,New Business,2023-09-21 08:42:41,2023-11-23 12:24:31,Closed Lost,69183.5078125,0.0
OPP-024765,ACC-000026,PROD-0094,181,Cross-sell,2023-01-27 21:37:16,2023-03-21 00:35:07,Closed Lost,80574.71875,0.0
OPP-024778,ACC-000049,PROD-0063,342,New Business,2022-12-01 08:24:19,2023-04-06 23:47:33,Closed Lost,71613.1796875,0.0
OPP-024799,ACC-000029,PROD-0090,972,Expansion,2022-11-07 07:11:23,2023-03-31 17:00:49,Closed Won,1236.4000244140625,1.0
OPP-024810,ACC-000034,PROD-0023,419,Upsell,2023-09-13 06:53:21,2023-10-11 14:21:48,Closed Won,1411.5999755859375,1.0
OPP-024858,ACC-000061,PROD-0050,251,Renewal,2023-03-30 03:46:45,2023-08-10 01:25:46,Closed Won,38540.44140625,1.0
OPP-024863,ACC-000048,PROD-0063,933,Expansion,2023-08-15 05:20:56,2023-11-01 20:12:55,Closed Lost,46610.890625,0.0
OPP-024875,ACC-000060,PROD-0083,681,Upsell,2023-09-01 22:25:43,2023-11-25 10:35:58,Closed Lost,53698.6015625,0.0
OPP-024876,ACC-000045,PROD-0070,991,Renewal,2023-04-26 14:52:31,2023-06-04 03:50:34,Closed Lost,81392.7109375,0.0
OPP-024881,ACC-000010,PROD-0091,273,Renewal,2023-01-03 13:05:06,2023-02-21 14:35:55,Closed Won,37276.19140625,1.0
OPP-024884,ACC-000002,PROD-0032,491,Expansion,2023-06-03 13:15:19,2023-10-06 04:17:37,Closed Lost,15805.009765625,0.0
OPP-024901,ACC-000050,PROD-0024,277,Upsell,2023-03-19 08:29:37,2023-08-29 11:07:34,Closed Lost,67896.2890625,0.0
OPP-024903,ACC-000024,PROD-0046,521,Renewal,2022-11-30 08:49:55,2023-04-14 00:48:43,Closed Lost,73324.640625,0.0
OPP-024908,ACC-000062,PROD-0055,618,Upsell,2022-11-27 02:48:35,2023-03-17 09:16:39,Closed Won,80556.5234375,1.0
OPP-024927,ACC-000048,PROD-0080,326,Upsell,2023-07-02 22:28:29,2023-12-02 22:23:00,Closed Lost,50300.87109375,0.0
OPP-024928,ACC-000059,PROD-0024,439,Cross-sell,2023-01-23 12:42:53,2023-03-08 02:08:47,Closed Lost,56861.23046875,0.0
OPP-024932,ACC-000012,PROD-0018,311,Upsell,2023-01-25 16:46:04,2023-02-26 14:56:42,Closed Won,42617.55859375,1.0
OPP-024938,ACC-000005,PROD-0030,130,Expansion,2023-03-02 07:54:22,2023-05-26 15:54:04,Closed Lost,7034.52978515625,0.0
OPP-024940,ACC-000036,PROD-0004,392,Expansion,2022-11-04 05:27:12,2023-03-14 17:32:29,Closed Lost,16490.830078125,0.0
OPP-024948,ACC-000036,PROD-0022,484,New Business,2023-03-23 22:42:42,2023-04-18 15:53:16,Closed Won,40977.73828125,1.0
OPP-024955,ACC-000054,PROD-0029,266,New Business,2022-12-07 07:41:32,2023-05-02 13:20:03,Closed Won,78477.9921875,1.0
OPP-024976,ACC-000009,PROD-0025,754,New Business,2023-04-09 10:51:45,2023-05-18 14:41:31,Closed Won,74874.328125,1.0
OPP-024979,ACC-000027,PROD-0011,967,Expansion,2023-10-26 09:18:58,2023-12-10 00:03:13,Closed Won,51116.91015625,1.0
OPP-024995,ACC-000013,PROD-0065,207,Cross-sell,2023-04-01 01:56:53,2023-09-01 11:20:42,Closed Won,68594.609375,1.0
