opportunity_id,account_id,product_id,product_usage,opportunity_type,created_date,close_date,status,revenue_amount,probability
OPP-000002,ACC-000015,PROD-0049,873,Cross-sell,2025-03-09 03:09:50,2025-08-18 18:38:15,Closed Lost,42567.33,0
OPP-000007,ACC-000028,PROD-0039,141,Cross-sell,2024-06-10 08:17:22,2024-11-14 12:30:34,Closed Won,39519.85,1
OPP-000017,ACC-000050,PROD-0076,618,Cross-sell,2023-10-25 09:54:00,2024-02-05 00:29:44,Closed Lost,58573.55,0
OPP-000024,ACC-000003,PROD-0044,922,Expansion,2024-06-12 07:51:33,2024-10-27 00:17:40,Closed Lost,70882.9,0
OPP-000034,ACC-000032,PROD-0016,576,Renewal,2024-11-05 12:48:30,2025-03-21 18:51:28,Closed Won,70540.36,1
OPP-000035,ACC-000006,PROD-0059,756,Upsell,2024-02-13 13:07:32,2024-04-07 05:23:19,Closed Lost,42865.98,0
OPP-000042,ACC-000049,PROD-0098,925,Cross-sell,2024-04-19 10:12:44,2024-06-12 02:36:36,Closed Lost,38581.75,0
OPP-000043,ACC-000010,PROD-0084,524,New Business,2024-04-23 11:28:32,2024-10-06 22:28:11,Closed Lost,1145.8,0
OPP-000045,ACC-000034,PROD-0082,920,Renewal,2024-04-19 00:03:16,2024-06-28 22:47:50,Closed Lost,16774.07,0
OPP-000050,ACC-000041,PROD-0097,824,Renewal,2025-03-31 21:21:15,2025-08-05 23:49:46,Closed Won,20267.22,1
OPP-000053,ACC-000014,PROD-0053,611,Upsell,2023-08-27 13:29:11,2024-01-13 08:52:33,Closed Lost,9912.45,0
OPP-000055,ACC-000042,PROD-0098,460,Expansion,2025-05-02 16:31:18,2025-07-03 22:39:10,Closed Lost,91910.79,0
OPP-000058,ACC-000057,PROD-0066,560,Cross-sell,2024-01-12 03:28:09,2024-04-25 08:43:16,Closed Won,35875.54,1
OPP-000063,ACC-000038,PROD-0053,182,New Business,2023-11-16 13:40:31,2024-04-03 22:01:20,Closed Won,38318.58,1
OPP-000067,ACC-000016,PROD-0013,336,Upsell,2025-05-31 06:27:03,2025-09-12 01:42:18,Closed Won,53260.14,1
OPP-000075,ACC-000050,PROD-0070,944,New Business,2024-05-26 14:42:19,2024-08-03 22:44:20,Closed Lost,40827.53,0
OPP-000098,ACC-000019,PROD-0029,81,Expansion,2024-08-05 09:59:16,2024-10-19 15:12:07,Closed Lost,68394.2,0
OPP-000100,ACC-000039,PROD-0084,413,New Business,2024-05-16 19:12:38,2024-09-13 17:25:36,Closed Lost,99425.3,0
OPP-000107,ACC-000026,PROD-0031,445,New Business,2023-12-05 12:56:06,2024-01-05 04:47:51,Closed Lost,5357.66,0
OPP-000111,ACC-000012,PROD-0051,43,Upsell,2024-01-24 23:31:00,2024-03-29 22:05:41,Closed Lost,71944.17,0
OPP-000119,ACC-000005,PROD-0048,978,Cross-sell,2024-05-26 04:54:37,2024-10-29 13:40:12,Closed Won,7717.3,1
OPP-000126,ACC-000044,PROD-0060,51,Expansion,2023-09-20 06:36:45,2024-03-15 21:28:55,Closed Won,99388.21,1
OPP-000129,ACC-000026,PROD-0038,266,Expansion,2024-10-06 19:16:25,2024-11-04 23:43:58,Closed Lost,86989.14,0
OPP-000137,ACC-000041,PROD-0093,798,Expansion,2023-11-11 08:52:52,2024-02-23 20:39:42,Closed Won,49783.55,1
OPP-000138,ACC-000047,PROD-0065,717,Renewal,2024-07-20 04:24:54,2024-08-13 04:08:23,Closed Lost,40779.1,0
OPP-000141,ACC-000009,PROD-0064,277,Renewal,2025-03-26 01:00:54,2025-04-24 07:12:01,Closed Lost,47851.04,0
OPP-000142,ACC-000024,PROD-0073,949,Renewal,2024-08-01 01:13:07,2024-08-07 18:37:15,Closed Lost,83210.24,0
OPP-000150,ACC-000015,PROD-0033,17,Cross-sell,2024-08-29 20:04:27,2025-02-06 09:28:00,Closed Lost,19062.8,0
OPP-000157,ACC-000057,PROD-0087,555,Cross-sell,2024-10-20 20:58:34,2024-11-27 08:48:36,Closed Won,85775.29,1
OPP-000162,ACC-000044,PROD-0008,366,Renewal,2024-09-24 23:49:52,2025-01-22 19:52:19,Closed Lost,38878.84,0
OPP-000165,ACC-000047,PROD-0009,464,Expansion,2024-01-25 08:18:05,2024-05-15 10:54:49,Closed Lost,41412.72,0
OPP-000174,ACC-000034,PROD-0036,626,Renewal,2024-10-21 23:45:31,2025-01-23 12:53:09,Closed Lost,19929.77,0
OPP-000178,ACC-000007,PROD-0074,431,Expansion,2024-01-23 23:01:02,2024-04-24 23:36:48,Closed Won,65023.58,1
OPP-000195,ACC-000010,PROD-0076,569,Renewal,2024-08-24 19:09:50,2025-01-03 03:49:50,Closed Won,55774.65,1
OPP-000202,ACC-000020,PROD-0062,974,Cross-sell,2024-02-12 03:22:09,2024-05-18 06:40:06,Closed Lost,75501.73,0
OPP-000206,ACC-000019,PROD-0004,937,Renewal,2023-06-09 08:14:24,2023-11-29 16:41:41,Closed Won,72837.29,1
OPP-000212,ACC-000061,PROD-0060,933,New Business,2024-01-28 23:00:01,2024-06-20 17:53:41,Closed Won,29872.06,1
OPP-000223,ACC-000029,PROD-0055,568,Renewal,2023-10-09 11:11:58,2024-01-20 10:57:04,Closed Won,49333.99,1
OPP-000226,ACC-000056,PROD-0049,834,Cross-sell,2024-06-26 08:56:50,2024-11-27 04:15:34,Closed Lost,55408.96,0
OPP-000236,ACC-000020,PROD-0027,597,New Business,2023-09-12 08:21:55,2023-12-26 19:01:01,Closed Lost,10117.82,0
OPP-000257,ACC-000016,PROD-0020,297,Renewal,2025-05-02 09:11:56,2025-05-31 00:05:00,Closed Won,49891.56,1
OPP-000265,ACC-000019,PROD-0051,803,Upsell,2024-10-20 06:55:48,2025-02-11 23:18:50,Closed Won,77053.16,1
OPP-000274,ACC-000017,PROD-0012,746,Cross-sell,2024-01-01 14:17:05,2024-06-24 16:49:30,Closed Lost,86632.55,0
OPP-000281,ACC-000006,PROD-0064,119,Expansion,2024-06-07 02:49:25,2024-10-12 01:24:31,Closed Won,78486.4,1
OPP-000286,ACC-000008,PROD-0074,294,Expansion,2024-08-10 15:43:48,2024-09-04 15:29:16,Closed Won,64500.13,1
OPP-000291,ACC-000061,PROD-0077,227,Cross-sell,2024-03-09 13:39:43,2024-05-20 01:06:02,Closed Lost,37555.18,0
OPP-000293,ACC-000029,PROD-0082,742,Renewal,2023-09-20 07:03:12,2024-02-05 15:12:46,Closed Lost,16450.17,0
OPP-000296,ACC-000033,PROD-0057,797,Cross-sell,2023-09-01 10:02:12,2023-12-30 06:30:05,Closed Lost,1339.61,0
OPP-000303,ACC-000060,PROD-0056,297,New Business,2023-11-24 00:46:58,2024-05-12 05:21:36,Closed Lost,95693.75,0
OPP-000317,ACC-000059,PROD-0024,331,Upsell,2024-10-04 14:20:52,2024-12-31 06:03:42,Closed Lost,28916.44,0
OPP-000324,ACC-000032,PROD-0038,975,Upsell,2024-02-20 16:27:36,2024-07-19 07:27:46,Closed Won,14744.62,1
OPP-000328,ACC-000043,PROD-0075,50,Upsell,2023-08-12 04:27:32,2023-11-26 17:21:28,Closed Lost,24696.59,0
OPP-000329,ACC-000006,PROD-0078,64,Cross-sell,2024-12-03 21:49:01,2024-12-06 00:36:59,Closed Lost,64966.64,0
OPP-000331,ACC-000023,PROD-0077,317,Renewal,2025-03-30 19:16:44,2025-07-05 15:00:03,Closed Lost,58357.34,0
OPP-000333,ACC-000051,PROD-0069,787,New Business,2023-12-30 08:06:27,2024-05-07 09:27:48,Closed Lost,33818.27,0
OPP-000347,ACC-000057,PROD-0048,66,Renewal,2024-12-23 14:04:13,2025-06-02 20:01:32,Closed Won,19124.79,1
OPP-000358,ACC-000029,PROD-0083,749,Cross-sell,2024-04-29 17:09:44,2024-08-20 23:16:10,Closed Won,92720.02,1
OPP-000360,ACC-000051,PROD-0067,437,Cross-sell,2024-01-21 17:50:28,2024-03-20 16:40:46,Closed Won,12169.55,1
OPP-000362,ACC-000056,PROD-0070,209,Expansion,2025-05-28 08:09:27,2025-06-15 08:52:53,Closed Won,42863.1,1
OPP-000367,ACC-000022,PROD-0038,401,Renewal,2024-05-07 15:04:43,2024-07-02 20:23:16,Closed Lost,35153.08,0
OPP-000382,ACC-000024,PROD-0095,728,Expansion,2024-10-04 09:55:56,2024-12-02 12:44:44,Closed Lost,32673.58,0
OPP-000400,ACC-000006,PROD-0064,710,Renewal,2023-09-21 13:57:26,2023-11-02 07:54:27,Closed Won,42904.98,1
OPP-000401,ACC-000017,PROD-0076,924,Renewal,2024-06-13 12:07:58,2024-07-25 02:22:51,Closed Won,67311.24,1
OPP-000402,ACC-000044,PROD-0085,145,Upsell,2024-02-04 08:44:47,2024-02-16 15:54:22,Closed Lost,39721.17,0
OPP-000405,ACC-000055,PROD-0084,932,Renewal,2024-03-01 15:45:02,2024-06-13 08:49:13,Closed Won,60229,1
OPP-000412,ACC-000059,PROD-0092,226,Cross-sell,2024-06-30 13:21:11,2024-08-26 07:44:34,Closed Lost,4597.25,0
OPP-000414,ACC-000007,PROD-0072,599,New Business,2024-01-30 09:06:03,2024-07-14 00:07:32,Closed Lost,14853.15,0
OPP-000421,ACC-000037,PROD-0069,109,New Business,2023-11-19 14:15:26,2024-02-24 23:38:04,Closed Won,34798.44,1
OPP-000423,ACC-000021,PROD-0004,947,New Business,2024-08-04 07:42:23,2024-12-06 00:22:34,Closed Lost,13355.05,0
OPP-000426,ACC-000056,PROD-0084,370,Cross-sell,2024-12-04 17:25:12,2025-01-09 15:50:54,Closed Lost,72121.53,0
OPP-000428,ACC-000038,PROD-0026,19,Cross-sell,2024-01-31 06:01:20,2024-03-17 10:35:01,Closed Lost,73377.55,0
OPP-000435,ACC-000035,PROD-0064,808,New Business,2024-02-25 04:35:43,2024-07-29 21:38:17,Closed Won,64948.18,1
OPP-000440,ACC-000033,PROD-0078,298,Expansion,2024-02-09 10:04:24,2024-04-30 22:23:56,Closed Won,77540.82,1
OPP-000446,ACC-000023,PROD-0015,363,Expansion,2024-03-14 21:35:01,2024-04-26 03:09:00,Closed Lost,69223.64,0
OPP-000455,ACC-000007,PROD-0054,467,Expansion,2023-10-30 22:58:35,2024-01-02 20:34:15,Closed Won,44783.92,1
OPP-000459,ACC-000028,PROD-0096,506,New Business,2024-05-28 23:32:25,2024-08-02 16:45:04,Closed Lost,34223.1,0
OPP-000462,ACC-000019,PROD-0084,156,Expansion,2024-07-27 21:11:35,2024-11-16 08:33:34,Closed Lost,37560.44,0
OPP-000470,ACC-000026,PROD-0073,922,New Business,2025-05-31 06:48:38,2025-10-09 20:45:42,Closed Lost,44822.7,0
OPP-000474,ACC-000020,PROD-0082,355,Expansion,2024-11-18 01:31:36,2024-11-25 23:14:24,Closed Lost,59850.09,0
OPP-000475,ACC-000050,PROD-0007,279,Upsell,2024-03-27 13:23:18,2024-04-23 22:02:50,Closed Lost,78306.24,0
OPP-000478,ACC-000018,PROD-0049,62,Upsell,2023-06-14 02:48:36,2023-12-05 08:06:11,Closed Lost,31739.93,0
OPP-000479,ACC-000024,PROD-0031,178,Upsell,2025-03-03 15:37:50,2025-06-16 22:04:50,Closed Lost,74282.97,0
OPP-000483,ACC-000046,PROD-0013,800,Renewal,2024-10-28 10:57:30,2025-04-05 13:14:59,Closed Lost,91419.15,0
OPP-000492,ACC-000061,PROD-0088,114,Renewal,2024-07-28 18:21:05,2024-12-08 10:58:53,Closed Lost,42193.5,0
OPP-000497,ACC-000012,PROD-0096,975,Upsell,2023-12-12 12:40:23,2024-04-24 15:18:12,Closed Won,12247.87,1
OPP-000509,ACC-000011,PROD-0015,399,Expansion,2025-01-27 04:53:33,2025-03-01 10:21:58,Closed Won,42737.58,1
OPP-000516,ACC-000013,PROD-0052,831,Cross-sell,2024-10-25 21:37:29,2025-03-21 20:03:21,Closed Lost,69925.14,0
OPP-000521,ACC-000013,PROD-0043,667,Renewal,2024-07-05 06:28:58,2024-07-12 09:52:51,Closed Lost,40645.55,0
OPP-000524,ACC-000057,PROD-0093,236,Renewal,2025-03-22 00:28:32,2025-05-08 03:58:07,Closed Lost,67697.23,0
OPP-000533,ACC-000039,PROD-0023,794,Upsell,2024-10-29 22:33:42,2024-11-07 04:50:06,Closed Won,35350.44,1
OPP-000548,ACC-000001,PROD-0084,347,Upsell,2025-03-17 02:18:10,2025-06-27 18:35:09,Closed Lost,73069.16,0
OPP-000555,ACC-000027,PROD-0098,775,Upsell,2024-12-26 17:16:27,2025-04-06 22:41:30,Closed Won,65035.68,1
OPP-000556,ACC-000004,PROD-0086,395,New Business,2024-05-14 19:34:40,2024-06-10 14:05:04,Closed Won,51702.74,1
OPP-000569,ACC-000049,PROD-0061,785,Expansion,2024-05-30 20:53:46,2024-11-12 13:26:25,Closed Won,6880.1,1
OPP-000570,ACC-000055,PROD-0036,757,Renewal,2024-01-07 18:22:32,2024-06-26 01:36:28,Closed Lost,37887.46,0
OPP-000578,ACC-000042,PROD-0050,561,Upsell,2024-09-30 18:59:47,2025-02-06 18:05:08,Closed Won,2566.45,1
OPP-000582,ACC-000035,PROD-0050,386,New Business,2024-09-18 20:25:41,2024-11-19 11:07:09,Closed Lost,48970.79,0
OPP-000604,ACC-000027,PROD-0065,948,Expansion,2023-10-29 23:33:54,2023-12-31 19:48:44,Closed Won,69014.39,1
OPP-000622,ACC-000048,PROD-0053,486,Cross-sell,2024-05-12 22:02:34,2024-05-23 17:11:05,Closed Won,82187.27,1
OPP-000632,ACC-000028,PROD-0033,343,New Business,2024-03-02 10:05:49,2024-08-12 18:57:07,Closed Won,61699.73,1
OPP-000633,ACC-000028,PROD-0040,909,Upsell,2024-06-04 15:26:59,2024-10-19 10:43:45,Closed Lost,40926.95,0
OPP-000638,ACC-000003,PROD-0036,9,Expansion,2024-12-19 10:10:29,2025-01-27 21:36:26,Closed Won,91088.94,1
OPP-000640,ACC-000018,PROD-0054,902,New Business,2024-09-18 17:01:30,2025-01-27 23:30:25,Closed Lost,25259.79,0
OPP-000645,ACC-000036,PROD-0018,92,Renewal,2024-09-14 13:52:03,2025-02-11 00:21:41,Closed Won,19056.91,1
OPP-000666,ACC-000025,PROD-0013,20,Renewal,2025-04-19 23:52:38,2025-08-18 19:02:08,Closed Lost,35445.53,0
OPP-000671,ACC-000004,PROD-0059,132,Upsell,2025-05-23 11:49:30,2025-09-30 15:47:28,Closed Won,54294.76,1
OPP-000683,ACC-000045,PROD-0044,88,Renewal,2025-02-01 10:10:50,2025-03-07 14:10:24,Closed Won,92215.27,1
OPP-000708,ACC-000001,PROD-0050,287,New Business,2023-10-27 18:44:56,2023-11-28 15:50:13,Closed Won,33135.14,1
OPP-000714,ACC-000020,PROD-0062,424,Cross-sell,2024-01-02 14:41:41,2024-03-27 07:59:32,Closed Lost,11642.75,0
OPP-000722,ACC-000039,PROD-0054,177,Cross-sell,2024-04-22 21:42:15,2024-08-31 22:17:26,Closed Won,41279.8,1
OPP-000725,ACC-000015,PROD-0088,940,Renewal,2024-07-08 11:36:48,2024-10-28 23:31:28,Closed Lost,61585.23,0
OPP-000729,ACC-000023,PROD-0040,927,Upsell,2024-01-10 13:02:02,2024-04-10 10:20:36,Closed Won,80413.96,1
OPP-000732,ACC-000005,PROD-0062,36,Upsell,2024-12-26 12:58:10,2025-03-23 23:49:38,Closed Lost,96915.05,0
OPP-000739,ACC-000056,PROD-0090,70,New Business,2024-01-11 01:20:03,2024-06-09 20:03:17,Closed Lost,41173.28,0
OPP-000743,ACC-000028,PROD-0007,815,New Business,2023-08-05 10:23:15,2023-12-09 16:15:16,Closed Lost,34221.73,0
OPP-000751,ACC-000036,PROD-0060,847,Upsell,2024-09-13 09:44:26,2025-01-15 22:20:03,Closed Won,41792.5,1
OPP-000752,ACC-000016,PROD-0089,72,New Business,2024-12-07 14:43:44,2024-12-08 15:35:16,Closed Won,65660.39,1
OPP-000769,ACC-000021,PROD-0034,675,New Business,2024-11-13 13:07:07,2025-05-10 20:57:32,Closed Lost,18427.57,0
OPP-000774,ACC-000044,PROD-0027,52,Expansion,2025-05-20 03:47:51,2025-07-27 00:11:12,Closed Won,42886.96,1
OPP-000776,ACC-000003,PROD-0042,938,Renewal,2023-12-20 19:21:55,2023-12-23 09:12:13,Closed Lost,5771.58,0
OPP-000778,ACC-000045,PROD-0007,280,Expansion,2023-08-30 11:42:37,2023-11-17 23:24:24,Closed Won,89640.74,1
OPP-000785,ACC-000058,PROD-0092,443,New Business,2023-10-29 05:38:59,2023-11-09 13:14:27,Closed Won,14010.91,1
OPP-000787,ACC-000039,PROD-0058,472,New Business,2023-11-15 13:10:12,2024-04-23 22:09:27,Closed Lost,19794.9,0
OPP-000797,ACC-000027,PROD-0060,914,New Business,2024-02-24 19:24:27,2024-04-27 13:59:17,Closed Lost,39365.29,0
OPP-000803,ACC-000036,PROD-0062,690,Cross-sell,2023-10-23 09:13:49,2023-12-04 09:34:06,Closed Won,85359.28,1
OPP-000811,ACC-000041,PROD-0052,58,Expansion,2025-06-03 16:55:03,2025-08-13 15:58:50,Closed Lost,13612.08,0
OPP-000821,ACC-000054,PROD-0096,128,Upsell,2024-03-31 19:25:55,2024-04-04 20:38:08,Closed Lost,80619.51,0
OPP-000823,ACC-000003,PROD-0029,269,New Business,2025-04-03 04:46:12,2025-07-07 16:57:45,Closed Lost,10230.4,0
OPP-000824,ACC-000055,PROD-0072,649,New Business,2024-04-15 15:00:50,2024-07-10 10:20:49,Closed Lost,1961.04,0
OPP-000830,ACC-000015,PROD-0032,624,Expansion,2025-02-23 18:32:53,2025-05-24 07:47:44,Closed Lost,39925.26,0
OPP-000831,ACC-000026,PROD-0039,73,Renewal,2025-04-16 16:53:52,2025-09-17 21:34:14,Closed Lost,2675.22,0
OPP-000848,ACC-000018,PROD-0074,206,Renewal,2023-08-11 10:21:59,2024-01-23 20:45:30,Closed Lost,91823.69,0
OPP-000879,ACC-000003,PROD-0047,408,Cross-sell,2023-09-19 13:53:03,2024-03-11 09:11:27,Closed Won,74568.43,1
OPP-000884,ACC-000045,PROD-0056,781,Renewal,2024-03-04 06:32:38,2024-07-27 07:03:06,Closed Won,33298.47,1
OPP-000885,ACC-000044,PROD-0091,20,New Business,2024-04-24 15:38:07,2024-09-02 12:04:58,Closed Lost,88615.18,0
OPP-000887,ACC-000029,PROD-0018,133,New Business,2024-03-08 23:19:02,2024-06-22 16:09:30,Closed Won,4790.35,1
OPP-000888,ACC-000043,PROD-0035,700,New Business,2024-11-19 08:59:16,2025-03-12 22:15:07,Closed Won,20551.65,1
OPP-000894,ACC-000007,PROD-0016,368,New Business,2024-10-19 23:19:27,2024-10-23 01:34:42,Closed Lost,81993.52,0
OPP-000897,ACC-000029,PROD-0082,312,New Business,2023-09-02 23:11:41,2024-02-26 21:43:02,Closed Won,92202.15,1
OPP-000907,ACC-000030,PROD-0005,818,New Business,2025-06-01 04:36:42,2025-09-26 05:47:58,Closed Lost,66270.46,0
OPP-000910,ACC-000032,PROD-0036,400,Cross-sell,2024-07-31 21:11:55,2025-01-01 07:39:51,Closed Lost,75022.41,0
OPP-000918,ACC-000029,PROD-0046,582,Renewal,2023-12-05 11:29:51,2023-12-16 12:03:48,Closed Lost,4068.26,0
OPP-000933,ACC-000010,PROD-0070,665,Cross-sell,2025-02-20 05:00:27,2025-04-12 02:30:28,Closed Won,37103.1,1
OPP-000935,ACC-000046,PROD-0043,439,Renewal,2024-08-23 08:12:42,2024-09-15 00:04:10,Closed Lost,50343.48,0
OPP-000936,ACC-000014,PROD-0030,662,Renewal,2024-01-22 13:49:39,2024-02-26 11:35:13,Closed Won,41584.31,1
OPP-000937,ACC-000053,PROD-0053,37,Upsell,2025-05-12 09:53:24,2025-09-05 07:44:19,Closed Lost,18616.38,0
OPP-000945,ACC-000012,PROD-0059,799,New Business,2024-06-21 04:30:35,2024-08-07 01:15:44,Closed Lost,29321.12,0
OPP-000949,ACC-000053,PROD-0089,842,Renewal,2025-02-26 15:57:22,2025-03-06 02:10:08,Closed Lost,88725.54,0
OPP-000958,ACC-000036,PROD-0088,370,New Business,2024-09-09 22:42:14,2024-11-30 03:10:49,Closed Won,67552.88,1
OPP-000963,ACC-000021,PROD-0009,94,Upsell,2024-07-30 08:56:12,2024-12-02 04:14:59,Closed Lost,92590.23,0
OPP-000968,ACC-000049,PROD-0022,355,Renewal,2025-01-26 07:32:21,2025-04-04 07:42:30,Closed Won,66647.55,1
OPP-000980,ACC-000055,PROD-0069,9,Expansion,2024-08-30 16:14:14,2025-01-24 18:48:18,Closed Lost,15631.87,0
OPP-000981,ACC-000032,PROD-0085,955,Cross-sell,2025-05-31 13:30:08,2025-09-12 23:13:45,Closed Won,34159.7,1
OPP-000985,ACC-000028,PROD-0011,470,Renewal,2024-06-28 16:41:40,2024-09-13 10:33:16,Closed Won,34258.95,1
OPP-000989,ACC-000014,PROD-0054,912,New Business,2025-03-11 12:02:04,2025-06-04 22:02:35,Closed Lost,96293.54,0
OPP-000996,ACC-000056,PROD-0046,429,Cross-sell,2024-05-17 13:47:47,2024-07-18 21:00:43,Closed Won,80180.27,1
OPP-000997,ACC-000032,PROD-0070,868,Upsell,2023-09-30 07:00:33,2024-02-10 21:26:36,Closed Won,90503.81,1
OPP-001000,ACC-000022,PROD-0018,78,Upsell,2025-05-24 04:31:02,2025-09-05 08:31:25,Closed Won,70784.4,1
OPP-001014,ACC-000058,PROD-0059,665,New Business,2023-12-23 01:25:11,2024-03-09 00:19:42,Closed Lost,11321.86,0
OPP-001020,ACC-000011,PROD-0054,282,Renewal,2024-08-12 06:55:07,2024-12-21 18:09:08,Closed Lost,41845.46,0
OPP-001021,ACC-000061,PROD-0092,49,Expansion,2023-12-30 02:57:40,2024-05-28 17:44:19,Closed Won,58016.14,1
OPP-001045,ACC-000047,PROD-0090,212,Renewal,2024-02-15 18:31:52,2024-03-05 15:00:30,Closed Lost,95951,0
OPP-001047,ACC-000037,PROD-0012,634,Upsell,2025-06-25 11:44:55,2025-10-19 20:38:06,Closed Lost,79525.17,0
OPP-001048,ACC-000016,PROD-0093,211,Cross-sell,2024-04-13 13:45:24,2024-10-05 03:56:40,Closed Won,76580.8,1
OPP-001051,ACC-000049,PROD-0096,214,Renewal,2024-01-15 16:25:13,2024-05-19 14:06:07,Closed Lost,3583.65,0
OPP-001056,ACC-000053,PROD-0002,801,Upsell,2024-01-23 22:02:56,2024-02-19 03:27:38,Closed Lost,50052.26,0
OPP-001059,ACC-000022,PROD-0077,750,Upsell,2024-09-27 04:24:37,2025-03-21 22:14:06,Closed Lost,49795.86,0
OPP-001065,ACC-000032,PROD-0099,91,Cross-sell,2024-06-13 05:34:34,2024-07-20 00:18:14,Closed Won,40632.15,1
OPP-001069,ACC-000006,PROD-0067,623,Renewal,2025-06-21 21:07:33,2025-07-07 13:58:46,Closed Won,75103.06,1
OPP-001089,ACC-000046,PROD-0045,793,Upsell,2024-12-12 05:08:29,2025-02-02 14:34:08,Closed Won,20997.33,1
OPP-001098,ACC-000036,PROD-0072,909,Expansion,2024-03-27 07:05:09,2024-07-01 20:14:20,Closed Lost,34723.06,0
OPP-001103,ACC-000054,PROD-0003,458,Expansion,2024-02-07 08:03:04,2024-06-12 06:13:27,Closed Lost,49254.4,0
OPP-001114,ACC-000037,PROD-0076,26,New Business,2024-10-17 23:13:50,2025-01-13 13:11:29,Closed Lost,84215.67,0
OPP-001118,ACC-000045,PROD-0092,907,Cross-sell,2024-04-07 18:18:45,2024-08-11 02:29:28,Closed Lost,54778.61,0
OPP-001128,ACC-000045,PROD-0048,24,Expansion,2025-05-03 20:18:55,2025-07-19 20:02:49,Closed Won,10365.71,1
OPP-001129,ACC-000023,PROD-0047,799,Cross-sell,2023-12-08 05:52:13,2023-12-09 23:07:51,Closed Lost,13648.91,0
OPP-001132,ACC-000006,PROD-0094,1,Upsell,2024-10-08 06:20:34,2025-01-12 13:04:29,Closed Won,34159.96,1
OPP-001136,ACC-000014,PROD-0005,55,Cross-sell,2025-01-29 18:09:43,2025-06-21 01:48:14,Closed Won,2554.32,1
OPP-001139,ACC-000028,PROD-0086,401,Cross-sell,2024-10-30 14:52:52,2024-11-14 05:34:09,Closed Lost,58445.77,0
OPP-001151,ACC-000026,PROD-0077,338,Cross-sell,2025-06-20 02:37:41,2025-08-29 19:18:31,Closed Won,19479.8,1
OPP-001153,ACC-000001,PROD-0039,602,Expansion,2024-05-22 18:24:27,2024-07-21 13:41:19,Closed Lost,48217,0
OPP-001164,ACC-000040,PROD-0019,612,Expansion,2024-09-21 21:28:28,2025-02-18 17:39:39,Closed Won,75370.14,1
OPP-001169,ACC-000007,PROD-0009,708,Renewal,2023-11-06 22:04:22,2023-11-15 13:22:09,Closed Won,79110.33,1
OPP-001175,ACC-000046,PROD-0050,649,Upsell,2025-04-21 04:12:22,2025-05-12 21:46:52,Closed Lost,76518.19,0
OPP-001176,ACC-000011,PROD-0012,67,Cross-sell,2024-03-04 04:50:12,2024-07-16 23:04:32,Closed Won,84412.29,1
OPP-001182,ACC-000010,PROD-0078,281,New Business,2024-08-13 20:36:05,2024-09-20 15:34:11,Closed Lost,15164.44,0
OPP-001192,ACC-000020,PROD-0077,400,Renewal,2024-03-24 01:42:15,2024-05-23 19:50:02,Closed Lost,18795.53,0
OPP-001195,ACC-000047,PROD-0092,729,Cross-sell,2025-01-14 12:50:02,2025-06-22 03:59:38,Closed Lost,60848.62,0
OPP-001208,ACC-000005,PROD-0088,863,Renewal,2024-04-30 05:05:17,2024-08-10 19:00:08,Closed Won,55989.09,1
OPP-001212,ACC-000040,PROD-0062,100,New Business,2025-03-17 16:19:56,2025-06-30 20:53:22,Closed Lost,23451.38,0
OPP-001233,ACC-000036,PROD-0055,74,New Business,2024-03-07 09:03:27,2024-03-18 01:52:43,Closed Won,9840.59,1
OPP-001237,ACC-000017,PROD-0064,634,Cross-sell,2024-11-12 12:54:06,2024-12-02 10:18:58,Closed Won,26893.3,1
OPP-001239,ACC-000043,PROD-0078,585,New Business,2024-02-03 01:52:54,2024-03-08 05:21:06,Closed Lost,98142.85,0
OPP-001241,ACC-000052,PROD-0024,780,Renewal,2024-01-02 17:23:24,2024-01-16 03:27:14,Closed Won,18939.22,1
OPP-001246,ACC-000036,PROD-0054,773,Cross-sell,2023-08-09 20:34:54,2023-12-04 09:22:38,Closed Lost,92861.83,0
OPP-001262,ACC-000019,PROD-0009,55,Cross-sell,2023-10-24 13:47:21,2023-11-21 05:47:26,Closed Lost,18724.89,0
OPP-001264,ACC-000031,PROD-0026,531,Expansion,2024-11-11 14:42:08,2024-12-24 00:26:04,Closed Won,86441.17,1
OPP-001281,ACC-000039,PROD-0022,933,New Business,2024-11-08 10:17:45,2025-04-22 23:18:39,Closed Won,85118.93,1
OPP-001283,ACC-000030,PROD-0027,947,Cross-sell,2024-02-04 23:12:11,2024-04-19 00:06:02,Closed Won,12630.03,1
OPP-001284,ACC-000059,PROD-0042,5,New Business,2024-10-18 15:03:22,2024-11-19 06:14:29,Closed Lost,13674.26,0
OPP-001286,ACC-000037,PROD-0031,932,New Business,2025-03-26 00:35:53,2025-06-29 14:01:51,Closed Lost,30434.85,0
OPP-001298,ACC-000046,PROD-0016,130,Upsell,2024-12-03 20:13:21,2025-05-07 16:19:54,Closed Won,45290.36,1
OPP-001299,ACC-000039,PROD-0061,631,Cross-sell,2024-10-10 16:57:15,2025-01-12 03:19:59,Closed Lost,49852.52,0
OPP-001304,ACC-000026,PROD-0047,203,New Business,2023-09-19 03:49:14,2023-12-16 14:55:33,Closed Lost,81886.55,0
OPP-001308,ACC-000051,PROD-0079,365,New Business,2024-02-02 00:14:05,2024-06-16 07:40:01,Closed Lost,98862.72,0
OPP-001311,ACC-000040,PROD-0088,989,Cross-sell,2024-07-16 16:50:11,2024-10-22 18:28:53,Closed Won,67154.74,1
OPP-001314,ACC-000044,PROD-0087,752,Expansion,2024-02-27 21:07:42,2024-08-07 08:49:15,Closed Won,94102.67,1
OPP-001315,ACC-000043,PROD-0086,911,Upsell,2024-10-26 06:32:20,2024-12-24 18:13:53,Closed Won,56491.11,1
OPP-001323,ACC-000040,PROD-0091,343,Cross-sell,2024-02-15 00:46:26,2024-04-26 07:21:22,Closed Won,81226.99,1
OPP-001324,ACC-000040,PROD-0036,11,Renewal,2025-02-27 18:40:26,2025-07-26 13:47:18,Closed Won,79431.64,1
OPP-001337,ACC-000055,PROD-0071,328,Upsell,2024-05-28 01:28:03,2024-11-08 21:46:30,Closed Lost,9671.48,0
OPP-001342,ACC-000031,PROD-0003,721,New Business,2024-05-04 14:27:25,2024-05-13 23:23:24,Closed Won,62025.71,1
OPP-001349,ACC-000030,PROD-0018,916,Expansion,2024-11-30 08:02:00,2025-05-23 04:06:17,Closed Lost,41113.07,0
OPP-001354,ACC-000027,PROD-0043,485,Renewal,2025-06-04 07:03:32,2025-09-17 15:20:27,Closed Lost,58586.49,0
OPP-001358,ACC-000015,PROD-0054,208,Cross-sell,2023-07-22 02:07:42,2023-10-31 01:45:12,Closed Won,32255.21,1
OPP-001369,ACC-000042,PROD-0042,436,Expansion,2024-05-15 00:37:14,2024-11-06 11:20:27,Closed Won,45566.51,1
OPP-001377,ACC-000053,PROD-0016,995,New Business,2025-03-10 21:26:27,2025-04-19 17:18:09,Closed Won,40725.55,1
OPP-001412,ACC-000052,PROD-0039,607,Expansion,2024-09-21 17:14:35,2024-11-28 10:25:23,Closed Won,9478.79,1
OPP-001417,ACC-000040,PROD-0039,557,Upsell,2024-11-06 02:10:23,2025-04-10 09:06:58,Closed Lost,15540.68,0
OPP-001419,ACC-000059,PROD-0041,196,Cross-sell,2024-02-03 13:08:54,2024-07-29 09:26:53,Closed Won,56414.9,1
OPP-001422,ACC-000012,PROD-0051,489,Expansion,2025-02-15 18:35:21,2025-04-02 09:04:46,Closed Lost,99908.13,0
OPP-001426,ACC-000058,PROD-0064,499,Cross-sell,2023-07-28 12:55:34,2024-01-12 23:03:53,Closed Won,4932,1
OPP-001429,ACC-000023,PROD-0038,907,Renewal,2025-01-18 18:56:29,2025-04-19 15:34:22,Closed Lost,74749.2,0
OPP-001435,ACC-000047,PROD-0008,355,Renewal,2025-03-15 02:33:28,2025-05-03 00:02:58,Closed Lost,98357.15,0
OPP-001441,ACC-000048,PROD-0091,947,Cross-sell,2025-06-08 08:40:39,2025-10-02 06:31:59,Closed Lost,60068.38,0
OPP-001443,ACC-000032,PROD-0031,509,Expansion,2025-05-18 00:58:26,2025-09-07 10:36:47,Closed Won,24488.53,1
OPP-001444,ACC-000052,PROD-0060,890,Expansion,2025-04-23 22:58:59,2025-04-25 22:38:46,Closed Lost,88468.45,0
OPP-001455,ACC-000003,PROD-0053,370,Cross-sell,2024-12-07 10:08:55,2025-05-12 09:10:47,Closed Lost,80674.17,0
OPP-001456,ACC-000008,PROD-0026,125,New Business,2024-06-14 18:51:14,2024-11-22 06:20:55,Closed Won,37272.3,1
OPP-001469,ACC-000043,PROD-0036,191,New Business,2024-03-30 15:30:19,2024-04-18 06:20:07,Closed Lost,36545.1,0
OPP-001478,ACC-000019,PROD-0029,805,Renewal,2023-12-22 06:09:18,2023-12-27 23:55:48,Closed Lost,25183.12,0
OPP-001480,ACC-000052,PROD-0030,526,Renewal,2023-06-18 23:58:43,2023-11-16 20:59:25,Closed Lost,44788.74,0
OPP-001482,ACC-000044,PROD-0025,61,Upsell,2025-03-17 14:13:52,2025-08-02 03:04:37,Closed Lost,43174.5,0
OPP-001487,ACC-000038,PROD-0004,656,Cross-sell,2023-06-19 19:55:49,2023-11-04 12:21:05,Closed Won,38538.9,1
OPP-001488,ACC-000004,PROD-0005,370,Expansion,2024-03-08 12:40:42,2024-03-09 19:02:00,Closed Won,8463.35,1
OPP-001489,ACC-000060,PROD-0057,670,New Business,2025-02-24 03:07:08,2025-06-26 22:34:19,Closed Won,81813.91,1
OPP-001492,ACC-000021,PROD-0069,995,Renewal,2025-04-16 11:22:44,2025-08-29 14:30:36,Closed Won,53466.81,1
OPP-001498,ACC-000017,PROD-0076,252,New Business,2024-09-10 03:25:42,2024-11-02 12:44:16,Closed Lost,43286.66,0
OPP-001499,ACC-000056,PROD-0066,947,Renewal,2024-06-16 23:06:17,2024-10-14 21:34:02,Closed Won,30467.49,1
OPP-001510,ACC-000018,PROD-0004,166,Upsell,2024-08-14 12:52:44,2024-08-26 04:19:11,Closed Won,96534.09,1
OPP-001512,ACC-000043,PROD-0047,102,Expansion,2025-05-12 05:08:28,2025-09-21 05:15:06,Closed Lost,55690.71,0
OPP-001532,ACC-000059,PROD-0057,181,Renewal,2023-07-11 21:15:29,2023-12-03 01:41:53,Closed Won,41817.85,1
OPP-001540,ACC-000018,PROD-0074,218,Renewal,2024-08-28 21:57:54,2025-01-24 15:57:01,Closed Lost,74312.98,0
OPP-001557,ACC-000012,PROD-0011,649,Expansion,2024-05-17 06:53:41,2024-10-25 13:26:23,Closed Won,21290.48,1
OPP-001559,ACC-000009,PROD-0085,713,New Business,2025-04-25 19:42:00,2025-06-22 13:45:02,Closed Lost,72119.09,0
OPP-001566,ACC-000020,PROD-0095,283,Expansion,2024-12-05 23:49:28,2025-05-27 11:30:36,Closed Won,1489.74,1
OPP-001569,ACC-000052,PROD-0012,264,Cross-sell,2025-04-14 02:17:26,2025-10-03 17:55:52,Closed Won,20204.08,1
OPP-001578,ACC-000046,PROD-0022,607,Renewal,2024-06-15 10:50:01,2024-07-15 04:20:57,Closed Won,80369.06,1
OPP-001584,ACC-000014,PROD-0081,811,Upsell,2024-02-28 00:16:50,2024-03-04 10:01:29,Closed Won,22001.62,1
OPP-001587,ACC-000019,PROD-0068,305,New Business,2024-05-23 15:34:14,2024-09-06 18:50:25,Closed Won,5877.76,1
OPP-001588,ACC-000048,PROD-0032,965,Upsell,2025-06-14 22:49:23,2025-07-11 14:06:54,Closed Won,6356.69,1
OPP-001599,ACC-000061,PROD-0037,822,Cross-sell,2024-11-25 10:02:59,2025-01-10 12:46:37,Closed Won,79187.3,1
OPP-001602,ACC-000038,PROD-0012,259,Expansion,2024-03-26 00:50:39,2024-05-31 06:08:46,Closed Won,69311.8,1
OPP-001609,ACC-000056,PROD-0068,292,New Business,2023-07-23 18:39:16,2023-11-16 23:53:58,Closed Lost,30371.94,0
OPP-001610,ACC-000014,PROD-0041,997,Upsell,2024-04-27 22:36:55,2024-09-11 06:14:05,Closed Lost,37278.64,0
OPP-001612,ACC-000041,PROD-0099,941,Expansion,2025-01-26 10:19:45,2025-05-13 22:22:43,Closed Won,45322.63,1
OPP-001627,ACC-000028,PROD-0054,408,Cross-sell,2025-02-01 00:45:53,2025-02-11 05:17:13,Closed Lost,35990.37,0
OPP-001633,ACC-000052,PROD-0018,661,Renewal,2024-02-14 13:56:07,2024-03-17 19:16:13,Closed Won,96590.06,1
OPP-001635,ACC-000024,PROD-0024,32,Expansion,2023-10-08 03:46:53,2023-12-03 13:07:36,Closed Lost,24805.57,0
OPP-001638,ACC-000040,PROD-0045,619,Expansion,2024-07-02 14:01:34,2024-11-15 02:59:03,Closed Lost,10670.64,0
OPP-001639,ACC-000045,PROD-0089,15,Cross-sell,2025-05-03 23:48:18,2025-09-11 09:14:55,Closed Lost,69335.89,0
OPP-001646,ACC-000005,PROD-0070,240,New Business,2023-12-08 01:34:47,2024-01-02 14:59:20,Closed Won,19503.32,1
OPP-001651,ACC-000002,PROD-0022,176,Upsell,2024-07-01 01:36:34,2024-07-08 19:16:20,Closed Lost,57763.86,0
OPP-001657,ACC-000042,PROD-0077,454,Expansion,2023-10-15 05:24:51,2023-11-16 19:10:26,Closed Won,55301.29,1
OPP-001658,ACC-000009,PROD-0002,370,Cross-sell,2023-10-05 13:22:49,2023-12-04 02:45:02,Closed Lost,75389.24,0
OPP-001662,ACC-000033,PROD-0072,416,Cross-sell,2025-06-13 22:29:38,2025-09-19 21:56:43,Closed Won,17189.23,1
OPP-001674,ACC-000026,PROD-0087,356,Expansion,2024-06-28 10:51:42,2024-08-25 20:15:23,Closed Won,60678.24,1
OPP-001675,ACC-000051,PROD-0020,485,New Business,2023-07-04 18:23:57,2023-12-26 17:57:24,Closed Won,97357.65,1
OPP-001677,ACC-000017,PROD-0089,899,Cross-sell,2023-12-06 19:50:36,2024-04-15 07:45:55,Closed Won,38065.51,1
OPP-001688,ACC-000002,PROD-0093,516,Expansion,2024-08-08 03:15:52,2024-11-10 03:28:43,Closed Lost,25848.41,0
OPP-001704,ACC-000015,PROD-0073,58,New Business,2024-03-20 19:35:51,2024-04-28 17:03:40,Closed Won,97335.37,1
OPP-001709,ACC-000024,PROD-0031,345,New Business,2024-10-02 05:06:28,2024-11-26 04:20:32,Closed Won,64450.07,1
OPP-001713,ACC-000021,PROD-0099,174,Renewal,2023-10-12 23:11:38,2024-03-26 21:55:27,Closed Won,59309.86,1
OPP-001715,ACC-000037,PROD-0079,55,Cross-sell,2024-05-06 19:13:02,2024-05-24 18:25:23,Closed Won,82173.33,1
OPP-001716,ACC-000036,PROD-0034,778,New Business,2023-09-01 14:33:02,2023-11-18 04:41:52,Closed Lost,57464.65,0
OPP-001721,ACC-000058,PROD-0045,618,Expansion,2024-01-24 12:39:54,2024-05-03 20:41:16,Closed Won,69462.81,1
OPP-001737,ACC-000020,PROD-0078,367,Renewal,2023-11-17 02:33:20,2023-12-05 02:47:41,Closed Lost,68191.13,0
OPP-001739,ACC-000001,PROD-0004,265,New Business,2024-08-02 06:04:07,2025-01-22 15:32:21,Closed Lost,17817.63,0
OPP-001746,ACC-000023,PROD-0062,332,Renewal,2025-04-23 03:17:27,2025-07-15 10:29:31,Closed Won,35185.78,1
OPP-001751,ACC-000008,PROD-0090,424,Cross-sell,2025-01-16 11:51:23,2025-05-11 12:18:49,Closed Lost,22689.27,0
OPP-001752,ACC-000059,PROD-0048,954,Upsell,2024-01-13 10:23:16,2024-01-31 03:32:24,Closed Lost,15710.48,0
OPP-001756,ACC-000014,PROD-0050,585,Expansion,2023-07-05 20:35:19,2023-12-22 07:33:07,Closed Won,76429.86,1
OPP-001772,ACC-000038,PROD-0081,351,Expansion,2024-09-13 19:15:23,2025-03-11 10:52:10,Closed Lost,6396.95,0
OPP-001781,ACC-000058,PROD-0075,872,New Business,2025-01-02 02:29:54,2025-03-02 17:53:14,Closed Lost,59839.45,0
OPP-001794,ACC-000034,PROD-0007,314,Cross-sell,2024-03-19 15:21:28,2024-08-29 15:12:44,Closed Lost,78178.47,0
OPP-001795,ACC-000047,PROD-0002,42,Cross-sell,2024-03-13 10:26:12,2024-06-14 04:38:17,Closed Lost,91720.13,0
OPP-001804,ACC-000021,PROD-0010,916,New Business,2024-06-01 02:22:53,2024-10-05 07:18:04,Closed Won,2652.82,1
OPP-001811,ACC-000001,PROD-0027,428,Renewal,2024-01-14 22:00:56,2024-06-08 16:36:10,Closed Lost,44352.71,0
OPP-001814,ACC-000029,PROD-0046,784,New Business,2023-07-14 23:32:30,2023-11-02 19:18:37,Closed Won,44896.84,1
OPP-001816,ACC-000008,PROD-0067,375,Cross-sell,2025-03-08 12:00:40,2025-04-28 13:57:57,Closed Lost,82074.52,0
OPP-001834,ACC-000009,PROD-0012,200,New Business,2025-03-23 23:46:11,2025-08-06 14:42:10,Closed Won,6908.57,1
OPP-001841,ACC-000044,PROD-0005,235,Cross-sell,2024-03-12 22:44:28,2024-09-07 01:27:24,Closed Lost,71619.63,0
OPP-001847,ACC-000018,PROD-0010,988,Renewal,2025-06-22 02:09:27,2025-07-08 00:11:44,Closed Lost,39497.29,0
OPP-001850,ACC-000005,PROD-0083,948,Renewal,2024-02-29 04:22:57,2024-04-05 18:22:39,Closed Lost,75839,0
OPP-001855,ACC-000044,PROD-0046,143,Renewal,2023-10-21 04:47:38,2023-12-23 20:15:02,Closed Lost,87421.01,0
OPP-001856,ACC-000028,PROD-0022,343,New Business,2025-03-14 20:45:59,2025-05-16 06:24:49,Closed Lost,76165.11,0
OPP-001857,ACC-000059,PROD-0077,65,Upsell,2025-01-02 23:53:13,2025-06-17 01:50:54,Closed Won,30239.29,1
OPP-001858,ACC-000003,PROD-0095,774,Renewal,2024-05-27 15:09:18,2024-10-30 22:51:10,Closed Won,25809.64,1
OPP-001864,ACC-000031,PROD-0074,708,Upsell,2023-10-06 18:21:45,2024-01-28 09:34:32,Closed Won,11614.93,1
OPP-001881,ACC-000002,PROD-0038,830,Renewal,2024-11-14 17:27:23,2025-05-08 22:02:37,Closed Lost,96671.23,0
OPP-001882,ACC-000031,PROD-0092,934,Cross-sell,2023-11-13 09:54:17,2024-03-12 12:41:17,Closed Won,89886.42,1
OPP-001884,ACC-000020,PROD-0098,72,Cross-sell,2025-01-10 03:10:14,2025-04-23 04:53:24,Closed Lost,27105.34,0
OPP-001885,ACC-000029,PROD-0015,964,Renewal,2025-02-01 21:29:43,2025-05-17 05:14:26,Closed Won,33441.49,1
OPP-001886,ACC-000010,PROD-0099,601,Expansion,2024-07-09 11:24:40,2024-10-25 11:46:58,Closed Lost,85100.12,0
OPP-001891,ACC-000018,PROD-0096,313,Cross-sell,2023-06-13 22:05:27,2023-12-09 19:06:19,Closed Lost,6851.87,0
OPP-001900,ACC-000045,PROD-0003,264,Expansion,2024-06-06 01:57:59,2024-08-16 11:39:30,Closed Lost,35669.23,0
OPP-001903,ACC-000051,PROD-0098,303,Renewal,2023-05-16 02:22:05,2023-11-05 20:47:36,Closed Won,16571.13,1
OPP-001923,ACC-000028,PROD-0099,344,Expansion,2024-06-05 17:17:44,2024-11-01 21:14:37,Closed Won,81428.38,1
OPP-001929,ACC-000033,PROD-0006,560,New Business,2024-09-17 01:11:17,2024-12-10 18:56:49,Closed Lost,2591.81,0
OPP-001936,ACC-000001,PROD-0075,153,Expansion,2023-09-04 05:37:14,2023-12-29 10:01:18,Closed Lost,23185.1,0
OPP-001946,ACC-000043,PROD-0077,425,Renewal,2024-09-12 17:24:07,2024-10-02 11:08:28,Closed Won,44123.52,1
OPP-001947,ACC-000012,PROD-0061,349,New Business,2024-10-25 22:37:37,2024-11-19 23:32:48,Closed Won,13153.82,1
OPP-001968,ACC-000022,PROD-0081,53,Upsell,2023-12-01 09:38:38,2023-12-15 16:07:03,Closed Lost,28797.67,0
OPP-001972,ACC-000043,PROD-0054,611,Renewal,2024-09-26 05:31:44,2024-09-29 22:42:01,Closed Lost,19038.28,0
OPP-001973,ACC-000056,PROD-0075,786,Upsell,2023-09-28 02:15:58,2023-11-10 05:33:01,Closed Lost,70229.19,0
OPP-001974,ACC-000001,PROD-0085,524,Cross-sell,2024-07-14 13:07:15,2024-08-21 17:47:49,Closed Lost,71604.09,0
OPP-001984,ACC-000011,PROD-0038,787,New Business,2024-07-02 00:47:18,2024-10-03 05:07:22,Closed Won,39614.77,1
OPP-001999,ACC-000026,PROD-0066,586,Renewal,2024-09-23 09:07:49,2024-11-24 09:46:57,Closed Won,81721.71,1
OPP-002009,ACC-000053,PROD-0045,769,New Business,2024-07-24 08:55:54,2024-08-02 06:10:52,Closed Lost,54750.72,0
OPP-002015,ACC-000021,PROD-0007,331,Cross-sell,2024-08-15 04:18:02,2024-10-15 18:21:29,Closed Won,60428.36,1
OPP-002028,ACC-000009,PROD-0025,625,Expansion,2025-04-18 12:35:59,2025-09-29 20:12:55,Closed Won,93835.91,1
OPP-002029,ACC-000013,PROD-0048,899,New Business,2024-11-26 02:43:34,2025-02-27 11:32:26,Closed Won,61640.69,1
OPP-002034,ACC-000021,PROD-0043,1000,Cross-sell,2024-05-10 20:11:41,2024-08-15 07:26:31,Closed Lost,68925.68,0
OPP-002035,ACC-000009,PROD-0077,410,Upsell,2024-05-07 15:15:52,2024-05-29 01:24:03,Closed Won,89576.83,1
OPP-002037,ACC-000019,PROD-0050,244,New Business,2023-09-18 11:59:40,2024-01-25 09:03:06,Closed Lost,62494.05,0
OPP-002038,ACC-000030,PROD-0057,328,Upsell,2024-05-14 12:10:22,2024-06-01 00:19:44,Closed Won,55563.41,1
OPP-002043,ACC-000012,PROD-0009,799,Upsell,2024-06-12 06:35:26,2024-10-05 22:47:12,Closed Won,11568.97,1
OPP-002045,ACC-000062,PROD-0093,588,New Business,2024-08-23 08:19:23,2025-02-13 15:20:14,Closed Won,9362.64,1
OPP-002050,ACC-000043,PROD-0017,363,New Business,2024-01-08 19:28:34,2024-06-21 16:56:19,Closed Lost,4870.82,0
OPP-002063,ACC-000061,PROD-0091,562,New Business,2024-11-06 00:09:04,2025-04-11 13:00:29,Closed Lost,70446.1,0
OPP-002075,ACC-000047,PROD-0048,264,Upsell,2024-10-03 14:49:39,2024-12-31 21:34:44,Closed Lost,80017.99,0
OPP-002079,ACC-000028,PROD-0089,127,New Business,2023-07-28 17:41:52,2023-11-03 07:09:41,Closed Won,19936.89,1
OPP-002085,ACC-000011,PROD-0058,254,Expansion,2025-01-08 10:01:17,2025-01-22 15:59:24,Closed Won,87961.79,1
OPP-002091,ACC-000046,PROD-0100,212,Renewal,2024-01-23 18:15:04,2024-06-04 15:34:22,Closed Lost,45568.27,0
OPP-002095,ACC-000062,PROD-0025,74,New Business,2024-02-21 17:31:30,2024-03-12 10:28:20,Closed Lost,28327.11,0
OPP-002096,ACC-000007,PROD-0047,497,New Business,2024-09-21 10:58:28,2024-10-07 07:34:14,Closed Won,81102.84,1
OPP-002109,ACC-000053,PROD-0027,178,Upsell,2023-10-19 05:17:15,2023-12-25 22:39:08,Closed Won,45897.87,1
OPP-002111,ACC-000019,PROD-0031,657,Upsell,2025-02-23 00:38:08,2025-06-08 23:40:59,Closed Lost,54163.5,0
OPP-002118,ACC-000013,PROD-0027,335,Cross-sell,2025-05-19 21:07:59,2025-06-13 00:20:17,Closed Won,85071.54,1
OPP-002130,ACC-000031,PROD-0014,325,Cross-sell,2024-10-21 07:12:48,2024-12-20 03:30:12,Closed Lost,7602.44,0
OPP-002137,ACC-000054,PROD-0055,266,Cross-sell,2024-07-14 09:49:24,2024-09-28 23:04:11,Closed Lost,7301.48,0
OPP-002138,ACC-000021,PROD-0038,877,Renewal,2023-07-25 19:21:56,2023-12-22 03:54:55,Closed Won,72557.04,1
OPP-002140,ACC-000046,PROD-0009,857,New Business,2024-05-12 04:28:09,2024-08-16 10:36:54,Closed Lost,87974.9,0
OPP-002142,ACC-000019,PROD-0017,761,Cross-sell,2023-11-05 20:17:20,2024-03-18 22:21:50,Closed Lost,42850.19,0
OPP-002144,ACC-000026,PROD-0041,151,Renewal,2023-12-04 11:16:21,2024-03-05 16:47:05,Closed Lost,29375.81,0
OPP-002146,ACC-000007,PROD-0013,708,Renewal,2023-11-19 00:07:47,2024-05-03 21:41:46,Closed Won,98059.57,1
OPP-002163,ACC-000013,PROD-0036,811,Renewal,2025-01-18 16:53:44,2025-03-31 20:29:25,Closed Won,65618.28,1
OPP-002169,ACC-000023,PROD-0059,153,Upsell,2024-09-29 06:13:46,2025-03-22 08:11:18,Closed Won,72444.36,1
OPP-002170,ACC-000038,PROD-0020,88,New Business,2024-02-24 17:07:19,2024-05-01 23:29:33,Closed Won,11263.21,1
OPP-002177,ACC-000029,PROD-0009,382,Upsell,2024-04-20 18:32:35,2024-06-08 04:43:55,Closed Lost,23956.63,0
OPP-002179,ACC-000052,PROD-0030,557,Cross-sell,2024-03-31 08:00:28,2024-05-31 22:29:49,Closed Lost,23109.87,0
OPP-002182,ACC-000047,PROD-0013,684,Upsell,2025-05-12 19:29:29,2025-09-24 09:45:47,Closed Lost,3715.92,0
OPP-002199,ACC-000037,PROD-0023,50,Renewal,2024-06-13 16:56:29,2024-09-13 21:54:05,Closed Lost,64952.87,0
OPP-002200,ACC-000060,PROD-0004,74,New Business,2023-12-28 23:33:23,2024-01-03 07:11:08,Closed Won,86545.43,1
OPP-002210,ACC-000062,PROD-0030,796,Expansion,2024-05-12 07:42:08,2024-06-22 07:18:16,Closed Won,13042.33,1
OPP-002212,ACC-000042,PROD-0065,622,New Business,2023-08-09 05:13:03,2023-11-15 20:17:19,Closed Won,68635.2,1
OPP-002213,ACC-000050,PROD-0009,888,Expansion,2024-12-10 03:02:42,2025-05-08 15:45:19,Closed Lost,86530.71,0
OPP-002224,ACC-000042,PROD-0056,752,Upsell,2025-02-03 20:38:00,2025-07-07 17:00:59,Closed Won,65559.74,1
OPP-002249,ACC-000051,PROD-0018,701,Renewal,2023-10-01 13:13:01,2024-01-02 20:07:41,Closed Lost,57970.03,0
OPP-002252,ACC-000032,PROD-0076,907,Upsell,2024-11-15 13:46:34,2024-12-01 11:02:42,Closed Won,88089,1
OPP-002259,ACC-000005,PROD-0085,82,Cross-sell,2024-04-24 05:11:14,2024-08-08 01:31:31,Closed Lost,72208.32,0
OPP-002263,ACC-000003,PROD-0011,862,Cross-sell,2023-09-07 04:05:11,2023-12-05 04:17:05,Closed Lost,66392.36,0
OPP-002264,ACC-000052,PROD-0071,632,Expansion,2024-05-06 19:18:34,2024-10-03 01:12:28,Closed Won,94980.39,1
OPP-002267,ACC-000054,PROD-0072,729,Cross-sell,2025-03-27 23:56:00,2025-04-01 14:37:51,Closed Lost,95728.57,0
OPP-002277,ACC-000060,PROD-0034,785,Renewal,2024-08-24 13:14:56,2024-11-24 07:00:10,Closed Won,49874.83,1
OPP-002280,ACC-000008,PROD-0038,154,Renewal,2024-12-06 04:57:17,2025-04-05 12:22:12,Closed Lost,97609.22,0
OPP-002286,ACC-000032,PROD-0017,705,Upsell,2024-02-27 04:58:42,2024-03-10 20:02:49,Closed Lost,72886.63,0
OPP-002296,ACC-000009,PROD-0100,369,Renewal,2025-01-29 20:52:40,2025-04-25 09:56:11,Closed Won,51829.8,1
OPP-002298,ACC-000036,PROD-0060,840,Upsell,2025-02-23 19:47:07,2025-08-05 00:51:52,Closed Won,50303.76,1
OPP-002299,ACC-000019,PROD-0016,773,Cross-sell,2025-05-13 23:24:29,2025-05-27 11:39:43,Closed Lost,64332.47,0
OPP-002305,ACC-000021,PROD-0081,815,Cross-sell,2024-12-29 03:53:23,2025-02-23 21:36:52,Closed Lost,89607.3,0
OPP-002317,ACC-000053,PROD-0009,582,Renewal,2025-01-03 15:03:17,2025-03-05 22:16:43,Closed Won,39547.75,1
OPP-002322,ACC-000053,PROD-0027,247,Upsell,2025-05-05 11:01:04,2025-05-13 15:28:03,Closed Won,52990.22,1
OPP-002333,ACC-000029,PROD-0077,138,New Business,2023-11-01 01:32:27,2023-12-06 05:41:29,Closed Won,10985.44,1
OPP-002341,ACC-000002,PROD-0037,917,New Business,2025-02-22 21:20:35,2025-08-16 23:21:41,Closed Lost,78865.42,0
OPP-002344,ACC-000035,PROD-0021,461,Cross-sell,2024-01-19 02:59:34,2024-03-17 23:40:34,Closed Won,35833.84,1
OPP-002347,ACC-000028,PROD-0044,647,New Business,2025-04-27 13:35:38,2025-07-16 14:22:59,Closed Won,90392.92,1
OPP-002348,ACC-000028,PROD-0052,466,Upsell,2025-04-21 15:51:31,2025-07-02 05:35:05,Closed Won,18686.9,1
OPP-002354,ACC-000054,PROD-0099,594,Renewal,2024-07-27 15:08:46,2025-01-08 06:38:49,Closed Won,15420.19,1
OPP-002360,ACC-000060,PROD-0059,703,Cross-sell,2023-09-17 09:43:01,2024-01-25 09:11:35,Closed Won,50408.41,1
OPP-002362,ACC-000026,PROD-0097,930,Cross-sell,2023-12-17 05:20:42,2024-05-16 17:38:48,Closed Lost,81562.69,0
OPP-002363,ACC-000023,PROD-0005,974,Renewal,2025-06-14 16:38:23,2025-09-25 16:31:45,Closed Lost,27703.71,0
OPP-002369,ACC-000051,PROD-0022,782,Cross-sell,2024-01-16 08:41:18,2024-02-10 02:32:22,Closed Won,80776.53,1
OPP-002375,ACC-000056,PROD-0010,23,Upsell,2023-12-23 06:59:21,2024-05-15 10:45:34,Closed Lost,57658.27,0
OPP-002377,ACC-000023,PROD-0078,482,Expansion,2024-09-03 03:08:32,2025-01-26 14:14:32,Closed Lost,29134.39,0
OPP-002379,ACC-000062,PROD-0015,667,Expansion,2025-06-20 19:42:01,2025-09-11 22:24:45,Closed Won,29395.32,1
OPP-002386,ACC-000017,PROD-0092,673,Expansion,2025-02-28 00:58:12,2025-06-23 12:09:01,Closed Won,43313.84,1
OPP-002393,ACC-000042,PROD-0043,753,Expansion,2023-10-24 08:34:42,2024-01-15 15:32:32,Closed Won,96157.29,1
OPP-002399,ACC-000054,PROD-0050,613,Expansion,2024-10-28 21:33:17,2024-11-27 00:53:29,Closed Won,73288.27,1
OPP-002407,ACC-000023,PROD-0012,662,Cross-sell,2024-01-25 16:08:21,2024-02-02 10:21:46,Closed Lost,93832.2,0
OPP-002408,ACC-000031,PROD-0046,593,New Business,2025-01-25 18:06:53,2025-06-19 08:12:00,Closed Lost,28504.47,0
OPP-002410,ACC-000018,PROD-0001,788,Cross-sell,2024-11-20 16:25:12,2024-12-02 07:12:41,Closed Lost,98736.94,0
OPP-002412,ACC-000031,PROD-0039,86,New Business,2025-05-23 19:00:56,2025-10-24 23:06:09,Closed Lost,1268.77,0
OPP-002413,ACC-000010,PROD-0031,250,Upsell,2024-05-06 20:44:21,2024-06-23 09:42:34,Closed Lost,78558.7,0
OPP-002416,ACC-000032,PROD-0091,541,Renewal,2024-03-17 03:28:34,2024-08-01 04:35:13,Closed Lost,15744.35,0
OPP-002421,ACC-000056,PROD-0066,225,Upsell,2025-03-06 08:04:37,2025-04-22 05:41:47,Closed Lost,67283.62,0
OPP-002425,ACC-000023,PROD-0003,119,Expansion,2025-05-11 21:07:29,2025-07-28 04:31:24,Closed Won,39079.79,1
OPP-002433,ACC-000036,PROD-0073,908,Cross-sell,2024-09-16 00:21:14,2024-11-01 17:40:44,Closed Lost,62602.74,0
OPP-002436,ACC-000054,PROD-0078,285,Cross-sell,2025-02-22 15:06:25,2025-08-15 11:57:26,Closed Won,41513.59,1
OPP-002447,ACC-000016,PROD-0021,928,Renewal,2024-11-05 17:36:52,2024-11-13 07:30:52,Closed Won,36799.97,1
OPP-002454,ACC-000033,PROD-0060,742,Renewal,2023-06-30 09:17:05,2023-11-21 11:40:59,Closed Won,2927.47,1
OPP-002459,ACC-000022,PROD-0032,519,Upsell,2025-03-21 13:45:23,2025-09-16 22:29:30,Closed Won,93568.01,1
OPP-002462,ACC-000061,PROD-0022,157,Upsell,2024-12-30 05:37:15,2025-01-31 08:52:29,Closed Lost,96505.62,0
OPP-002463,ACC-000044,PROD-0035,820,Upsell,2024-06-17 15:01:56,2024-08-08 07:14:27,Closed Won,57011.96,1
OPP-002467,ACC-000045,PROD-0064,815,Cross-sell,2024-01-19 22:14:17,2024-06-10 12:42:12,Closed Lost,25301.18,0
OPP-002475,ACC-000033,PROD-0039,716,Cross-sell,2024-03-21 06:01:53,2024-04-26 22:19:12,Closed Won,77342.77,1
OPP-002479,ACC-000005,PROD-0063,541,Renewal,2024-03-20 11:37:29,2024-04-16 21:51:37,Closed Lost,78868.57,0
OPP-002491,ACC-000056,PROD-0076,855,New Business,2025-01-08 21:32:18,2025-05-15 22:56:20,Closed Won,97570.94,1
OPP-002494,ACC-000002,PROD-0071,306,Renewal,2025-02-03 06:42:08,2025-05-30 15:01:04,Closed Lost,15019.68,0
OPP-002495,ACC-000034,PROD-0031,664,New Business,2024-05-28 20:28:04,2024-08-17 12:40:47,Closed Lost,39741.53,0
OPP-002517,ACC-000053,PROD-0046,392,New Business,2025-01-15 04:49:09,2025-07-06 22:08:56,Closed Won,89997.14,1
OPP-002523,ACC-000056,PROD-0044,200,Renewal,2024-02-27 00:05:24,2024-04-12 09:56:34,Closed Lost,49409.64,0
OPP-002543,ACC-000051,PROD-0034,919,Upsell,2025-05-27 17:24:23,2025-08-24 19:50:17,Closed Lost,68694.95,0
OPP-002545,ACC-000060,PROD-0070,469,Renewal,2024-05-09 23:43:53,2024-08-14 22:37:58,Closed Won,83615.38,1
OPP-002550,ACC-000036,PROD-0014,572,New Business,2025-02-26 13:03:32,2025-08-04 11:50:07,Closed Lost,35190.18,0
OPP-002551,ACC-000016,PROD-0005,955,Cross-sell,2024-10-25 13:20:54,2024-12-17 05:56:36,Closed Won,20809.66,1
OPP-002560,ACC-000006,PROD-0036,721,Expansion,2024-12-29 17:59:22,2025-02-23 16:42:44,Closed Lost,56574.61,0
OPP-002566,ACC-000046,PROD-0032,692,Renewal,2024-11-10 14:54:39,2024-12-09 23:03:13,Closed Won,74392.4,1
OPP-002572,ACC-000059,PROD-0051,778,Cross-sell,2025-05-08 01:22:38,2025-06-26 06:37:22,Closed Lost,96290.89,0
OPP-002574,ACC-000053,PROD-0071,961,Upsell,2023-12-21 01:55:50,2024-05-02 22:50:46,Closed Lost,73383.95,0
OPP-002589,ACC-000039,PROD-0027,901,Upsell,2024-08-15 01:40:44,2024-12-10 00:48:49,Closed Lost,65009.88,0
OPP-002599,ACC-000026,PROD-0078,893,Upsell,2025-05-09 10:52:06,2025-07-18 06:02:01,Closed Lost,76835.01,0
OPP-002603,ACC-000036,PROD-0061,284,Renewal,2024-01-13 21:26:12,2024-05-31 16:15:13,Closed Lost,32442.97,0
OPP-002623,ACC-000057,PROD-0032,685,Renewal,2025-03-23 08:05:31,2025-06-23 05:31:31,Closed Won,37491.59,1
OPP-002637,ACC-000055,PROD-0044,701,Upsell,2025-01-15 09:28:45,2025-03-11 23:02:13,Closed Won,3670.21,1
OPP-002646,ACC-000030,PROD-0001,918,Expansion,2025-01-07 07:03:18,2025-06-05 04:12:00,Closed Won,45303.4,1
OPP-002655,ACC-000062,PROD-0088,923,Cross-sell,2024-08-16 06:12:18,2024-11-20 15:42:41,Closed Won,65490.54,1
OPP-002656,ACC-000012,PROD-0012,339,Upsell,2024-09-26 21:36:42,2024-10-27 06:33:23,Closed Won,93554.74,1
OPP-002658,ACC-000055,PROD-0085,241,Renewal,2025-02-12 17:07:43,2025-06-21 08:55:31,Closed Lost,49582.79,0
OPP-002659,ACC-000017,PROD-0036,486,Cross-sell,2024-03-13 13:50:34,2024-08-16 13:49:06,Closed Lost,38697.2,0
OPP-002684,ACC-000046,PROD-0076,429,Cross-sell,2025-03-06 05:19:54,2025-04-04 23:18:43,Closed Lost,36778.4,0
OPP-002688,ACC-000014,PROD-0034,954,New Business,2025-03-08 05:34:06,2025-05-03 09:38:49,Closed Won,81751.81,1
OPP-002690,ACC-000058,PROD-0090,267,Renewal,2025-01-15 15:03:27,2025-02-18 07:22:08,Closed Lost,46912.71,0
OPP-002692,ACC-000020,PROD-0067,495,Upsell,2023-08-27 20:50:50,2024-02-04 14:18:34,Closed Lost,72204.07,0
OPP-002694,ACC-000031,PROD-0027,229,Expansion,2023-11-20 13:06:48,2024-05-12 12:58:57,Closed Lost,34424.28,0
OPP-002695,ACC-000030,PROD-0051,413,New Business,2024-04-23 17:17:36,2024-08-16 10:44:52,Closed Won,1695.01,1
OPP-002701,ACC-000035,PROD-0099,241,New Business,2023-12-02 06:14:27,2024-01-07 07:45:09,Closed Won,61058.12,1
OPP-002713,ACC-000002,PROD-0086,890,Upsell,2024-05-21 22:53:38,2024-10-02 02:54:12,Closed Lost,77072.12,0
OPP-002717,ACC-000061,PROD-0083,401,Cross-sell,2024-01-01 15:08:35,2024-01-23 05:27:52,Closed Won,37261.51,1
OPP-002718,ACC-000036,PROD-0008,457,Expansion,2025-01-18 18:30:03,2025-03-23 14:17:55,Closed Lost,45979.96,0
OPP-002724,ACC-000036,PROD-0063,375,Cross-sell,2024-04-18 03:08:13,2024-07-21 07:25:25,Closed Won,70121.85,1
OPP-002738,ACC-000007,PROD-0087,59,Renewal,2025-05-07 08:36:17,2025-10-10 03:02:59,Closed Lost,25734.74,0
OPP-002739,ACC-000001,PROD-0034,911,Cross-sell,2023-11-29 17:29:36,2023-12-25 20:10:08,Closed Won,68117.74,1
OPP-002743,ACC-000033,PROD-0062,538,Renewal,2024-03-24 10:31:03,2024-05-19 09:10:43,Closed Won,31678.11,1
OPP-002747,ACC-000007,PROD-0009,536,Upsell,2024-08-27 00:36:09,2024-09-10 18:12:02,Closed Lost,39996.25,0
OPP-002756,ACC-000048,PROD-0005,656,New Business,2025-03-04 02:29:09,2025-05-21 13:34:30,Closed Lost,20177.85,0
OPP-002765,ACC-000054,PROD-0038,281,Expansion,2024-09-09 15:08:44,2025-01-15 15:18:22,Closed Won,28703.66,1
OPP-002775,ACC-000025,PROD-0075,574,Cross-sell,2024-05-27 14:57:39,2024-09-22 19:32:17,Closed Lost,87548.78,0
OPP-002783,ACC-000054,PROD-0007,1000,Upsell,2025-04-04 00:19:10,2025-06-19 08:56:51,Closed Won,40391.66,1
OPP-002786,ACC-000001,PROD-0004,99,Expansion,2024-01-17 04:03:15,2024-04-09 07:42:21,Closed Won,45311.43,1
OPP-002796,ACC-000034,PROD-0093,806,Expansion,2023-09-04 00:29:08,2023-11-10 09:07:55,Closed Lost,50510.17,0
OPP-002798,ACC-000057,PROD-0093,704,New Business,2024-05-14 09:14:28,2024-06-27 22:13:46,Closed Lost,30630.14,0
OPP-002816,ACC-000059,PROD-0095,374,Cross-sell,2024-05-26 14:48:05,2024-11-18 22:38:14,Closed Won,74996.58,1
OPP-002820,ACC-000019,PROD-0068,790,New Business,2023-09-19 04:00:51,2023-12-12 05:23:19,Closed Lost,39781.15,0
OPP-002822,ACC-000047,PROD-0008,450,Expansion,2023-11-28 18:16:32,2023-12-09 00:42:19,Closed Won,69083.64,1
OPP-002854,ACC-000038,PROD-0079,992,Renewal,2023-06-05 09:17:21,2023-10-31 10:48:57,Closed Lost,40493.9,0
OPP-002862,ACC-000004,PROD-0059,559,Cross-sell,2025-03-13 03:49:05,2025-08-18 10:43:10,Closed Lost,21541.35,0
OPP-002869,ACC-000047,PROD-0043,599,Cross-sell,2025-03-13 13:55:15,2025-07-23 08:13:59,Closed Won,71021.77,1
OPP-002888,ACC-000055,PROD-0018,47,Upsell,2024-02-11 15:38:33,2024-04-22 16:45:37,Closed Won,36199.06,1
OPP-002914,ACC-000041,PROD-0028,928,Upsell,2024-02-26 02:54:20,2024-08-11 18:21:28,Closed Lost,69393.06,0
OPP-002920,ACC-000015,PROD-0100,453,New Business,2024-10-06 07:00:47,2025-01-05 06:43:57,Closed Won,34770.7,1
OPP-002927,ACC-000049,PROD-0058,483,Expansion,2024-08-19 05:29:15,2025-01-03 15:49:55,Closed Lost,10433.98,0
OPP-002931,ACC-000002,PROD-0085,414,Expansion,2025-02-23 05:15:49,2025-05-22 12:09:40,Closed Won,78614.5,1
OPP-002932,ACC-000025,PROD-0091,804,New Business,2023-12-24 16:32:44,2024-02-10 19:16:54,Closed Lost,14919.79,0
OPP-002935,ACC-000009,PROD-0016,97,Cross-sell,2023-11-30 03:38:06,2024-05-10 05:09:20,Closed Won,22337.52,1
OPP-002936,ACC-000053,PROD-0077,902,Cross-sell,2025-01-13 21:28:57,2025-03-31 23:05:32,Closed Lost,37539.01,0
OPP-002940,ACC-000018,PROD-0028,940,Renewal,2024-03-03 21:06:45,2024-08-16 11:21:08,Closed Won,1096.25,1
OPP-002947,ACC-000018,PROD-0078,505,Expansion,2023-12-14 11:47:04,2024-04-09 04:35:52,Closed Won,6823.32,1
OPP-002954,ACC-000040,PROD-0087,369,Cross-sell,2023-07-23 16:53:10,2023-11-01 09:17:49,Closed Won,98246.49,1
OPP-002956,ACC-000043,PROD-0068,602,New Business,2024-07-28 05:18:13,2024-11-24 23:04:41,Closed Won,77592.68,1
OPP-002961,ACC-000025,PROD-0010,507,Cross-sell,2025-03-07 09:28:34,2025-06-11 03:15:42,Closed Lost,4683.2,0
OPP-002967,ACC-000017,PROD-0097,721,Upsell,2023-12-10 23:36:12,2024-02-11 07:34:18,Closed Lost,41216.08,0
OPP-002973,ACC-000037,PROD-0100,657,New Business,2025-04-09 19:17:34,2025-07-11 17:12:27,Closed Lost,73281.86,0
OPP-002978,ACC-000016,PROD-0081,326,Expansion,2024-03-28 09:03:30,2024-06-04 17:05:46,Closed Won,10506.78,1
OPP-002990,ACC-000041,PROD-0024,132,Cross-sell,2023-12-28 11:14:00,2024-06-22 23:48:26,Closed Lost,7538.92,0
OPP-002991,ACC-000001,PROD-0094,289,Expansion,2024-05-27 15:24:49,2024-08-02 11:58:52,Closed Won,95665.97,1
OPP-003005,ACC-000019,PROD-0016,840,New Business,2025-01-12 17:13:48,2025-05-24 10:08:14,Closed Won,28451.28,1
OPP-003006,ACC-000030,PROD-0082,827,Renewal,2024-04-07 04:41:56,2024-08-28 20:06:41,Closed Lost,60511.68,0
OPP-003008,ACC-000060,PROD-0034,107,Renewal,2024-11-16 01:44:26,2025-02-16 18:56:01,Closed Won,18036.76,1
OPP-003017,ACC-000043,PROD-0045,130,Renewal,2024-04-29 19:23:45,2024-08-02 13:49:30,Closed Won,25754.46,1
OPP-003020,ACC-000025,PROD-0061,605,Upsell,2024-01-25 13:41:19,2024-05-01 03:26:25,Closed Won,41366.69,1
OPP-003025,ACC-000034,PROD-0008,121,Cross-sell,2023-11-10 13:52:30,2023-11-20 17:08:26,Closed Lost,80848.25,0
OPP-003027,ACC-000019,PROD-0068,822,Renewal,2025-03-28 00:17:20,2025-05-18 15:44:32,Closed Lost,65645.63,0
OPP-003031,ACC-000043,PROD-0049,75,Expansion,2025-01-04 17:53:35,2025-06-21 15:16:29,Closed Lost,96550.43,0
OPP-003038,ACC-000061,PROD-0018,782,Expansion,2024-02-12 22:08:36,2024-03-28 22:35:47,Closed Won,88153.46,1
OPP-003048,ACC-000047,PROD-0094,780,Renewal,2025-03-23 01:15:55,2025-07-10 05:10:39,Closed Won,73365.29,1
OPP-003050,ACC-000043,PROD-0054,943,Upsell,2025-04-20 22:52:29,2025-05-21 07:25:01,Closed Lost,3520.08,0
OPP-003051,ACC-000047,PROD-0008,270,Upsell,2025-02-13 07:05:26,2025-06-28 07:21:19,Closed Lost,21577.73,0
OPP-003052,ACC-000020,PROD-0043,849,Expansion,2025-03-16 19:27:52,2025-06-25 21:20:38,Closed Won,48906.49,1
OPP-003054,ACC-000010,PROD-0041,52,Renewal,2024-05-03 13:58:19,2024-05-24 19:18:32,Closed Lost,62231.44,0
OPP-003055,ACC-000029,PROD-0033,371,Cross-sell,2024-06-29 22:24:47,2024-07-10 17:23:48,Closed Lost,70757.53,0
OPP-003059,ACC-000059,PROD-0018,675,Renewal,2023-06-08 16:58:50,2023-11-20 03:06:24,Closed Lost,16349.3,0
OPP-003064,ACC-000016,PROD-0058,683,New Business,2024-01-31 15:20:46,2024-07-02 12:27:30,Closed Lost,20513.12,0
OPP-003065,ACC-000027,PROD-0020,441,Cross-sell,2025-02-21 00:43:51,2025-03-13 19:28:13,Closed Won,50247.69,1
OPP-003066,ACC-000010,PROD-0013,879,New Business,2024-12-29 00:08:37,2025-04-18 05:27:25,Closed Won,13987.78,1
OPP-003072,ACC-000023,PROD-0034,887,Expansion,2025-03-12 10:05:46,2025-04-22 07:15:55,Closed Won,93741.86,1
OPP-003082,ACC-000055,PROD-0007,280,Upsell,2023-08-11 19:05:31,2024-01-02 01:01:52,Closed Lost,43573.25,0
OPP-003085,ACC-000022,PROD-0042,819,New Business,2024-03-29 19:06:12,2024-06-09 10:14:24,Closed Lost,39718.09,0
OPP-003104,ACC-000033,PROD-0020,578,Expansion,2024-07-13 14:18:28,2024-12-08 04:08:29,Closed Won,6212.22,1
OPP-003107,ACC-000013,PROD-0089,633,New Business,2024-03-02 08:58:04,2024-07-10 12:04:13,Closed Lost,61706.52,0
OPP-003110,ACC-000046,PROD-0038,575,Cross-sell,2024-09-10 15:17:36,2025-02-04 22:53:28,Closed Won,56356.2,1
OPP-003115,ACC-000037,PROD-0022,985,Cross-sell,2024-11-25 01:49:54,2025-02-17 08:17:27,Closed Won,53280.36,1
OPP-003119,ACC-000039,PROD-0084,698,New Business,2023-06-11 05:16:57,2023-11-24 17:42:36,Closed Won,29906.11,1
OPP-003120,ACC-000037,PROD-0090,402,New Business,2023-09-08 09:23:34,2024-02-10 16:31:53,Closed Won,80917.96,1
OPP-003121,ACC-000010,PROD-0008,231,Renewal,2024-05-23 07:56:15,2024-08-02 13:55:41,Closed Lost,63733.87,0
OPP-003126,ACC-000022,PROD-0095,187,Cross-sell,2024-07-17 08:45:19,2024-12-21 22:08:16,Closed Lost,1159.91,0
OPP-003135,ACC-000035,PROD-0080,626,Cross-sell,2024-09-19 22:28:21,2024-09-28 03:20:30,Closed Won,90704.02,1
OPP-003145,ACC-000061,PROD-0081,400,Upsell,2024-11-20 21:14:46,2025-03-30 02:45:15,Closed Won,70708.13,1
OPP-003147,ACC-000012,PROD-0043,179,Expansion,2023-09-14 00:28:14,2023-11-11 10:38:46,Closed Lost,76829.38,0
OPP-003151,ACC-000015,PROD-0081,887,New Business,2024-05-21 06:25:36,2024-10-05 08:20:47,Closed Won,50522.07,1
OPP-003155,ACC-000039,PROD-0055,245,Renewal,2024-07-23 11:06:05,2024-12-15 16:19:21,Closed Won,85210.45,1
OPP-003157,ACC-000042,PROD-0035,64,New Business,2025-05-11 00:18:43,2025-07-17 20:12:05,Closed Lost,62083.75,0
OPP-003161,ACC-000039,PROD-0007,588,Renewal,2023-09-26 11:13:51,2024-01-23 23:54:21,Closed Won,37597.34,1
OPP-003166,ACC-000043,PROD-0033,613,Renewal,2024-03-24 19:17:27,2024-05-04 15:16:57,Closed Lost,88755.35,0
OPP-003167,ACC-000001,PROD-0022,729,New Business,2025-04-07 09:06:02,2025-07-23 02:18:22,Closed Won,81611.33,1
OPP-003170,ACC-000038,PROD-0089,88,Upsell,2024-02-13 21:25:40,2024-06-20 12:08:27,Closed Won,73811.65,1
OPP-003172,ACC-000060,PROD-0021,214,Cross-sell,2024-06-16 01:19:52,2024-08-23 02:18:56,Closed Won,27328.99,1
OPP-003173,ACC-000030,PROD-0098,781,Expansion,2025-04-07 12:38:51,2025-09-13 04:03:16,Closed Lost,49477.54,0
OPP-003175,ACC-000004,PROD-0065,961,Expansion,2024-04-01 09:08:35,2024-06-19 22:16:34,Closed Won,88039.81,1
OPP-003185,ACC-000010,PROD-0074,131,Expansion,2025-03-26 09:52:10,2025-04-20 21:05:53,Closed Lost,88974.93,0
OPP-003193,ACC-000031,PROD-0072,301,Cross-sell,2023-09-16 10:32:19,2023-11-22 14:21:25,Closed Won,24521.96,1
OPP-003195,ACC-000050,PROD-0057,756,New Business,2024-03-12 01:48:08,2024-04-13 03:35:01,Closed Lost,25884.56,0
OPP-003197,ACC-000015,PROD-0059,936,Cross-sell,2025-04-11 15:14:22,2025-09-14 07:39:30,Closed Won,45010.19,1
OPP-003208,ACC-000015,PROD-0015,386,Expansion,2024-08-08 16:09:04,2024-08-21 07:31:06,Closed Won,14243.96,1
OPP-003209,ACC-000032,PROD-0098,984,New Business,2025-01-25 22:14:01,2025-04-09 08:26:28,Closed Won,26194.73,1
OPP-003216,ACC-000022,PROD-0061,377,Cross-sell,2024-04-04 19:22:00,2024-04-30 00:44:34,Closed Lost,98308.62,0
OPP-003219,ACC-000004,PROD-0023,110,Upsell,2023-12-04 19:39:46,2024-04-26 21:40:23,Closed Won,80688.3,1
OPP-003224,ACC-000023,PROD-0077,976,Expansion,2023-12-19 01:07:05,2024-04-07 20:59:31,Closed Lost,39102.86,0
OPP-003225,ACC-000011,PROD-0027,452,New Business,2024-07-12 17:42:16,2025-01-03 09:37:32,Closed Won,44261.88,1
OPP-003227,ACC-000049,PROD-0043,963,Expansion,2024-02-28 17:44:04,2024-07-07 23:17:05,Closed Won,30130.29,1
OPP-003230,ACC-000059,PROD-0029,71,Renewal,2024-01-09 17:24:06,2024-02-25 03:09:54,Closed Lost,5592.35,0
OPP-003238,ACC-000059,PROD-0062,949,New Business,2024-05-08 03:52:41,2024-06-05 08:11:32,Closed Won,24024.33,1
OPP-003259,ACC-000032,PROD-0003,889,New Business,2025-04-08 19:45:23,2025-05-05 01:53:43,Closed Won,26065.37,1
OPP-003264,ACC-000010,PROD-0001,159,Renewal,2024-05-14 23:29:54,2024-08-26 04:01:37,Closed Lost,9919.68,0
OPP-003267,ACC-000020,PROD-0079,443,Cross-sell,2023-11-13 21:34:59,2024-02-23 16:02:31,Closed Won,70098.9,1
OPP-003271,ACC-000030,PROD-0092,970,Expansion,2023-12-23 06:09:09,2024-03-30 02:51:22,Closed Lost,69098.76,0
OPP-003277,ACC-000020,PROD-0043,741,Expansion,2023-07-29 01:08:33,2023-12-19 03:11:26,Closed Won,35561.78,1
OPP-003279,ACC-000010,PROD-0086,6,Upsell,2024-12-29 07:39:36,2025-01-30 22:33:44,Closed Won,55170.71,1
OPP-003305,ACC-000033,PROD-0088,599,Cross-sell,2023-12-03 18:39:50,2024-01-30 00:15:13,Closed Lost,91484.27,0
OPP-003313,ACC-000011,PROD-0050,767,Cross-sell,2024-11-08 15:56:27,2024-12-07 09:45:37,Closed Won,52271.85,1
OPP-003319,ACC-000023,PROD-0013,514,Cross-sell,2025-04-09 16:11:02,2025-06-04 17:18:25,Closed Won,40736.15,1
OPP-003329,ACC-000055,PROD-0068,979,Renewal,2023-07-16 01:17:11,2023-11-05 07:56:07,Closed Lost,73965.13,0
OPP-003333,ACC-000019,PROD-0073,252,Expansion,2025-04-27 02:52:18,2025-07-02 17:14:31,Closed Lost,33289.45,0
OPP-003337,ACC-000061,PROD-0025,295,Expansion,2025-01-14 20:39:07,2025-06-04 16:15:04,Closed Lost,78637.04,0
OPP-003355,ACC-000038,PROD-0091,930,Expansion,2024-02-24 02:51:31,2024-07-03 03:39:49,Closed Won,64223.09,1
OPP-003364,ACC-000041,PROD-0042,414,New Business,2024-05-05 01:41:12,2024-10-25 21:35:18,Closed Lost,72404.55,0
OPP-003379,ACC-000018,PROD-0040,345,Renewal,2023-11-14 11:54:49,2023-12-02 00:45:03,Closed Won,51071.42,1
OPP-003383,ACC-000047,PROD-0075,145,Renewal,2023-12-11 16:27:49,2024-05-07 19:12:22,Closed Won,55737.9,1
OPP-003385,ACC-000025,PROD-0042,220,Upsell,2023-12-01 09:58:49,2024-03-12 17:31:45,Closed Lost,15187.86,0
OPP-003391,ACC-000049,PROD-0055,280,Renewal,2025-06-21 21:06:59,2025-10-04 03:45:39,Closed Lost,65869.02,0
OPP-003419,ACC-000043,PROD-0021,886,New Business,2023-09-26 15:19:58,2023-11-28 06:26:31,Closed Won,26357.62,1
OPP-003447,ACC-000055,PROD-0041,277,Upsell,2025-01-04 10:09:53,2025-06-29 02:08:44,Closed Won,98760.16,1
OPP-003457,ACC-000006,PROD-0085,370,Expansion,2023-08-21 03:54:58,2023-11-04 22:22:22,Closed Lost,8646.02,0
OPP-003472,ACC-000023,PROD-0042,545,Upsell,2024-05-12 07:11:07,2024-06-02 00:15:12,Closed Won,49147.31,1
OPP-003475,ACC-000002,PROD-0077,619,Renewal,2023-11-07 06:43:17,2024-03-13 19:10:07,Closed Lost,92877.12,0
OPP-003481,ACC-000004,PROD-0098,353,Upsell,2025-02-02 05:15:14,2025-06-06 16:17:31,Closed Won,47355.56,1
OPP-003496,ACC-000016,PROD-0097,348,Cross-sell,2023-06-20 09:12:46,2023-11-29 10:21:55,Closed Won,35845.22,1
OPP-003509,ACC-000002,PROD-0087,598,Cross-sell,2024-03-06 16:06:43,2024-04-17 23:37:05,Closed Won,62630.86,1
OPP-003510,ACC-000039,PROD-0093,383,Renewal,2023-12-24 14:02:37,2024-06-05 19:54:57,Closed Lost,69890.43,0
OPP-003516,ACC-000035,PROD-0096,276,Cross-sell,2023-11-20 06:55:54,2023-12-04 20:51:12,Closed Won,9800.49,1
OPP-003519,ACC-000044,PROD-0008,678,Renewal,2024-06-17 13:03:39,2024-07-12 10:10:30,Closed Won,33723.06,1
OPP-003522,ACC-000056,PROD-0071,444,Renewal,2023-11-10 00:46:21,2024-01-04 07:08:33,Closed Lost,14755.77,0
OPP-003526,ACC-000051,PROD-0054,261,Expansion,2024-02-01 20:46:46,2024-05-10 21:24:44,Closed Lost,18004.18,0
OPP-003530,ACC-000028,PROD-0065,877,Cross-sell,2024-05-23 04:17:49,2024-07-29 17:05:34,Closed Won,57270.67,1
OPP-003531,ACC-000050,PROD-0050,400,New Business,2024-03-11 06:34:42,2024-05-02 00:36:24,Closed Lost,88488.47,0
OPP-003546,ACC-000028,PROD-0037,91,Expansion,2025-05-31 05:59:28,2025-06-01 15:31:59,Closed Won,93033.53,1
OPP-003550,ACC-000060,PROD-0020,748,Expansion,2025-04-28 22:02:03,2025-05-01 18:40:25,Closed Lost,91210.13,0
OPP-003553,ACC-000015,PROD-0027,226,Renewal,2023-11-08 23:06:22,2024-05-01 19:21:29,Closed Won,61889.86,1
OPP-003563,ACC-000009,PROD-0076,642,Cross-sell,2024-04-05 06:42:10,2024-04-21 07:59:12,Closed Won,47005.03,1
OPP-003574,ACC-000004,PROD-0037,290,Expansion,2025-01-03 23:55:42,2025-05-01 18:14:24,Closed Won,44660.75,1
OPP-003585,ACC-000038,PROD-0051,522,Upsell,2025-06-21 23:34:43,2025-07-30 10:58:52,Closed Won,59626.17,1
OPP-003595,ACC-000006,PROD-0086,89,Cross-sell,2024-07-04 06:32:18,2024-09-12 18:06:18,Closed Won,22233.21,1
OPP-003597,ACC-000045,PROD-0069,691,Cross-sell,2024-12-17 14:53:01,2025-04-16 17:44:01,Closed Won,93181.86,1
OPP-003598,ACC-000054,PROD-0010,525,Upsell,2024-02-24 20:14:14,2024-04-24 17:09:05,Closed Lost,39534.17,0
OPP-003607,ACC-000006,PROD-0016,144,Renewal,2025-05-03 16:12:57,2025-09-18 09:18:57,Closed Lost,2776.95,0
OPP-003613,ACC-000005,PROD-0092,247,Upsell,2024-12-25 03:25:50,2025-04-29 02:45:30,Closed Won,54869.17,1
OPP-003618,ACC-000008,PROD-0067,784,Upsell,2023-11-29 15:23:52,2024-03-06 19:05:03,Closed Won,42577.56,1
OPP-003627,ACC-000057,PROD-0022,23,Expansion,2024-01-21 06:10:29,2024-05-10 23:55:08,Closed Lost,28371.82,0
OPP-003633,ACC-000051,PROD-0061,580,Upsell,2025-06-17 19:29:42,2025-10-07 11:26:12,Closed Lost,62418.76,0
OPP-003637,ACC-000045,PROD-0044,383,Cross-sell,2024-08-03 21:02:53,2025-01-03 18:36:35,Closed Lost,80610.6,0
OPP-003640,ACC-000014,PROD-0073,718,New Business,2024-05-16 18:36:27,2024-05-22 06:20:34,Closed Lost,20194.54,0
OPP-003642,ACC-000039,PROD-0025,851,Expansion,2024-05-16 09:30:03,2024-08-28 21:11:17,Closed Won,65157.06,1
OPP-003646,ACC-000026,PROD-0039,376,Upsell,2025-03-31 10:09:19,2025-06-28 13:36:15,Closed Lost,18769.09,0
OPP-003648,ACC-000057,PROD-0027,335,Cross-sell,2025-06-24 12:48:58,2025-09-16 11:18:49,Closed Lost,55526.01,0
OPP-003650,ACC-000047,PROD-0010,977,Expansion,2024-05-09 04:42:27,2024-09-13 10:04:01,Closed Lost,7664.07,0
OPP-003662,ACC-000039,PROD-0067,53,Upsell,2023-09-10 02:27:51,2024-02-05 11:45:42,Closed Lost,26147.53,0
OPP-003689,ACC-000045,PROD-0061,359,Expansion,2024-02-26 00:30:08,2024-06-27 10:35:12,Closed Lost,49596.7,0
OPP-003694,ACC-000008,PROD-0066,483,Cross-sell,2024-12-04 20:21:17,2024-12-10 12:18:44,Closed Lost,96092.73,0
OPP-003700,ACC-000008,PROD-0055,21,New Business,2025-01-24 06:07:22,2025-03-14 21:06:55,Closed Won,6267.04,1
OPP-003706,ACC-000016,PROD-0065,832,Expansion,2024-12-25 22:27:25,2025-03-01 17:05:30,Closed Won,95924.41,1
OPP-003714,ACC-000047,PROD-0071,140,Renewal,2024-09-27 13:23:18,2024-10-17 03:14:46,Closed Won,6367.8,1
OPP-003715,ACC-000041,PROD-0041,17,Expansion,2024-02-25 00:25:13,2024-05-22 17:03:24,Closed Lost,63470.32,0
OPP-003749,ACC-000050,PROD-0037,708,Expansion,2024-11-02 20:55:03,2025-03-11 23:27:15,Closed Lost,43966.36,0
OPP-003757,ACC-000008,PROD-0091,451,New Business,2024-02-17 00:51:35,2024-06-17 06:40:59,Closed Won,61355.13,1
OPP-003760,ACC-000006,PROD-0092,253,Cross-sell,2024-04-04 17:50:18,2024-08-14 23:10:59,Closed Won,37846.35,1
OPP-003763,ACC-000002,PROD-0020,177,Expansion,2023-09-10 00:49:23,2023-11-13 18:18:59,Closed Lost,11358.84,0
OPP-003764,ACC-000059,PROD-0040,395,Cross-sell,2023-12-28 16:59:57,2024-02-05 02:01:37,Closed Lost,47894.49,0
OPP-003772,ACC-000014,PROD-0045,940,Upsell,2025-01-24 16:15:33,2025-03-04 06:34:05,Closed Lost,2713.73,0
OPP-003780,ACC-000028,PROD-0023,892,Upsell,2024-02-18 00:43:39,2024-05-15 08:49:37,Closed Won,12154.8,1
OPP-003783,ACC-000046,PROD-0042,579,Expansion,2024-11-17 16:59:47,2024-11-27 06:22:52,Closed Lost,73433.81,0
OPP-003792,ACC-000018,PROD-0035,80,New Business,2025-04-03 17:11:37,2025-07-18 19:06:21,Closed Lost,46365.98,0
OPP-003793,ACC-000049,PROD-0045,223,Upsell,2024-10-15 06:18:10,2024-11-13 12:57:46,Closed Won,25425.58,1
OPP-003803,ACC-000056,PROD-0100,595,Upsell,2024-05-17 06:35:59,2024-06-15 08:29:10,Closed Won,84741.4,1
OPP-003806,ACC-000014,PROD-0022,442,Expansion,2023-08-25 08:04:49,2024-02-01 09:45:12,Closed Lost,18642.68,0
OPP-003807,ACC-000031,PROD-0083,33,Expansion,2025-01-15 23:18:25,2025-05-05 14:31:57,Closed Lost,48635.85,0
OPP-003808,ACC-000025,PROD-0070,336,New Business,2025-02-21 12:28:03,2025-03-05 02:57:21,Closed Won,38741.44,1
OPP-003815,ACC-000061,PROD-0085,882,Upsell,2024-10-30 10:29:08,2024-11-13 17:16:12,Closed Won,69298.59,1
OPP-003820,ACC-000015,PROD-0070,478,Renewal,2024-06-07 07:25:51,2024-09-07 01:41:01,Closed Lost,11881.63,0
OPP-003831,ACC-000026,PROD-0061,604,Renewal,2025-03-20 13:18:30,2025-08-21 19:12:24,Closed Won,80123.97,1
OPP-003832,ACC-000004,PROD-0058,356,New Business,2025-05-13 01:14:00,2025-05-22 05:51:46,Closed Lost,56828.68,0
OPP-003849,ACC-000020,PROD-0024,15,Cross-sell,2024-08-21 05:57:46,2024-11-03 05:50:19,Closed Won,83938.72,1
OPP-003862,ACC-000014,PROD-0017,165,Renewal,2024-03-05 07:35:16,2024-06-28 01:05:03,Closed Lost,76057.67,0
OPP-003863,ACC-000033,PROD-0020,891,New Business,2025-05-16 09:58:40,2025-10-13 01:37:08,Closed Lost,34285.51,0
OPP-003869,ACC-000014,PROD-0001,49,Expansion,2025-04-03 23:10:15,2025-05-25 20:10:26,Closed Won,29962.54,1
OPP-003870,ACC-000025,PROD-0040,234,Expansion,2024-07-19 05:54:09,2024-08-23 02:07:38,Closed Won,73860.21,1
OPP-003872,ACC-000029,PROD-0097,865,Upsell,2025-02-04 04:05:36,2025-05-23 20:16:25,Closed Lost,93183.91,0
OPP-003876,ACC-000046,PROD-0045,92,Expansion,2025-01-27 22:37:33,2025-03-20 18:38:56,Closed Lost,55282.52,0
OPP-003900,ACC-000033,PROD-0039,574,Expansion,2025-03-24 02:24:03,2025-08-10 03:37:52,Closed Lost,8811.33,0
OPP-003904,ACC-000004,PROD-0088,953,Cross-sell,2025-03-30 20:01:55,2025-04-26 05:34:45,Closed Lost,60235.33,0
OPP-003918,ACC-000029,PROD-0073,629,Upsell,2024-09-25 23:30:06,2025-01-24 14:24:00,Closed Won,91061.81,1
OPP-003932,ACC-000006,PROD-0095,133,Cross-sell,2025-03-15 11:59:28,2025-04-10 01:19:50,Closed Lost,65047.89,0
OPP-003936,ACC-000029,PROD-0035,750,Renewal,2025-04-04 16:01:29,2025-07-09 14:53:10,Closed Won,69698.24,1
OPP-003938,ACC-000041,PROD-0017,944,Renewal,2024-08-01 09:23:02,2024-08-18 04:46:16,Closed Lost,77735.28,0
OPP-003942,ACC-000039,PROD-0065,48,Upsell,2024-04-24 06:53:01,2024-08-22 16:27:43,Closed Won,31012.68,1
OPP-003945,ACC-000032,PROD-0082,621,Renewal,2023-08-27 16:13:33,2023-11-12 00:58:36,Closed Won,89501.25,1
OPP-003948,ACC-000013,PROD-0001,625,Expansion,2024-03-26 15:44:23,2024-08-20 12:17:18,Closed Won,18917.32,1
OPP-003959,ACC-000004,PROD-0052,675,Upsell,2024-07-14 07:05:23,2024-10-19 08:59:15,Closed Lost,25405.74,0
OPP-003962,ACC-000038,PROD-0005,189,Upsell,2023-12-18 09:56:20,2024-03-06 06:28:58,Closed Won,72613.33,1
OPP-003966,ACC-000008,PROD-0058,734,Renewal,2023-12-22 18:10:44,2024-04-27 22:10:26,Closed Won,15971.55,1
OPP-003970,ACC-000048,PROD-0092,528,Expansion,2025-04-18 17:26:45,2025-05-29 03:29:48,Closed Lost,2796.6,0
OPP-003991,ACC-000001,PROD-0070,932,Cross-sell,2023-12-22 17:25:07,2023-12-31 17:09:30,Closed Lost,78427.54,0
OPP-003993,ACC-000044,PROD-0096,49,Expansion,2023-09-02 08:14:37,2024-01-01 22:53:59,Closed Won,19411.02,1
OPP-004014,ACC-000008,PROD-0085,161,Renewal,2023-08-17 00:52:51,2023-11-25 14:39:36,Closed Won,17705.47,1
OPP-004015,ACC-000060,PROD-0041,641,Expansion,2023-10-25 18:23:18,2024-02-28 18:02:06,Closed Lost,68414.18,0
OPP-004017,ACC-000062,PROD-0057,328,Renewal,2024-10-31 09:12:32,2024-12-25 01:26:33,Closed Lost,20954.57,0
OPP-004024,ACC-000060,PROD-0070,753,New Business,2023-10-24 19:03:21,2023-12-03 16:33:08,Closed Lost,54349.64,0
OPP-004039,ACC-000015,PROD-0030,670,New Business,2024-01-22 21:45:00,2024-02-19 16:14:52,Closed Lost,58562.97,0
OPP-004042,ACC-000003,PROD-0003,211,Renewal,2024-07-15 03:03:15,2024-12-06 18:52:11,Closed Won,40519.49,1
OPP-004046,ACC-000030,PROD-0042,600,Renewal,2024-10-06 20:14:47,2024-12-04 23:53:49,Closed Won,8230.1,1
OPP-004059,ACC-000005,PROD-0001,141,Expansion,2024-09-22 23:51:01,2024-10-22 23:33:02,Closed Lost,50934.03,0
OPP-004060,ACC-000048,PROD-0082,440,New Business,2025-03-04 00:38:40,2025-05-21 05:09:12,Closed Lost,94301.51,0
OPP-004063,ACC-000053,PROD-0019,188,Upsell,2024-07-26 05:38:43,2024-12-19 16:52:37,Closed Won,6460.59,1
OPP-004070,ACC-000045,PROD-0051,781,Expansion,2023-11-04 00:43:07,2024-03-31 03:29:23,Closed Won,34392.79,1
OPP-004082,ACC-000040,PROD-0029,124,New Business,2024-06-16 18:51:55,2024-09-06 21:25:54,Closed Won,6021.59,1
OPP-004086,ACC-000059,PROD-0080,601,New Business,2023-11-13 02:08:07,2023-11-19 22:25:49,Closed Lost,67910.2,0
OPP-004090,ACC-000023,PROD-0047,823,Cross-sell,2025-03-16 21:29:52,2025-04-11 19:37:54,Closed Lost,49879.2,0
OPP-004092,ACC-000033,PROD-0057,854,Upsell,2024-08-17 17:05:43,2024-08-20 14:12:45,Closed Won,46166.88,1
OPP-004094,ACC-000057,PROD-0009,797,Renewal,2024-12-08 11:40:56,2025-04-16 10:08:13,Closed Lost,62873.81,0
OPP-004099,ACC-000017,PROD-0027,994,Renewal,2024-05-28 20:49:09,2024-10-23 00:18:41,Closed Lost,14629.87,0
OPP-004102,ACC-000024,PROD-0080,195,Upsell,2024-06-05 06:07:42,2024-09-18 15:32:40,Closed Lost,11553.73,0
OPP-004106,ACC-000019,PROD-0043,927,Upsell,2023-11-27 06:32:56,2024-04-28 18:34:53,Closed Won,28863.88,1
OPP-004108,ACC-000004,PROD-0023,136,Renewal,2025-05-31 01:45:22,2025-06-28 02:10:15,Closed Won,72257.55,1
OPP-004111,ACC-000020,PROD-0083,148,Cross-sell,2023-11-28 05:25:13,2024-03-30 12:41:03,Closed Lost,85222.6,0
OPP-004113,ACC-000047,PROD-0045,277,Expansion,2024-01-21 07:18:07,2024-07-17 17:41:44,Closed Won,46559.59,1
OPP-004128,ACC-000043,PROD-0074,117,New Business,2025-04-18 12:11:43,2025-06-17 15:56:45,Closed Lost,88500.49,0
OPP-004134,ACC-000059,PROD-0039,265,New Business,2024-06-02 22:25:33,2024-09-29 02:18:19,Closed Lost,38807.21,0
OPP-004143,ACC-000019,PROD-0022,400,New Business,2024-04-18 04:16:36,2024-07-30 00:08:15,Closed Lost,13972.53,0
OPP-004150,ACC-000029,PROD-0077,19,New Business,2025-05-11 21:59:43,2025-07-31 16:44:50,Closed Won,28591.23,1
OPP-004154,ACC-000003,PROD-0091,402,Renewal,2023-10-09 22:08:49,2023-12-31 04:05:37,Closed Won,15176.51,1
OPP-004155,ACC-000025,PROD-0012,114,Upsell,2023-07-11 12:13:25,2023-12-03 19:31:11,Closed Won,79739.32,1
OPP-004161,ACC-000009,PROD-0049,750,Expansion,2025-03-11 18:25:20,2025-04-21 16:56:47,Closed Lost,78679.47,0
OPP-004166,ACC-000046,PROD-0071,684,Expansion,2024-04-26 06:59:42,2024-07-28 11:37:49,Closed Lost,91727.35,0
OPP-004168,ACC-000053,PROD-0024,926,New Business,2024-01-22 09:38:54,2024-05-14 01:46:06,Closed Lost,64624.86,0
OPP-004169,ACC-000003,PROD-0097,95,Expansion,2025-06-26 11:56:14,2025-08-26 18:06:14,Closed Won,20887.53,1
OPP-004173,ACC-000019,PROD-0078,654,Cross-sell,2024-05-27 10:15:46,2024-08-25 13:09:17,Closed Lost,98214.91,0
OPP-004193,ACC-000034,PROD-0094,971,New Business,2025-03-28 03:34:06,2025-09-23 13:56:00,Closed Won,92167.11,1
OPP-004197,ACC-000017,PROD-0017,827,New Business,2024-07-08 01:53:12,2024-12-09 22:29:25,Closed Lost,48457.43,0
OPP-004199,ACC-000015,PROD-0030,696,New Business,2024-02-05 21:03:03,2024-07-15 18:30:39,Closed Won,55648.18,1
OPP-004200,ACC-000031,PROD-0096,489,Cross-sell,2024-12-07 20:08:58,2025-05-22 20:42:32,Closed Lost,15053.58,0
OPP-004205,ACC-000015,PROD-0026,237,New Business,2024-02-13 04:36:55,2024-07-05 13:46:47,Closed Lost,81848.2,0
OPP-004208,ACC-000039,PROD-0036,627,Upsell,2025-05-13 12:02:52,2025-09-19 11:35:00,Closed Lost,65817.35,0
OPP-004214,ACC-000060,PROD-0029,282,Cross-sell,2024-06-17 21:05:35,2024-06-27 08:35:03,Closed Lost,45521.64,0
OPP-004236,ACC-000004,PROD-0027,981,Expansion,2024-09-14 00:57:55,2024-10-05 11:20:50,Closed Won,53002.04,1
OPP-004237,ACC-000017,PROD-0031,898,Renewal,2023-08-21 02:55:53,2024-01-17 23:15:44,Closed Won,96733.36,1
OPP-004249,ACC-000002,PROD-0063,440,Expansion,2024-05-13 02:44:42,2024-10-06 16:46:07,Closed Won,48030.06,1
OPP-004252,ACC-000057,PROD-0051,223,Expansion,2024-08-30 09:02:16,2024-11-16 22:06:20,Closed Won,7557.78,1
OPP-004277,ACC-000057,PROD-0072,27,Expansion,2025-01-21 03:07:12,2025-01-25 15:18:51,Closed Won,90674.23,1
OPP-004278,ACC-000045,PROD-0053,334,Renewal,2024-01-27 11:54:09,2024-02-17 00:20:12,Closed Lost,70192.82,0
OPP-004287,ACC-000001,PROD-0004,664,Renewal,2024-05-06 13:02:33,2024-10-02 19:37:31,Closed Won,31487.61,1
OPP-004289,ACC-000041,PROD-0081,112,Cross-sell,2024-05-15 20:24:10,2024-07-08 21:51:02,Closed Won,17766.12,1
OPP-004295,ACC-000039,PROD-0085,597,Renewal,2024-05-12 05:11:53,2024-08-24 13:53:25,Closed Lost,60171.35,0
OPP-004305,ACC-000036,PROD-0063,537,Upsell,2024-07-15 11:26:44,2024-11-21 15:27:24,Closed Lost,23673.81,0
OPP-004312,ACC-000052,PROD-0041,951,Upsell,2024-01-13 20:26:27,2024-01-15 18:11:05,Closed Lost,94750.93,0
OPP-004317,ACC-000003,PROD-0083,968,Renewal,2025-06-10 10:40:08,2025-07-29 22:21:15,Closed Won,51797.69,1
OPP-004327,ACC-000001,PROD-0051,40,Renewal,2024-05-19 20:27:26,2024-09-27 17:59:15,Closed Won,58398.64,1
OPP-004332,ACC-000038,PROD-0081,107,Expansion,2025-01-08 15:10:25,2025-05-18 14:08:41,Closed Won,38002.51,1
OPP-004334,ACC-000009,PROD-0086,847,Cross-sell,2024-07-27 06:50:02,2024-08-29 17:19:49,Closed Lost,74697,0
OPP-004341,ACC-000039,PROD-0003,258,Cross-sell,2024-02-27 06:01:15,2024-04-05 01:22:34,Closed Won,91310.4,1
OPP-004353,ACC-000028,PROD-0095,597,Expansion,2024-04-09 12:20:46,2024-06-10 22:07:56,Closed Lost,28375.92,0
OPP-004373,ACC-000055,PROD-0007,348,Cross-sell,2024-11-08 18:01:52,2025-04-23 21:29:07,Closed Lost,28477.86,0
OPP-004380,ACC-000016,PROD-0072,226,Renewal,2024-06-14 06:14:50,2024-08-29 17:05:36,Closed Won,39473.47,1
OPP-004381,ACC-000030,PROD-0090,289,Cross-sell,2024-05-16 15:41:31,2024-10-14 10:42:22,Closed Won,24045.25,1
OPP-004385,ACC-000044,PROD-0080,391,New Business,2024-03-11 13:25:20,2024-08-07 11:16:38,Closed Lost,75150.94,0
OPP-004390,ACC-000026,PROD-0067,281,New Business,2024-04-28 17:49:30,2024-08-01 08:42:55,Closed Lost,38012.29,0
OPP-004393,ACC-000051,PROD-0081,233,Renewal,2024-01-29 21:29:43,2024-07-26 00:12:16,Closed Won,87395.57,1
OPP-004400,ACC-000033,PROD-0090,855,Expansion,2023-08-19 14:35:18,2023-12-12 16:23:24,Closed Won,18334.97,1
OPP-004406,ACC-000011,PROD-0071,340,Cross-sell,2024-09-19 13:06:04,2025-03-13 16:23:46,Closed Won,4124.23,1
OPP-004420,ACC-000016,PROD-0075,959,Upsell,2024-03-21 22:40:26,2024-03-30 07:19:55,Closed Won,37976.82,1
OPP-004424,ACC-000031,PROD-0024,616,Upsell,2025-03-22 11:01:59,2025-05-26 06:50:19,Closed Lost,94253.93,0
OPP-004427,ACC-000016,PROD-0067,320,Cross-sell,2024-11-02 02:07:47,2025-03-30 18:17:17,Closed Lost,10497.65,0
OPP-004432,ACC-000052,PROD-0010,815,Renewal,2024-12-12 01:46:26,2025-02-07 02:04:19,Closed Lost,17875.63,0
OPP-004436,ACC-000012,PROD-0041,490,Renewal,2025-02-03 05:44:54,2025-06-26 13:11:04,Closed Lost,73046.43,0
OPP-004443,ACC-000039,PROD-0022,236,Renewal,2024-04-26 14:57:00,2024-06-14 20:17:21,Closed Lost,82382.19,0
OPP-004450,ACC-000017,PROD-0033,43,New Business,2025-03-15 06:33:31,2025-05-29 08:24:42,Closed Won,72050.33,1
OPP-004468,ACC-000036,PROD-0087,280,Renewal,2023-10-29 04:13:54,2024-04-08 14:00:06,Closed Won,84731.15,1
OPP-004486,ACC-000055,PROD-0062,213,Expansion,2024-03-11 22:45:18,2024-04-21 01:21:06,Closed Won,93775.98,1
OPP-004499,ACC-000002,PROD-0062,441,Upsell,2024-09-21 16:40:46,2024-10-22 23:07:32,Closed Won,72104.4,1
OPP-004500,ACC-000009,PROD-0100,190,Upsell,2024-12-22 18:46:24,2025-05-26 21:01:28,Closed Lost,30755.39,0
OPP-004503,ACC-000014,PROD-0050,754,Upsell,2024-09-24 04:30:43,2024-12-08 06:03:17,Closed Lost,45019.11,0
OPP-004507,ACC-000049,PROD-0052,749,Renewal,2024-09-19 10:01:03,2025-03-15 10:24:48,Closed Lost,85259.61,0
OPP-004528,ACC-000019,PROD-0074,424,Cross-sell,2025-05-21 17:36:11,2025-06-28 13:19:24,Closed Won,4492.14,1
OPP-004533,ACC-000002,PROD-0065,42,Expansion,2024-08-06 03:50:43,2024-12-26 00:11:59,Closed Lost,64779.23,0
OPP-004549,ACC-000016,PROD-0013,86,Cross-sell,2025-05-30 05:35:18,2025-06-24 09:41:44,Closed Lost,94947.33,0
OPP-004552,ACC-000024,PROD-0013,74,Upsell,2023-11-24 05:08:44,2023-12-26 17:48:32,Closed Won,33539.1,1
OPP-004555,ACC-000006,PROD-0036,185,Renewal,2024-10-08 16:46:21,2025-04-05 00:03:41,Closed Won,36451.5,1
OPP-004560,ACC-000058,PROD-0015,492,New Business,2023-07-27 14:52:17,2023-11-28 22:05:29,Closed Lost,93891.46,0
OPP-004577,ACC-000057,PROD-0081,965,Expansion,2024-06-30 04:09:21,2024-11-09 12:31:39,Closed Lost,22896.62,0
OPP-004581,ACC-000055,PROD-0047,205,Renewal,2024-03-27 01:30:25,2024-04-25 18:41:51,Closed Won,13812.16,1
OPP-004589,ACC-000031,PROD-0005,883,New Business,2023-12-13 23:52:25,2024-04-21 15:50:06,Closed Lost,67088.74,0
OPP-004590,ACC-000016,PROD-0012,46,Upsell,2025-01-25 19:42:56,2025-02-27 04:01:18,Closed Won,57778.19,1
OPP-004600,ACC-000043,PROD-0005,830,Expansion,2023-12-26 03:22:24,2024-06-19 02:19:02,Closed Lost,80246.31,0
OPP-004607,ACC-000020,PROD-0035,399,Cross-sell,2025-01-07 13:02:05,2025-04-01 10:23:59,Closed Won,21866.65,1
OPP-004609,ACC-000006,PROD-0013,286,Renewal,2024-06-07 07:16:27,2024-08-05 23:43:09,Closed Lost,65955.22,0
OPP-004610,ACC-000053,PROD-0040,612,Upsell,2023-08-15 07:11:42,2023-11-27 20:05:35,Closed Won,1989.5,1
OPP-004612,ACC-000043,PROD-0086,583,Expansion,2025-04-05 22:28:11,2025-06-20 06:23:38,Closed Won,83271.5,1
OPP-004613,ACC-000047,PROD-0038,51,New Business,2023-12-26 00:21:59,2024-02-24 19:39:06,Closed Lost,85177.01,0
OPP-004618,ACC-000017,PROD-0074,732,Expansion,2025-06-03 10:53:53,2025-10-23 18:00:09,Closed Lost,30968.91,0
OPP-004619,ACC-000047,PROD-0036,932,Expansion,2025-03-10 03:58:47,2025-03-28 10:09:35,Closed Lost,17437.11,0
OPP-004621,ACC-000020,PROD-0052,98,Cross-sell,2024-03-12 20:14:51,2024-07-03 00:48:41,Closed Lost,29121.37,0
OPP-004633,ACC-000035,PROD-0016,896,Cross-sell,2024-12-17 18:55:51,2025-03-24 06:31:38,Closed Lost,86574.08,0
OPP-004636,ACC-000013,PROD-0086,110,Cross-sell,2024-06-14 06:17:50,2024-09-04 09:34:15,Closed Won,21087.72,1
OPP-004651,ACC-000025,PROD-0002,301,Expansion,2024-12-14 15:39:36,2025-01-25 22:19:25,Closed Lost,55971,0
OPP-004679,ACC-000026,PROD-0053,130,New Business,2024-05-08 17:42:07,2024-10-04 10:02:43,Closed Lost,69381.79,0
OPP-004685,ACC-000052,PROD-0068,462,Expansion,2023-12-20 08:52:08,2024-05-22 14:50:27,Closed Lost,37928.82,0
OPP-004695,ACC-000036,PROD-0094,283,Cross-sell,2025-06-15 13:59:37,2025-09-18 22:34:25,Closed Lost,66282.43,0
OPP-004696,ACC-000059,PROD-0067,579,New Business,2023-07-03 17:05:18,2023-11-28 16:33:08,Closed Won,23287.01,1
OPP-004717,ACC-000011,PROD-0041,707,Renewal,2024-06-17 08:32:53,2024-09-04 09:06:38,Closed Won,98391.77,1
OPP-004721,ACC-000050,PROD-0098,699,New Business,2025-06-04 13:36:44,2025-07-02 12:45:39,Closed Lost,66945.62,0
OPP-004728,ACC-000019,PROD-0051,844,Renewal,2024-09-07 21:25:58,2025-02-14 03:50:57,Closed Lost,99738.84,0
OPP-004737,ACC-000052,PROD-0019,283,Cross-sell,2024-04-19 04:49:41,2024-05-26 16:40:06,Closed Won,48259.78,1
OPP-004743,ACC-000052,PROD-0061,144,Cross-sell,2025-03-16 09:43:37,2025-03-26 06:57:26,Closed Lost,77405.93,0
OPP-004744,ACC-000006,PROD-0032,225,New Business,2024-12-04 01:39:58,2025-04-26 22:48:12,Closed Won,55839.74,1
OPP-004747,ACC-000022,PROD-0072,807,Upsell,2024-01-27 03:29:37,2024-05-01 05:35:44,Closed Lost,50463.76,0
OPP-004750,ACC-000013,PROD-0055,395,New Business,2024-11-12 22:43:02,2024-11-29 17:55:31,Closed Lost,36306.03,0
OPP-004758,ACC-000045,PROD-0011,198,Cross-sell,2024-06-19 04:58:08,2024-12-12 23:31:10,Closed Won,93526.09,1
OPP-004764,ACC-000024,PROD-0093,648,Expansion,2025-03-10 20:24:45,2025-06-20 20:02:30,Closed Won,8564.26,1
OPP-004767,ACC-000060,PROD-0003,166,Upsell,2024-10-29 19:30:10,2025-04-15 04:29:32,Closed Lost,16171.9,0
OPP-004794,ACC-000019,PROD-0054,145,New Business,2024-07-14 11:23:17,2024-07-21 03:34:17,Closed Lost,84065.7,0
OPP-004806,ACC-000059,PROD-0005,409,Expansion,2024-05-05 07:33:23,2024-05-30 05:14:06,Closed Won,89089.02,1
OPP-004807,ACC-000033,PROD-0037,39,New Business,2024-04-27 08:29:10,2024-05-24 17:09:24,Closed Lost,15844.97,0
OPP-004817,ACC-000017,PROD-0062,294,Cross-sell,2025-03-14 02:01:51,2025-04-27 13:02:36,Closed Won,3816.44,1
OPP-004818,ACC-000015,PROD-0085,464,New Business,2025-06-15 01:00:12,2025-10-05 21:13:40,Closed Lost,86587.07,0
OPP-004823,ACC-000018,PROD-0064,668,Expansion,2024-03-24 23:17:14,2024-05-31 14:50:07,Closed Lost,17706.94,0
OPP-004825,ACC-000010,PROD-0074,841,Upsell,2025-05-12 11:13:07,2025-09-29 18:44:38,Closed Won,95536.18,1
OPP-004826,ACC-000012,PROD-0100,888,Cross-sell,2024-08-25 17:34:36,2025-01-16 15:35:48,Closed Lost,69193.67,0
OPP-004830,ACC-000043,PROD-0092,890,Upsell,2024-03-22 01:02:02,2024-08-22 11:46:50,Closed Won,37897.68,1
OPP-004831,ACC-000011,PROD-0093,995,Expansion,2023-11-18 10:52:37,2024-05-03 16:46:59,Closed Lost,57339.76,0
OPP-004853,ACC-000035,PROD-0039,838,Cross-sell,2023-10-08 14:27:27,2023-11-15 11:15:30,Closed Won,61534.31,1
OPP-004865,ACC-000007,PROD-0022,108,Upsell,2024-04-24 15:51:11,2024-08-20 11:35:40,Closed Lost,59516.05,0
OPP-004876,ACC-000029,PROD-0081,297,Renewal,2025-01-19 03:25:41,2025-03-03 15:35:44,Closed Lost,73949.6,0
OPP-004888,ACC-000022,PROD-0094,460,New Business,2024-06-24 14:13:52,2024-07-02 06:17:06,Closed Won,69223.73,1
OPP-004889,ACC-000059,PROD-0024,433,New Business,2024-01-14 21:36:18,2024-03-18 01:33:45,Closed Lost,80188.22,0
OPP-004891,ACC-000001,PROD-0029,648,Cross-sell,2023-08-17 23:44:16,2023-12-30 16:50:46,Closed Won,35720.88,1
OPP-004894,ACC-000006,PROD-0009,44,Cross-sell,2025-02-04 09:07:46,2025-06-22 13:45:42,Closed Won,94436.43,1
OPP-004904,ACC-000008,PROD-0018,530,Renewal,2024-12-08 04:33:13,2025-02-11 21:07:11,Closed Lost,20344.78,0
OPP-004911,ACC-000057,PROD-0098,239,Cross-sell,2024-12-08 12:19:34,2025-01-22 05:14:11,Closed Lost,47571.21,0
OPP-004913,ACC-000052,PROD-0076,787,New Business,2024-08-14 11:33:59,2024-08-25 16:32:35,Closed Won,37033.36,1
OPP-004915,ACC-000045,PROD-0087,81,Expansion,2025-03-03 23:22:06,2025-08-02 15:58:15,Closed Won,22092.16,1
OPP-004925,ACC-000041,PROD-0033,177,Cross-sell,2025-02-05 16:46:55,2025-03-09 14:40:34,Closed Lost,58559.36,0
OPP-004927,ACC-000054,PROD-0055,843,Upsell,2023-10-27 18:31:16,2024-01-12 22:42:15,Closed Lost,3837.03,0
OPP-004940,ACC-000027,PROD-0051,472,Renewal,2024-06-14 08:31:10,2024-07-23 05:42:53,Closed Won,84039.58,1
OPP-004948,ACC-000029,PROD-0057,477,Renewal,2024-11-08 18:41:27,2025-03-02 11:28:29,Closed Lost,21053.43,0
OPP-004969,ACC-000024,PROD-0071,604,Upsell,2024-08-13 20:24:15,2024-12-19 07:23:35,Closed Lost,63425.94,0
OPP-004973,ACC-000058,PROD-0057,944,Upsell,2023-12-09 20:42:47,2023-12-30 15:49:27,Closed Lost,93420.72,0
OPP-004974,ACC-000055,PROD-0027,604,Cross-sell,2024-05-17 07:14:58,2024-10-17 19:56:28,Closed Lost,15031.23,0
OPP-004988,ACC-000049,PROD-0046,758,Renewal,2024-04-03 11:07:54,2024-06-09 04:35:23,Closed Won,91606.81,1
OPP-004992,ACC-000057,PROD-0082,919,Renewal,2024-07-25 00:21:39,2024-10-12 11:06:33,Closed Won,60148.87,1
OPP-004998,ACC-000019,PROD-0004,336,New Business,2024-06-01 07:38:07,2024-09-26 01:55:16,Closed Lost,78640.02,0
OPP-005000,ACC-000004,PROD-0099,614,Renewal,2024-04-07 15:45:49,2024-08-31 08:38:54,Closed Lost,80806.78,0
OPP-005003,ACC-000020,PROD-0028,764,Upsell,2024-06-07 05:42:36,2024-11-09 16:11:38,Closed Won,53343.35,1
OPP-005009,ACC-000042,PROD-0055,500,Upsell,2025-03-03 03:22:51,2025-08-10 00:26:47,Closed Won,97294.8,1
OPP-005010,ACC-000006,PROD-0093,882,Expansion,2024-04-03 19:04:40,2024-06-17 23:47:49,Closed Lost,85868.23,0
OPP-005012,ACC-000057,PROD-0099,573,Expansion,2024-03-06 20:49:51,2024-07-12 16:56:32,Closed Lost,8378.32,0
OPP-005018,ACC-000023,PROD-0017,973,Cross-sell,2024-03-20 23:12:06,2024-07-29 19:59:57,Closed Lost,8665.9,0
OPP-005024,ACC-000039,PROD-0031,505,Upsell,2023-12-05 02:56:37,2024-03-08 05:34:04,Closed Lost,10231.43,0
OPP-005026,ACC-000019,PROD-0070,741,New Business,2024-08-29 10:44:15,2024-09-17 19:23:15,Closed Won,93147.41,1
OPP-005032,ACC-000009,PROD-0060,74,Renewal,2024-06-24 05:39:45,2024-09-17 10:38:53,Closed Lost,11237.92,0
OPP-005034,ACC-000054,PROD-0060,550,Cross-sell,2023-12-03 05:55:34,2023-12-28 13:34:12,Closed Lost,72394.1,0
OPP-005039,ACC-000042,PROD-0039,973,New Business,2025-02-26 23:15:56,2025-08-01 09:16:54,Closed Lost,91683.11,0
OPP-005048,ACC-000057,PROD-0015,596,Expansion,2023-10-09 20:47:46,2024-03-11 00:03:07,Closed Lost,99974.62,0
OPP-005049,ACC-000032,PROD-0058,140,Renewal,2024-12-11 06:36:00,2025-03-25 04:59:15,Closed Won,57438.35,1
OPP-005051,ACC-000028,PROD-0037,459,New Business,2023-09-12 15:45:52,2024-02-23 05:08:16,Closed Lost,53295.16,0
OPP-005059,ACC-000023,PROD-0014,113,Upsell,2024-09-11 02:33:04,2025-02-05 07:43:49,Closed Lost,8763.99,0
OPP-005062,ACC-000025,PROD-0003,432,Renewal,2025-04-22 22:46:05,2025-05-16 17:32:49,Closed Lost,8659.76,0
OPP-005064,ACC-000027,PROD-0035,974,Upsell,2024-01-15 05:53:34,2024-05-30 05:50:01,Closed Lost,95702.88,0
OPP-005075,ACC-000024,PROD-0054,508,Expansion,2024-04-07 09:55:49,2024-05-09 17:13:28,Closed Lost,82517.69,0
OPP-005077,ACC-000008,PROD-0087,254,Upsell,2023-11-19 09:06:27,2024-01-09 05:41:53,Closed Lost,9218.77,0
OPP-005078,ACC-000056,PROD-0090,908,Expansion,2025-02-10 06:05:22,2025-07-07 11:38:38,Closed Lost,78962.31,0
OPP-005091,ACC-000019,PROD-0088,937,Cross-sell,2025-05-03 20:23:19,2025-10-03 20:30:34,Closed Lost,86870.81,0
OPP-005094,ACC-000024,PROD-0005,575,Expansion,2023-10-06 06:30:34,2024-01-01 15:59:17,Closed Won,39936.96,1
OPP-005098,ACC-000034,PROD-0064,612,Upsell,2024-06-12 08:59:27,2024-08-13 03:22:42,Closed Won,24633.44,1
OPP-005100,ACC-000051,PROD-0064,259,Expansion,2025-05-13 10:11:09,2025-07-21 19:10:14,Closed Won,39279.85,1
OPP-005102,ACC-000038,PROD-0036,281,New Business,2023-10-12 15:37:58,2024-01-20 19:09:22,Closed Won,82077.17,1
OPP-005105,ACC-000060,PROD-0046,541,New Business,2024-12-23 00:43:11,2025-01-01 17:12:09,Closed Won,68496.52,1
OPP-005112,ACC-000010,PROD-0055,576,Expansion,2025-01-12 00:20:36,2025-02-23 19:18:29,Closed Won,79421.35,1
OPP-005114,ACC-000015,PROD-0077,201,Cross-sell,2024-01-19 23:17:55,2024-05-07 04:08:03,Closed Lost,86634.1,0
OPP-005123,ACC-000062,PROD-0055,575,Upsell,2023-10-30 17:34:15,2023-12-20 05:48:17,Closed Lost,17736.37,0
OPP-005135,ACC-000028,PROD-0005,783,Cross-sell,2023-10-09 01:41:24,2023-11-18 15:17:38,Closed Lost,66717,0
OPP-005137,ACC-000062,PROD-0047,776,Cross-sell,2024-08-09 17:49:44,2024-10-02 01:19:20,Closed Lost,91563.16,0
OPP-005140,ACC-000039,PROD-0040,343,Cross-sell,2024-03-27 10:22:07,2024-05-04 20:04:38,Closed Won,60086.09,1
OPP-005151,ACC-000010,PROD-0025,916,New Business,2024-11-03 08:26:51,2025-01-27 13:17:47,Closed Lost,38722.12,0
OPP-005167,ACC-000008,PROD-0072,127,Renewal,2025-05-11 00:51:14,2025-07-15 19:09:26,Closed Lost,20787.53,0
OPP-005190,ACC-000053,PROD-0043,34,Cross-sell,2023-09-28 06:47:29,2023-12-06 00:47:03,Closed Lost,19073.84,0
OPP-005205,ACC-000056,PROD-0091,956,Cross-sell,2024-05-16 12:23:14,2024-10-17 16:12:59,Closed Won,38497.37,1
OPP-005208,ACC-000029,PROD-0038,586,New Business,2024-01-08 06:39:23,2024-06-28 13:10:22,Closed Lost,96330.03,0
OPP-005209,ACC-000001,PROD-0001,599,Cross-sell,2025-02-07 10:13:54,2025-04-27 14:43:21,Closed Won,83481.2,1
OPP-005225,ACC-000046,PROD-0004,408,New Business,2024-03-17 12:35:21,2024-05-29 09:36:59,Closed Won,61633.03,1
OPP-005229,ACC-000022,PROD-0087,595,Upsell,2024-05-17 03:25:30,2024-09-13 08:11:11,Closed Won,48098.33,1
OPP-005231,ACC-000013,PROD-0093,696,Cross-sell,2024-06-30 12:38:57,2024-09-28 10:05:21,Closed Lost,19857.34,0
OPP-005240,ACC-000047,PROD-0020,281,Expansion,2024-07-18 16:06:46,2025-01-06 19:40:37,Closed Lost,19643.95,0
OPP-005242,ACC-000003,PROD-0014,49,Expansion,2024-12-14 02:42:55,2025-01-28 12:49:59,Closed Won,57586.79,1
OPP-005263,ACC-000039,PROD-0057,537,Renewal,2025-03-17 19:58:12,2025-03-20 21:48:38,Closed Lost,18143.72,0
OPP-005265,ACC-000059,PROD-0015,830,Renewal,2024-05-15 07:21:03,2024-08-23 01:58:56,Closed Won,8245.7,1
OPP-005271,ACC-000062,PROD-0078,764,Renewal,2023-09-06 14:44:55,2024-01-18 15:38:52,Closed Won,55922.09,1
OPP-005273,ACC-000027,PROD-0035,163,New Business,2025-04-08 03:46:15,2025-07-21 12:58:41,Closed Lost,7700.43,0
OPP-005274,ACC-000001,PROD-0076,750,Expansion,2024-06-16 16:39:14,2024-07-11 21:45:31,Closed Lost,53218.36,0
OPP-005277,ACC-000060,PROD-0018,840,New Business,2024-02-10 22:33:32,2024-03-19 20:52:50,Closed Won,66199.86,1
OPP-005285,ACC-000047,PROD-0054,11,Renewal,2024-09-05 03:22:33,2024-11-12 03:28:29,Closed Won,56449.4,1
OPP-005291,ACC-000037,PROD-0049,642,Upsell,2025-03-27 02:52:50,2025-07-08 16:03:29,Closed Won,19084.32,1
OPP-005292,ACC-000055,PROD-0036,734,New Business,2024-05-26 06:00:32,2024-09-22 13:03:24,Closed Lost,76868.96,0
OPP-005298,ACC-000031,PROD-0036,93,Expansion,2024-09-26 22:55:05,2025-01-07 14:40:52,Closed Won,71697.95,1
OPP-005299,ACC-000060,PROD-0061,823,Upsell,2025-05-02 13:47:01,2025-06-16 06:40:45,Closed Lost,39317.41,0
OPP-005317,ACC-000041,PROD-0056,94,Renewal,2024-10-01 03:42:37,2025-03-17 17:22:36,Closed Won,10212.98,1
OPP-005324,ACC-000026,PROD-0098,844,New Business,2024-08-18 01:19:19,2024-12-19 14:49:02,Closed Won,73586.82,1
OPP-005325,ACC-000030,PROD-0005,245,Cross-sell,2023-11-29 05:41:37,2024-02-14 16:06:09,Closed Won,84978.19,1
OPP-005331,ACC-000020,PROD-0076,288,Renewal,2024-03-23 09:31:24,2024-07-02 12:03:45,Closed Won,29153.05,1
OPP-005336,ACC-000036,PROD-0023,468,New Business,2024-02-13 05:04:09,2024-07-27 22:40:30,Closed Won,41232.38,1
OPP-005346,ACC-000018,PROD-0008,251,Renewal,2024-07-24 20:00:19,2024-08-30 23:33:47,Closed Won,71739.75,1
OPP-005353,ACC-000044,PROD-0032,658,Expansion,2023-09-05 12:54:57,2024-02-28 00:16:32,Closed Lost,13577.45,0
OPP-005374,ACC-000005,PROD-0018,792,Cross-sell,2025-01-22 11:14:35,2025-04-18 18:47:37,Closed Lost,85475.74,0
OPP-005382,ACC-000026,PROD-0040,317,New Business,2025-04-01 03:50:22,2025-09-18 04:43:44,Closed Lost,54340.73,0
OPP-005401,ACC-000042,PROD-0063,889,Upsell,2023-07-28 07:29:57,2023-11-13 03:15:40,Closed Lost,66635.11,0
OPP-005407,ACC-000045,PROD-0022,194,Cross-sell,2024-09-07 08:23:24,2025-02-03 18:43:05,Closed Won,68791.64,1
OPP-005409,ACC-000055,PROD-0022,745,New Business,2025-03-29 08:22:04,2025-06-15 23:55:30,Closed Lost,21774.92,0
OPP-005411,ACC-000033,PROD-0076,256,Expansion,2024-07-30 08:46:03,2024-12-22 10:14:25,Closed Won,22699.93,1
OPP-005412,ACC-000014,PROD-0086,676,Renewal,2025-01-28 05:23:32,2025-07-08 13:09:01,Closed Lost,68359.03,0
OPP-005446,ACC-000027,PROD-0083,823,Renewal,2024-10-01 15:24:21,2024-10-24 23:26:16,Closed Won,13375.32,1
OPP-005457,ACC-000036,PROD-0068,476,New Business,2024-12-07 18:56:44,2024-12-28 19:15:45,Closed Lost,87004.15,0
OPP-005458,ACC-000036,PROD-0084,473,Expansion,2024-06-21 18:18:26,2024-11-11 14:28:56,Closed Won,24081.3,1
OPP-005459,ACC-000027,PROD-0018,194,New Business,2023-08-17 22:05:44,2023-12-15 14:01:48,Closed Won,28062.05,1
OPP-005463,ACC-000062,PROD-0067,550,New Business,2024-01-02 23:07:14,2024-05-05 02:02:37,Closed Lost,94531.68,0
OPP-005464,ACC-000020,PROD-0018,866,Renewal,2024-03-10 04:45:11,2024-04-09 01:52:00,Closed Won,20692.01,1
OPP-005470,ACC-000029,PROD-0028,103,Upsell,2025-06-10 21:01:31,2025-07-10 06:24:33,Closed Lost,6167.71,0
OPP-005475,ACC-000023,PROD-0090,815,Renewal,2025-03-02 07:02:12,2025-03-13 04:30:21,Closed Won,57088.94,1
OPP-005481,ACC-000056,PROD-0018,464,Renewal,2024-03-08 09:14:09,2024-04-23 07:46:00,Closed Won,85685.22,1
OPP-005488,ACC-000026,PROD-0048,782,Cross-sell,2024-03-24 19:03:36,2024-04-04 19:47:31,Closed Won,18770.32,1
OPP-005505,ACC-000020,PROD-0029,143,Cross-sell,2025-05-09 20:23:30,2025-09-05 14:59:17,Closed Won,37258.64,1
OPP-005513,ACC-000009,PROD-0008,434,Cross-sell,2024-05-02 17:54:03,2024-05-06 09:34:06,Closed Lost,75720.22,0
OPP-005517,ACC-000018,PROD-0091,713,Renewal,2025-02-26 14:27:32,2025-03-24 21:44:18,Closed Won,60600.75,1
OPP-005520,ACC-000032,PROD-0002,911,New Business,2024-12-07 22:01:54,2025-02-17 02:12:27,Closed Lost,93002.67,0
OPP-005524,ACC-000034,PROD-0077,502,Upsell,2023-09-28 03:08:08,2024-01-24 13:18:22,Closed Won,65403.53,1
OPP-005545,ACC-000030,PROD-0086,569,Expansion,2024-06-27 05:21:35,2024-09-22 18:47:51,Closed Lost,41120.85,0
OPP-005549,ACC-000020,PROD-0010,181,Cross-sell,2023-10-25 15:40:18,2024-02-23 20:28:08,Closed Lost,8326.72,0
OPP-005552,ACC-000056,PROD-0039,10,Upsell,2023-07-05 05:07:51,2023-11-30 23:35:31,Closed Lost,12004.01,0
OPP-005560,ACC-000030,PROD-0006,840,Expansion,2024-07-08 00:12:59,2024-08-27 01:04:13,Closed Lost,78961.01,0
OPP-005561,ACC-000007,PROD-0016,402,Upsell,2025-04-13 14:29:18,2025-10-01 21:57:20,Closed Won,42462.5,1
OPP-005570,ACC-000035,PROD-0067,828,Upsell,2024-07-16 21:34:33,2024-08-09 16:50:03,Closed Lost,32913.65,0
OPP-005571,ACC-000008,PROD-0049,875,New Business,2025-05-13 12:38:51,2025-08-07 05:08:27,Closed Won,53044.95,1
OPP-005581,ACC-000056,PROD-0060,174,Cross-sell,2024-06-14 20:49:10,2024-07-10 21:41:47,Closed Won,40041.17,1
OPP-005585,ACC-000058,PROD-0049,840,Upsell,2024-11-13 14:44:55,2025-03-29 08:06:23,Closed Won,2700.62,1
OPP-005587,ACC-000015,PROD-0083,484,Renewal,2024-08-22 05:35:34,2025-01-28 09:35:38,Closed Lost,3113.26,0
OPP-005592,ACC-000053,PROD-0091,761,Upsell,2025-03-11 11:12:49,2025-06-20 04:14:22,Closed Lost,2599.07,0
OPP-005605,ACC-000044,PROD-0091,553,New Business,2023-12-03 23:37:51,2024-01-16 06:41:18,Closed Lost,25041.46,0
OPP-005612,ACC-000044,PROD-0048,388,Cross-sell,2023-09-03 04:08:14,2023-12-01 14:38:45,Closed Won,78869.04,1
OPP-005616,ACC-000043,PROD-0020,358,Cross-sell,2023-09-22 05:52:36,2023-11-12 12:08:00,Closed Won,2146.76,1
OPP-005634,ACC-000006,PROD-0065,501,Renewal,2025-03-16 07:48:04,2025-08-17 20:21:48,Closed Lost,59513.06,0
OPP-005649,ACC-000007,PROD-0067,821,New Business,2025-04-01 19:07:48,2025-07-18 10:56:14,Closed Lost,32092.98,0
OPP-005658,ACC-000023,PROD-0065,801,New Business,2024-02-25 23:02:02,2024-08-03 09:30:24,Closed Lost,3476.4,0
OPP-005666,ACC-000058,PROD-0019,769,Cross-sell,2023-10-11 09:01:53,2024-02-17 00:21:12,Closed Won,86857.85,1
OPP-005671,ACC-000035,PROD-0012,689,New Business,2023-12-21 15:16:59,2024-01-12 07:20:31,Closed Lost,87102.66,0
OPP-005673,ACC-000047,PROD-0023,656,Upsell,2024-08-30 02:02:30,2025-01-11 16:53:30,Closed Won,99773.11,1
OPP-005675,ACC-000044,PROD-0041,696,Cross-sell,2024-04-09 06:04:52,2024-05-30 05:23:47,Closed Lost,53624.91,0
OPP-005676,ACC-000012,PROD-0084,218,New Business,2025-03-11 02:38:28,2025-07-11 17:04:57,Closed Lost,63455.67,0
OPP-005678,ACC-000053,PROD-0039,762,New Business,2024-01-23 09:13:12,2024-05-10 08:29:47,Closed Won,73698.01,1
OPP-005680,ACC-000020,PROD-0047,429,Expansion,2024-12-18 11:59:36,2025-03-15 08:43:27,Closed Won,68620.76,1
OPP-005684,ACC-000043,PROD-0057,195,Renewal,2024-03-02 22:23:57,2024-08-07 18:42:27,Closed Won,30465.48,1
OPP-005690,ACC-000041,PROD-0038,647,Renewal,2024-08-05 07:05:19,2024-12-25 07:49:38,Closed Won,11221.49,1
OPP-005701,ACC-000010,PROD-0019,532,Expansion,2025-02-27 04:32:53,2025-04-03 09:16:57,Closed Lost,61068.39,0
OPP-005727,ACC-000011,PROD-0009,591,Renewal,2024-07-31 13:28:40,2024-12-25 06:48:04,Closed Lost,20595.75,0
OPP-005738,ACC-000034,PROD-0040,348,Expansion,2025-06-19 13:02:26,2025-06-29 00:53:02,Closed Won,29734.51,1
OPP-005746,ACC-000032,PROD-0043,84,Cross-sell,2024-11-10 12:33:29,2024-11-13 08:20:50,Closed Lost,78114.03,0
OPP-005749,ACC-000005,PROD-0027,898,Expansion,2023-10-19 02:45:15,2024-03-11 01:22:32,Closed Lost,16932.95,0
OPP-005752,ACC-000049,PROD-0017,611,Cross-sell,2024-07-01 13:35:28,2024-07-19 01:33:27,Closed Won,58552.51,1
OPP-005755,ACC-000020,PROD-0030,506,Cross-sell,2024-09-20 16:20:40,2025-01-08 23:25:16,Closed Won,35706.9,1
OPP-005775,ACC-000049,PROD-0019,796,Expansion,2023-09-01 05:24:44,2024-02-21 08:36:02,Closed Won,94741.42,1
OPP-005776,ACC-000058,PROD-0066,960,Cross-sell,2025-01-18 00:05:23,2025-04-09 15:27:23,Closed Lost,77578.57,0
OPP-005794,ACC-000023,PROD-0018,454,Renewal,2024-12-27 17:22:19,2025-06-21 19:12:02,Closed Lost,2071.03,0
OPP-005808,ACC-000042,PROD-0073,859,New Business,2024-01-23 15:21:37,2024-02-22 23:33:04,Closed Lost,85001.95,0
OPP-005817,ACC-000001,PROD-0051,221,Cross-sell,2025-04-15 23:33:52,2025-08-24 13:17:01,Closed Lost,32194.73,0
OPP-005833,ACC-000014,PROD-0048,687,New Business,2025-05-07 12:34:03,2025-09-23 15:29:48,Closed Won,69063.09,1
OPP-005839,ACC-000036,PROD-0074,522,Upsell,2024-10-18 19:37:10,2025-02-24 04:07:16,Closed Lost,73047.25,0
OPP-005845,ACC-000049,PROD-0027,815,Expansion,2024-10-30 21:00:35,2025-02-01 18:39:52,Closed Lost,88173.84,0
OPP-005862,ACC-000030,PROD-0082,718,Cross-sell,2024-06-09 18:19:52,2024-08-30 03:27:05,Closed Lost,86243.45,0
OPP-005865,ACC-000047,PROD-0097,646,Renewal,2024-03-13 12:03:11,2024-05-18 06:06:47,Closed Lost,43883.71,0
OPP-005867,ACC-000056,PROD-0021,143,Upsell,2024-11-25 15:42:36,2025-04-02 15:21:27,Closed Lost,70925.79,0
OPP-005874,ACC-000015,PROD-0003,152,Renewal,2023-10-13 11:40:54,2024-01-26 03:13:59,Closed Lost,77271.73,0
OPP-005875,ACC-000033,PROD-0037,345,Upsell,2023-08-02 19:14:25,2023-11-15 04:45:03,Closed Won,12033.69,1
OPP-005876,ACC-000060,PROD-0041,887,Expansion,2023-10-09 13:10:55,2024-03-18 01:12:10,Closed Won,15336.34,1
OPP-005904,ACC-000028,PROD-0016,159,Renewal,2024-10-20 03:47:18,2025-03-29 04:39:13,Closed Lost,49436.99,0
OPP-005908,ACC-000060,PROD-0025,333,Renewal,2025-02-13 03:30:49,2025-06-01 05:41:30,Closed Won,27097.43,1
OPP-005913,ACC-000053,PROD-0088,622,Expansion,2025-01-04 13:09:46,2025-02-18 03:48:53,Closed Lost,84028.64,0
OPP-005920,ACC-000021,PROD-0016,605,Renewal,2024-08-10 08:59:20,2024-08-16 11:46:27,Closed Won,7511.84,1
OPP-005944,ACC-000040,PROD-0067,871,New Business,2023-06-28 07:49:39,2023-11-20 17:03:31,Closed Lost,33362.27,0
OPP-005947,ACC-000052,PROD-0044,489,Renewal,2023-09-25 22:29:29,2024-02-09 14:02:06,Closed Lost,92631.35,0
OPP-005954,ACC-000042,PROD-0041,137,Cross-sell,2024-06-12 14:25:00,2024-06-16 03:58:37,Closed Lost,65410.34,0
OPP-005959,ACC-000017,PROD-0082,923,Renewal,2024-03-22 14:09:38,2024-03-29 19:50:47,Closed Won,25829.33,1
OPP-005960,ACC-000020,PROD-0092,349,Cross-sell,2024-01-23 02:57:11,2024-06-17 23:29:10,Closed Won,59316.83,1
OPP-005967,ACC-000022,PROD-0073,429,Renewal,2024-05-19 18:22:12,2024-11-06 20:42:59,Closed Won,27153.17,1
OPP-005971,ACC-000060,PROD-0012,386,Upsell,2025-01-07 04:24:36,2025-02-27 07:01:49,Closed Won,50688.83,1
OPP-005972,ACC-000010,PROD-0044,121,New Business,2025-05-26 10:07:59,2025-09-15 12:08:59,Closed Won,48610.46,1
OPP-005982,ACC-000057,PROD-0053,715,New Business,2024-08-25 23:48:00,2024-10-07 03:09:32,Closed Won,4959.82,1
OPP-005989,ACC-000005,PROD-0030,479,Expansion,2023-11-14 09:43:52,2024-03-11 21:37:26,Closed Lost,70571.78,0
OPP-005990,ACC-000030,PROD-0070,751,Upsell,2025-01-26 03:03:49,2025-02-11 02:53:05,Closed Lost,49929.76,0
OPP-006002,ACC-000047,PROD-0038,686,New Business,2024-03-29 02:29:01,2024-06-20 11:30:03,Closed Lost,82358.77,0
OPP-006008,ACC-000035,PROD-0061,719,New Business,2024-10-20 09:23:42,2025-04-03 18:52:48,Closed Won,87875.68,1
OPP-006017,ACC-000037,PROD-0020,712,Cross-sell,2024-01-12 03:37:53,2024-01-15 06:47:16,Closed Won,2251.97,1
OPP-006019,ACC-000054,PROD-0083,835,Upsell,2025-05-11 17:19:08,2025-07-11 17:55:22,Closed Won,68137.29,1
OPP-006030,ACC-000034,PROD-0093,896,Expansion,2023-11-22 22:52:49,2023-12-02 16:00:38,Closed Won,66636.67,1
OPP-006046,ACC-000027,PROD-0060,822,Renewal,2024-07-29 21:20:35,2024-10-07 23:39:54,Closed Lost,80514.54,0
OPP-006052,ACC-000048,PROD-0090,737,Upsell,2024-08-23 09:02:18,2024-11-30 03:53:01,Closed Lost,90381.23,0
OPP-006054,ACC-000062,PROD-0068,848,Renewal,2023-08-17 16:14:55,2024-01-22 11:26:41,Closed Lost,75990.25,0
OPP-006057,ACC-000006,PROD-0041,978,Upsell,2023-12-27 17:13:06,2024-05-31 07:10:12,Closed Won,96183.48,1
OPP-006070,ACC-000044,PROD-0035,256,Cross-sell,2025-04-03 16:31:16,2025-08-04 05:40:20,Closed Lost,79767.4,0
OPP-006075,ACC-000057,PROD-0032,868,New Business,2024-04-09 20:49:26,2024-05-08 05:17:28,Closed Won,65007.08,1
OPP-006076,ACC-000009,PROD-0073,116,Expansion,2024-10-04 21:37:44,2025-02-22 10:20:08,Closed Won,14463.9,1
OPP-006091,ACC-000041,PROD-0084,569,Expansion,2025-02-17 05:57:10,2025-05-12 22:05:56,Closed Won,80267.2,1
OPP-006103,ACC-000023,PROD-0013,222,New Business,2023-11-26 05:19:29,2024-03-28 03:02:11,Closed Lost,52493.78,0
OPP-006106,ACC-000020,PROD-0053,710,Upsell,2024-11-29 16:06:19,2024-12-03 13:44:20,Closed Won,33097.55,1
OPP-006109,ACC-000055,PROD-0058,685,Expansion,2025-03-11 18:44:09,2025-05-11 21:18:27,Closed Lost,23984.52,0
OPP-006113,ACC-000045,PROD-0044,867,Renewal,2024-10-24 12:07:45,2025-04-17 07:45:35,Closed Lost,2405.72,0
OPP-006126,ACC-000014,PROD-0065,996,New Business,2024-07-06 12:52:07,2024-12-04 10:22:19,Closed Won,7609.31,1
OPP-006132,ACC-000040,PROD-0012,11,Cross-sell,2025-03-21 09:54:11,2025-06-16 05:59:01,Closed Lost,17893.23,0
OPP-006134,ACC-000020,PROD-0001,883,Upsell,2025-06-03 04:56:23,2025-07-01 11:28:16,Closed Won,4604.97,1
OPP-006144,ACC-000013,PROD-0043,402,New Business,2025-05-23 07:11:26,2025-10-03 10:56:43,Closed Won,49378.29,1
OPP-006147,ACC-000003,PROD-0061,465,New Business,2025-01-30 23:29:04,2025-06-02 06:28:48,Closed Lost,85768.28,0
OPP-006152,ACC-000038,PROD-0055,818,Expansion,2023-08-23 12:37:47,2023-11-19 22:12:42,Closed Lost,97068.7,0
OPP-006154,ACC-000002,PROD-0044,14,New Business,2025-03-22 13:53:35,2025-09-09 14:11:19,Closed Won,98151.32,1
OPP-006161,ACC-000002,PROD-0025,293,Upsell,2024-12-25 07:35:24,2025-04-14 05:06:33,Closed Won,81626.7,1
OPP-006163,ACC-000044,PROD-0017,425,New Business,2025-02-12 18:06:10,2025-03-06 04:49:37,Closed Lost,28427.12,0
OPP-006166,ACC-000038,PROD-0065,99,New Business,2023-12-01 05:51:17,2024-02-17 18:38:10,Closed Lost,73842.18,0
OPP-006176,ACC-000026,PROD-0081,473,Expansion,2023-06-26 08:15:12,2023-10-30 02:26:52,Closed Won,93302.24,1
OPP-006177,ACC-000061,PROD-0006,476,Upsell,2023-10-07 20:17:24,2024-03-31 15:11:00,Closed Won,38027.11,1
OPP-006185,ACC-000021,PROD-0081,901,Cross-sell,2025-05-31 14:40:36,2025-08-17 16:34:25,Closed Lost,18645.01,0
OPP-006206,ACC-000056,PROD-0019,189,Upsell,2023-11-28 06:00:19,2023-12-05 07:58:55,Closed Lost,92365.05,0
OPP-006219,ACC-000042,PROD-0047,703,Cross-sell,2024-09-19 00:59:52,2025-01-30 19:08:15,Closed Won,33381.74,1
OPP-006231,ACC-000011,PROD-0092,745,Renewal,2024-07-08 22:43:09,2024-10-05 14:29:35,Closed Lost,62296.12,0
OPP-006239,ACC-000022,PROD-0073,222,New Business,2025-01-08 18:50:36,2025-01-20 05:18:01,Closed Won,42592.54,1
OPP-006241,ACC-000057,PROD-0055,156,New Business,2025-04-29 05:22:09,2025-07-22 10:29:01,Closed Lost,70307.02,0
OPP-006259,ACC-000025,PROD-0068,900,Renewal,2024-12-28 01:58:41,2024-12-31 00:15:44,Closed Lost,57938.18,0
OPP-006268,ACC-000058,PROD-0031,435,Cross-sell,2023-12-14 05:22:31,2024-04-12 22:31:52,Closed Lost,89722.48,0
OPP-006270,ACC-000011,PROD-0061,32,Upsell,2024-04-25 03:47:22,2024-10-03 01:35:43,Closed Lost,57410.42,0
OPP-006273,ACC-000060,PROD-0018,134,Renewal,2024-08-25 12:40:30,2025-02-02 18:32:54,Closed Lost,85197.9,0
OPP-006274,ACC-000057,PROD-0059,292,New Business,2024-08-16 00:36:52,2025-01-06 09:13:55,Closed Won,83895.14,1
OPP-006281,ACC-000038,PROD-0073,804,Expansion,2025-03-02 05:13:07,2025-05-03 15:47:09,Closed Won,16342.37,1
OPP-006284,ACC-000042,PROD-0086,131,Renewal,2024-05-10 12:13:52,2024-07-29 10:07:48,Closed Lost,4721.12,0
OPP-006292,ACC-000049,PROD-0065,576,Expansion,2024-03-09 21:53:16,2024-06-06 03:54:39,Closed Lost,70885.6,0
OPP-006294,ACC-000029,PROD-0086,841,Expansion,2023-12-14 01:11:13,2024-01-02 23:19:06,Closed Won,76102.25,1
OPP-006305,ACC-000006,PROD-0043,630,Cross-sell,2023-12-11 15:44:58,2023-12-15 10:43:23,Closed Lost,12288.58,0
OPP-006309,ACC-000031,PROD-0057,161,Renewal,2025-04-21 11:26:49,2025-06-21 02:00:34,Closed Lost,38834.4,0
OPP-006311,ACC-000058,PROD-0096,693,Upsell,2024-12-21 22:10:57,2025-06-09 10:13:42,Closed Lost,83921.39,0
OPP-006313,ACC-000007,PROD-0040,567,Cross-sell,2024-06-18 22:09:42,2024-09-24 20:16:44,Closed Lost,91434.62,0
OPP-006319,ACC-000023,PROD-0003,878,Expansion,2025-01-05 02:44:08,2025-04-21 10:48:54,Closed Won,71350.75,1
OPP-006325,ACC-000054,PROD-0028,648,Cross-sell,2025-06-06 14:31:03,2025-07-11 17:52:09,Closed Lost,67702,0
OPP-006335,ACC-000010,PROD-0001,548,Renewal,2024-06-02 04:45:28,2024-10-13 07:06:03,Closed Won,91822.08,1
OPP-006343,ACC-000043,PROD-0049,498,New Business,2025-01-19 04:05:38,2025-02-09 07:53:35,Closed Won,5574.47,1
OPP-006350,ACC-000016,PROD-0053,282,Upsell,2023-08-08 17:02:45,2024-01-02 08:02:12,Closed Won,60046.45,1
OPP-006351,ACC-000050,PROD-0024,661,Expansion,2024-09-08 08:08:01,2025-01-08 11:22:19,Closed Lost,98890.01,0
OPP-006352,ACC-000026,PROD-0048,909,New Business,2025-06-07 23:19:41,2025-09-22 17:58:16,Closed Lost,7924.97,0
OPP-006371,ACC-000034,PROD-0079,956,Renewal,2025-02-17 20:29:46,2025-05-21 00:52:14,Closed Won,1173.06,1
OPP-006373,ACC-000001,PROD-0020,830,Expansion,2024-11-12 14:55:08,2025-05-10 02:36:15,Closed Won,54737.48,1
OPP-006376,ACC-000062,PROD-0022,607,Expansion,2025-05-09 02:10:57,2025-10-16 09:36:26,Closed Lost,46896.72,0
OPP-006379,ACC-000014,PROD-0074,539,Renewal,2024-10-29 11:02:53,2025-03-23 09:04:17,Closed Won,29668.41,1
OPP-006386,ACC-000022,PROD-0019,791,New Business,2024-04-16 19:10:04,2024-06-08 03:49:22,Closed Lost,36207.51,0
OPP-006388,ACC-000047,PROD-0015,255,Upsell,2025-04-30 19:49:11,2025-10-03 05:25:56,Closed Lost,77255.69,0
OPP-006389,ACC-000022,PROD-0038,735,Cross-sell,2025-05-11 04:17:45,2025-07-31 17:00:53,Closed Lost,81349.4,0
OPP-006393,ACC-000004,PROD-0072,51,Upsell,2025-05-10 17:54:24,2025-07-31 05:52:50,Closed Lost,95073.99,0
OPP-006398,ACC-000043,PROD-0026,969,Upsell,2024-11-07 14:04:57,2025-01-20 06:56:22,Closed Won,23452.1,1
OPP-006408,ACC-000054,PROD-0013,535,Renewal,2023-12-04 10:25:22,2024-02-26 22:27:35,Closed Lost,13613.99,0
OPP-006417,ACC-000021,PROD-0072,31,Cross-sell,2025-06-15 06:59:02,2025-10-06 11:58:36,Closed Won,78671.42,1
OPP-006421,ACC-000042,PROD-0048,309,New Business,2024-08-02 15:44:17,2024-09-06 09:19:09,Closed Won,92101.08,1
OPP-006430,ACC-000038,PROD-0073,831,New Business,2024-11-24 03:35:06,2024-12-19 16:19:36,Closed Lost,18585.22,0
OPP-006437,ACC-000056,PROD-0019,641,Renewal,2024-09-24 13:33:20,2025-01-25 09:04:15,Closed Lost,54716.02,0
OPP-006438,ACC-000013,PROD-0020,15,Expansion,2025-05-22 13:29:26,2025-07-13 02:15:02,Closed Lost,66582.2,0
OPP-006451,ACC-000027,PROD-0019,377,Expansion,2023-10-21 03:18:29,2024-04-17 21:35:19,Closed Lost,47319.23,0
OPP-006459,ACC-000036,PROD-0099,20,Expansion,2024-10-18 12:22:33,2024-12-28 01:20:32,Closed Lost,99163.94,0
OPP-006469,ACC-000047,PROD-0092,399,Upsell,2024-10-22 07:18:57,2025-03-29 00:39:44,Closed Won,7632.59,1
OPP-006483,ACC-000012,PROD-0049,162,Cross-sell,2025-03-06 07:33:33,2025-03-27 09:31:39,Closed Lost,3293.64,0
OPP-006486,ACC-000061,PROD-0062,441,Expansion,2025-06-07 22:12:50,2025-10-02 15:16:59,Closed Lost,28345.02,0
OPP-006495,ACC-000029,PROD-0060,264,New Business,2025-01-30 15:34:46,2025-04-11 19:48:46,Closed Lost,85412.1,0
OPP-006501,ACC-000052,PROD-0059,951,Expansion,2024-11-15 05:56:09,2024-11-20 12:15:45,Closed Won,53422.13,1
OPP-006504,ACC-000002,PROD-0004,184,Upsell,2024-02-25 12:52:22,2024-03-12 08:30:56,Closed Won,78389.6,1
OPP-006512,ACC-000040,PROD-0055,897,Renewal,2024-12-05 14:37:21,2025-01-06 21:25:11,Closed Won,45232.35,1
OPP-006521,ACC-000007,PROD-0032,32,Expansion,2024-01-26 23:27:40,2024-07-11 23:09:34,Closed Lost,1994.95,0
OPP-006527,ACC-000006,PROD-0053,734,Expansion,2024-01-16 15:05:03,2024-05-02 17:52:42,Closed Lost,99983.41,0
OPP-006539,ACC-000049,PROD-0035,414,New Business,2025-03-06 05:08:37,2025-05-17 01:39:26,Closed Lost,62495.54,0
OPP-006541,ACC-000018,PROD-0026,303,New Business,2025-04-24 10:56:06,2025-06-06 14:01:53,Closed Lost,7168.59,0
OPP-006552,ACC-000009,PROD-0050,971,Expansion,2023-11-02 07:01:53,2024-03-08 21:13:11,Closed Won,60174.21,1
OPP-006554,ACC-000052,PROD-0012,188,Cross-sell,2024-08-29 04:35:30,2025-02-03 06:51:34,Closed Won,60374.42,1
OPP-006574,ACC-000051,PROD-0045,754,Upsell,2024-11-13 03:54:18,2024-12-24 03:09:02,Closed Won,59738.39,1
OPP-006577,ACC-000048,PROD-0049,611,Cross-sell,2025-03-31 01:02:09,2025-06-26 16:16:53,Closed Lost,91222.26,0
OPP-006582,ACC-000016,PROD-0040,98,Expansion,2024-02-21 05:31:58,2024-03-14 02:47:40,Closed Lost,7950.91,0
OPP-006597,ACC-000010,PROD-0079,790,Renewal,2023-12-27 05:48:00,2024-03-16 19:38:41,Closed Won,76564.52,1
OPP-006601,ACC-000005,PROD-0068,544,Upsell,2024-03-26 16:43:27,2024-07-08 17:01:29,Closed Won,61481.53,1
OPP-006608,ACC-000058,PROD-0014,363,Cross-sell,2024-11-08 04:28:58,2024-12-15 06:54:32,Closed Won,5341.58,1
OPP-006614,ACC-000050,PROD-0051,72,New Business,2024-10-21 12:08:16,2024-12-22 13:35:40,Closed Won,34940.08,1
OPP-006619,ACC-000020,PROD-0027,934,Upsell,2024-07-16 02:04:03,2024-09-18 22:42:35,Closed Won,2069.42,1
OPP-006622,ACC-000033,PROD-0051,328,Cross-sell,2024-11-14 22:24:12,2025-01-17 08:59:14,Closed Won,13799.49,1
OPP-006623,ACC-000004,PROD-0074,272,Upsell,2025-04-24 17:19:58,2025-06-09 21:33:16,Closed Lost,27985.25,0
OPP-006624,ACC-000003,PROD-0035,878,New Business,2023-11-18 01:12:27,2023-12-01 21:53:08,Closed Won,34366.91,1
OPP-006628,ACC-000028,PROD-0043,899,New Business,2023-09-25 15:29:40,2023-11-07 20:56:50,Closed Lost,88146.92,0
OPP-006633,ACC-000011,PROD-0043,789,Renewal,2025-03-31 19:46:52,2025-09-05 14:39:40,Closed Lost,77239.73,0
OPP-006635,ACC-000016,PROD-0037,312,Expansion,2024-05-06 11:17:00,2024-05-21 23:59:21,Closed Won,76011.19,1
OPP-006636,ACC-000005,PROD-0026,9,Renewal,2023-12-07 04:04:33,2024-05-29 12:11:30,Closed Won,21794.22,1
OPP-006639,ACC-000017,PROD-0060,459,Cross-sell,2024-05-23 05:27:00,2024-10-18 01:36:10,Closed Won,27295.44,1
OPP-006656,ACC-000047,PROD-0078,797,New Business,2023-12-10 23:59:37,2023-12-16 03:06:46,Closed Won,14002.27,1
OPP-006670,ACC-000020,PROD-0090,760,New Business,2023-10-05 06:49:13,2024-04-01 13:10:15,Closed Lost,50484.59,0
OPP-006688,ACC-000049,PROD-0023,257,Expansion,2024-10-13 21:24:39,2024-12-14 16:54:37,Closed Won,99404.53,1
OPP-006695,ACC-000014,PROD-0078,22,Cross-sell,2025-02-05 22:31:33,2025-06-11 10:15:18,Closed Won,38395.09,1
OPP-006699,ACC-000013,PROD-0066,651,Upsell,2025-06-24 05:51:31,2025-10-23 05:50:24,Closed Won,9974.55,1
OPP-006708,ACC-000041,PROD-0004,977,Renewal,2024-05-31 17:16:27,2024-10-20 08:32:22,Closed Won,46841.66,1
OPP-006714,ACC-000003,PROD-0046,714,Upsell,2025-04-30 05:02:03,2025-10-05 22:32:33,Closed Lost,73147.12,0
OPP-006717,ACC-000007,PROD-0013,763,Expansion,2025-05-01 03:33:24,2025-08-14 12:45:36,Closed Won,89394.5,1
OPP-006724,ACC-000003,PROD-0043,331,Cross-sell,2024-10-29 22:33:49,2024-11-08 07:18:47,Closed Lost,30432.79,0
OPP-006736,ACC-000018,PROD-0002,288,Upsell,2024-06-17 21:50:30,2024-07-21 23:40:37,Closed Won,23284.83,1
OPP-006758,ACC-000054,PROD-0050,130,Renewal,2023-07-11 00:07:55,2023-11-17 09:52:07,Closed Won,67397.83,1
OPP-006762,ACC-000044,PROD-0077,223,Renewal,2024-08-06 22:20:07,2024-11-09 15:54:35,Closed Lost,92585.7,0
OPP-006775,ACC-000021,PROD-0079,973,New Business,2024-04-18 00:57:15,2024-08-22 16:49:06,Closed Lost,69974.8,0
OPP-006777,ACC-000017,PROD-0015,917,Cross-sell,2025-02-17 02:37:55,2025-03-30 02:09:16,Closed Lost,1674.7,0
OPP-006778,ACC-000025,PROD-0074,700,New Business,2024-06-12 03:54:16,2024-06-28 07:29:19,Closed Lost,89189.39,0
OPP-006783,ACC-000047,PROD-0013,426,Renewal,2024-05-05 03:44:30,2024-06-17 03:00:21,Closed Lost,24676.41,0
OPP-006792,ACC-000043,PROD-0029,162,New Business,2024-09-23 16:19:45,2025-01-05 03:19:53,Closed Lost,13857.09,0
OPP-006793,ACC-000052,PROD-0058,642,Upsell,2023-09-04 22:19:40,2024-02-19 15:02:09,Closed Lost,52849.27,0
OPP-006801,ACC-000027,PROD-0073,346,New Business,2025-02-04 14:15:50,2025-05-14 13:27:26,Closed Won,90414.04,1
OPP-006810,ACC-000040,PROD-0083,491,Cross-sell,2024-02-17 10:49:38,2024-05-28 03:44:35,Closed Won,26617.62,1
OPP-006824,ACC-000028,PROD-0087,220,New Business,2025-03-20 16:41:32,2025-04-11 12:09:23,Closed Lost,12913.11,0
OPP-006825,ACC-000039,PROD-0027,191,Expansion,2024-08-28 22:18:40,2024-09-20 07:52:35,Closed Won,58927.52,1
OPP-006830,ACC-000038,PROD-0057,152,Expansion,2023-07-08 09:15:31,2023-11-14 21:52:07,Closed Won,48229.27,1
OPP-006860,ACC-000049,PROD-0075,126,Cross-sell,2024-01-07 09:29:13,2024-03-01 23:23:38,Closed Won,42206.01,1
OPP-006864,ACC-000031,PROD-0099,520,Expansion,2023-09-12 05:13:35,2023-12-06 09:47:14,Closed Lost,74030.34,0
OPP-006868,ACC-000036,PROD-0046,537,New Business,2024-03-28 15:12:42,2024-05-16 23:22:33,Closed Won,76342.7,1
OPP-006872,ACC-000017,PROD-0012,861,New Business,2025-04-18 23:55:37,2025-04-26 22:14:41,Closed Lost,86047.9,0
OPP-006890,ACC-000029,PROD-0022,884,Cross-sell,2024-12-29 17:14:06,2025-06-19 12:07:51,Closed Lost,29604.38,0
OPP-006891,ACC-000040,PROD-0009,336,Renewal,2024-06-07 01:34:10,2024-07-30 03:47:02,Closed Lost,94746.83,0
OPP-006898,ACC-000023,PROD-0060,760,New Business,2024-01-10 21:54:13,2024-03-07 19:58:52,Closed Won,76791.46,1
OPP-006904,ACC-000017,PROD-0080,202,Cross-sell,2024-06-20 17:11:20,2024-10-20 12:28:13,Closed Lost,83661.36,0
OPP-006906,ACC-000030,PROD-0083,927,Renewal,2024-08-19 17:01:45,2024-10-18 23:56:34,Closed Won,94880.46,1
OPP-006918,ACC-000002,PROD-0080,95,Cross-sell,2024-04-28 05:10:42,2024-07-30 08:58:40,Closed Lost,24309.04,0
OPP-006923,ACC-000062,PROD-0025,258,New Business,2025-03-28 13:23:27,2025-04-13 12:07:47,Closed Lost,15551.62,0
OPP-006925,ACC-000057,PROD-0015,99,Renewal,2024-05-18 16:14:59,2024-10-14 07:19:17,Closed Won,37052.2,1
OPP-006931,ACC-000011,PROD-0100,75,Expansion,2023-12-21 11:28:01,2023-12-22 16:09:26,Closed Won,53201.82,1
OPP-006933,ACC-000037,PROD-0029,375,Expansion,2025-03-16 01:40:32,2025-05-04 03:09:27,Closed Lost,97746.85,0
OPP-006940,ACC-000055,PROD-0031,177,Renewal,2023-09-22 13:11:00,2023-12-30 06:00:57,Closed Lost,12677.3,0
OPP-006942,ACC-000050,PROD-0060,959,New Business,2024-09-13 09:53:19,2024-10-12 21:00:52,Closed Won,99807.87,1
OPP-006943,ACC-000061,PROD-0057,564,Renewal,2024-10-14 21:23:17,2024-11-03 03:02:27,Closed Won,41768.95,1
OPP-006949,ACC-000019,PROD-0008,254,Upsell,2023-07-30 18:55:42,2023-12-21 11:24:52,Closed Won,62353.21,1
OPP-006963,ACC-000055,PROD-0040,1,Upsell,2023-09-10 23:52:11,2024-02-09 09:25:25,Closed Lost,4140.4,0
OPP-006964,ACC-000010,PROD-0039,230,New Business,2024-04-24 23:05:42,2024-10-09 08:48:00,Closed Lost,40604.93,0
OPP-006973,ACC-000013,PROD-0014,236,Upsell,2024-08-02 19:34:19,2024-12-06 01:15:27,Closed Won,34639.57,1
OPP-006984,ACC-000027,PROD-0031,556,Expansion,2024-06-13 11:15:35,2024-09-06 02:33:46,Closed Lost,29038.99,0
OPP-006996,ACC-000019,PROD-0060,715,Upsell,2024-02-27 09:56:44,2024-07-09 05:23:23,Closed Lost,61414.64,0
OPP-007000,ACC-000062,PROD-0039,627,Expansion,2023-05-27 11:42:14,2023-11-14 14:35:32,Closed Won,10335.36,1
OPP-007007,ACC-000060,PROD-0004,127,Renewal,2025-04-08 00:34:42,2025-06-12 08:03:43,Closed Won,65165,1
OPP-007015,ACC-000033,PROD-0022,493,New Business,2023-12-15 19:40:56,2024-03-26 19:25:12,Closed Won,48782.83,1
OPP-007018,ACC-000022,PROD-0022,195,Upsell,2024-02-04 20:26:29,2024-02-29 17:28:56,Closed Won,9106.97,1
OPP-007022,ACC-000046,PROD-0045,883,Expansion,2023-11-25 20:26:07,2024-04-28 17:52:19,Closed Won,35941.34,1
OPP-007028,ACC-000062,PROD-0029,718,Expansion,2025-06-07 23:28:54,2025-10-20 02:16:03,Closed Lost,21666.48,0
OPP-007034,ACC-000014,PROD-0024,504,New Business,2024-02-22 14:29:49,2024-06-10 23:37:18,Closed Lost,79740.66,0
OPP-007054,ACC-000041,PROD-0001,127,Renewal,2025-01-14 07:36:20,2025-01-15 10:35:46,Closed Lost,65283.6,0
OPP-007083,ACC-000005,PROD-0032,493,Cross-sell,2024-05-17 14:03:09,2024-09-19 06:53:44,Closed Lost,50855.09,0
OPP-007092,ACC-000049,PROD-0032,571,New Business,2024-01-12 00:56:54,2024-03-13 09:04:55,Closed Won,39642.27,1
OPP-007095,ACC-000061,PROD-0018,608,New Business,2024-05-18 05:49:14,2024-11-05 07:57:41,Closed Lost,69802.97,0
OPP-007097,ACC-000061,PROD-0077,530,Renewal,2023-12-13 17:22:21,2024-01-10 17:58:52,Closed Lost,62504.46,0
OPP-007110,ACC-000032,PROD-0016,946,Cross-sell,2024-02-29 15:09:09,2024-05-30 04:17:15,Closed Lost,5710.35,0
OPP-007114,ACC-000028,PROD-0054,496,Expansion,2024-10-25 23:55:43,2025-04-15 02:01:06,Closed Lost,63667.57,0
OPP-007123,ACC-000007,PROD-0085,801,New Business,2024-05-27 22:28:02,2024-10-14 07:25:01,Closed Won,99705.82,1
OPP-007131,ACC-000036,PROD-0045,368,Cross-sell,2025-05-16 04:22:04,2025-09-02 17:04:22,Closed Won,91812.02,1
OPP-007149,ACC-000052,PROD-0030,725,Expansion,2025-03-23 04:40:48,2025-05-20 03:45:30,Closed Won,10012.73,1
OPP-007169,ACC-000015,PROD-0073,395,New Business,2024-01-07 20:19:06,2024-01-27 18:13:51,Closed Lost,88078.33,0
OPP-007170,ACC-000059,PROD-0098,842,Cross-sell,2024-12-26 09:52:41,2025-02-21 20:03:52,Closed Lost,55057.82,0
OPP-007182,ACC-000042,PROD-0050,264,New Business,2024-07-16 07:36:49,2024-07-27 14:42:21,Closed Won,72383.97,1
OPP-007187,ACC-000048,PROD-0028,484,Expansion,2023-11-18 16:26:37,2024-04-11 11:04:12,Closed Won,29136.29,1
OPP-007202,ACC-000057,PROD-0004,62,Cross-sell,2024-02-22 09:36:18,2024-07-05 22:52:02,Closed Lost,14608.59,0
OPP-007209,ACC-000022,PROD-0020,469,Renewal,2025-03-26 10:44:37,2025-04-19 22:48:17,Closed Won,48568.04,1
OPP-007230,ACC-000058,PROD-0076,362,Expansion,2024-05-21 23:11:46,2024-08-16 05:41:22,Closed Won,14003.49,1
OPP-007233,ACC-000010,PROD-0073,484,Upsell,2024-02-12 07:03:58,2024-03-08 05:12:12,Closed Won,80995.17,1
OPP-007236,ACC-000052,PROD-0062,603,Expansion,2024-03-12 20:52:42,2024-03-18 01:48:40,Closed Lost,77207.97,0
OPP-007245,ACC-000041,PROD-0006,168,Upsell,2024-06-19 09:46:33,2024-10-04 13:29:38,Closed Won,19786.98,1
OPP-007249,ACC-000014,PROD-0014,512,Renewal,2024-04-30 13:15:26,2024-05-20 23:22:57,Closed Won,55742.06,1
OPP-007256,ACC-000034,PROD-0047,528,New Business,2024-06-16 08:06:24,2024-11-19 15:42:07,Closed Lost,52846.92,0
OPP-007264,ACC-000036,PROD-0005,270,Upsell,2023-11-22 00:58:05,2024-02-06 15:50:26,Closed Lost,41603.61,0
OPP-007266,ACC-000016,PROD-0079,933,New Business,2023-12-17 09:45:25,2024-02-15 04:43:41,Closed Lost,87872.61,0
OPP-007268,ACC-000019,PROD-0045,728,Renewal,2024-03-26 17:08:06,2024-08-01 00:19:21,Closed Lost,90317.31,0
OPP-007269,ACC-000009,PROD-0065,902,Cross-sell,2025-04-16 03:25:13,2025-08-22 18:09:15,Closed Won,33590.26,1
OPP-007270,ACC-000043,PROD-0005,384,Upsell,2024-02-16 12:23:54,2024-05-13 19:49:20,Closed Won,13401.4,1
OPP-007287,ACC-000054,PROD-0068,701,Upsell,2024-06-29 15:41:27,2024-10-10 14:37:39,Closed Lost,71656.46,0
OPP-007295,ACC-000029,PROD-0057,202,Renewal,2024-07-19 19:47:16,2024-11-07 04:14:47,Closed Lost,24031.23,0
OPP-007303,ACC-000027,PROD-0043,317,New Business,2024-09-25 05:48:01,2025-02-01 02:22:17,Closed Won,61669.82,1
OPP-007305,ACC-000052,PROD-0066,95,Cross-sell,2025-06-02 03:26:40,2025-08-18 15:17:07,Closed Lost,11899.21,0
OPP-007308,ACC-000029,PROD-0057,181,Renewal,2024-03-26 18:04:04,2024-06-29 16:28:52,Closed Lost,28952.9,0
OPP-007321,ACC-000011,PROD-0010,27,Cross-sell,2024-06-16 12:25:54,2024-08-19 10:44:17,Closed Won,59281.2,1
OPP-007335,ACC-000021,PROD-0013,385,Upsell,2024-04-27 00:27:20,2024-05-18 15:28:43,Closed Lost,51276.48,0
OPP-007340,ACC-000012,PROD-0047,566,Renewal,2024-09-21 01:12:01,2024-11-06 00:13:46,Closed Won,86594.88,1
OPP-007344,ACC-000044,PROD-0048,390,Upsell,2024-08-09 16:47:26,2025-01-12 04:34:41,Closed Lost,3295.32,0
OPP-007347,ACC-000062,PROD-0024,787,Renewal,2025-04-26 08:29:31,2025-10-15 09:06:34,Closed Lost,48182.04,0
OPP-007356,ACC-000055,PROD-0008,985,Cross-sell,2024-02-04 03:08:58,2024-03-24 18:29:19,Closed Won,14147.13,1
OPP-007359,ACC-000004,PROD-0086,358,Renewal,2024-09-05 13:19:48,2024-09-20 16:58:59,Closed Lost,94866.5,0
OPP-007363,ACC-000009,PROD-0018,173,New Business,2025-01-24 12:31:37,2025-01-31 05:49:04,Closed Lost,76617.43,0
OPP-007397,ACC-000014,PROD-0026,107,Renewal,2024-10-13 12:55:09,2025-01-01 18:27:52,Closed Won,37356.29,1
OPP-007404,ACC-000050,PROD-0029,443,New Business,2024-08-05 13:14:53,2025-01-30 10:45:43,Closed Lost,11433.29,0
OPP-007406,ACC-000037,PROD-0056,199,Upsell,2024-03-22 05:53:14,2024-07-03 19:15:56,Closed Lost,5077.44,0
OPP-007410,ACC-000036,PROD-0080,161,New Business,2025-01-04 03:59:19,2025-04-07 03:44:37,Closed Won,53746.19,1
OPP-007415,ACC-000032,PROD-0087,103,Upsell,2023-11-13 11:28:27,2024-04-28 04:42:25,Closed Won,67846.31,1
OPP-007417,ACC-000041,PROD-0061,207,Upsell,2024-11-24 19:23:23,2024-12-08 20:21:11,Closed Lost,5959.11,0
OPP-007421,ACC-000023,PROD-0028,913,Upsell,2025-03-17 05:56:58,2025-04-01 00:12:59,Closed Lost,62595.14,0
OPP-007425,ACC-000050,PROD-0096,427,New Business,2023-09-10 02:05:23,2023-11-07 23:55:41,Closed Won,33348.45,1
OPP-007431,ACC-000052,PROD-0061,430,Cross-sell,2024-01-18 22:53:09,2024-05-03 21:58:32,Closed Lost,86498.8,0
OPP-007434,ACC-000001,PROD-0067,163,Renewal,2024-12-25 11:02:55,2025-02-20 18:03:50,Closed Lost,29939.36,0
OPP-007438,ACC-000018,PROD-0081,705,Cross-sell,2024-06-25 01:39:30,2024-09-03 13:37:02,Closed Won,49873.6,1
OPP-007441,ACC-000046,PROD-0050,640,Cross-sell,2025-03-13 08:36:35,2025-04-14 00:18:16,Closed Won,29545.85,1
OPP-007444,ACC-000044,PROD-0045,360,Renewal,2023-10-06 18:29:33,2024-01-27 11:50:42,Closed Lost,47602.46,0
OPP-007455,ACC-000012,PROD-0067,380,Expansion,2024-06-16 03:04:52,2024-12-07 07:12:33,Closed Won,82078.55,1
OPP-007457,ACC-000043,PROD-0078,498,Upsell,2023-06-30 05:05:15,2023-12-26 08:26:27,Closed Lost,45020.99,0
OPP-007459,ACC-000054,PROD-0009,965,Upsell,2024-04-08 07:58:59,2024-04-15 03:41:26,Closed Lost,16164.67,0
OPP-007465,ACC-000029,PROD-0048,256,New Business,2025-04-08 01:48:48,2025-09-04 13:44:27,Closed Lost,83196.87,0
OPP-007468,ACC-000039,PROD-0095,238,Renewal,2023-10-26 10:37:24,2024-04-03 01:00:42,Closed Lost,67051.24,0
OPP-007473,ACC-000025,PROD-0021,883,Cross-sell,2024-04-24 00:41:31,2024-10-19 04:24:32,Closed Lost,51918.27,0
OPP-007478,ACC-000016,PROD-0037,687,Cross-sell,2024-12-01 02:59:16,2025-03-21 14:44:53,Closed Lost,46819.73,0
OPP-007479,ACC-000028,PROD-0034,80,New Business,2025-05-03 09:21:58,2025-08-30 20:10:48,Closed Won,98172.55,1
OPP-007491,ACC-000017,PROD-0090,780,Expansion,2025-04-07 06:49:18,2025-07-24 08:38:58,Closed Won,97662.48,1
OPP-007510,ACC-000048,PROD-0072,815,Upsell,2024-10-25 02:11:11,2025-04-01 15:24:46,Closed Lost,89923.35,0
OPP-007512,ACC-000036,PROD-0049,564,Expansion,2023-10-06 09:37:16,2024-02-02 11:45:13,Closed Lost,17972.72,0
OPP-007516,ACC-000024,PROD-0072,937,New Business,2024-08-17 21:30:49,2024-08-22 09:50:30,Closed Lost,40087.03,0
OPP-007517,ACC-000024,PROD-0041,938,Renewal,2023-11-03 20:16:16,2024-02-06 11:21:42,Closed Won,69841.69,1
OPP-007535,ACC-000052,PROD-0041,544,New Business,2023-05-07 16:33:14,2023-11-02 23:03:49,Closed Lost,7420.01,0
OPP-007545,ACC-000014,PROD-0089,497,Upsell,2024-12-04 08:16:24,2025-05-08 08:45:50,Closed Lost,61697.96,0
OPP-007550,ACC-000038,PROD-0065,586,Expansion,2025-03-16 03:03:54,2025-08-03 21:42:04,Closed Won,92184.17,1
OPP-007552,ACC-000029,PROD-0090,464,New Business,2024-12-11 22:28:08,2024-12-23 23:33:57,Closed Lost,95220.59,0
OPP-007562,ACC-000040,PROD-0037,575,New Business,2025-04-11 19:10:04,2025-05-30 05:25:44,Closed Lost,90760.06,0
OPP-007566,ACC-000032,PROD-0052,25,New Business,2023-07-12 05:00:33,2023-11-17 21:34:02,Closed Won,28879.45,1
OPP-007576,ACC-000012,PROD-0081,665,Cross-sell,2024-06-28 03:32:52,2024-11-18 21:54:53,Closed Won,18337.84,1
OPP-007584,ACC-000008,PROD-0010,793,Renewal,2024-07-10 09:17:10,2024-09-08 04:03:30,Closed Lost,69056.6,0
OPP-007586,ACC-000004,PROD-0030,426,Cross-sell,2023-11-02 03:37:43,2023-12-29 23:37:55,Closed Won,23247.27,1
OPP-007587,ACC-000003,PROD-0029,723,Upsell,2025-03-09 11:18:49,2025-07-15 09:30:53,Closed Won,68235.57,1
OPP-007593,ACC-000040,PROD-0001,212,Cross-sell,2024-06-16 12:32:34,2024-09-30 15:44:20,Closed Lost,55546.78,0
OPP-007613,ACC-000034,PROD-0055,768,Cross-sell,2024-12-17 18:34:13,2025-05-20 18:38:13,Closed Won,13802.28,1
OPP-007628,ACC-000004,PROD-0039,794,Expansion,2023-12-29 08:54:41,2024-03-13 23:18:15,Closed Won,10587.5,1
OPP-007634,ACC-000030,PROD-0039,369,New Business,2025-02-15 02:33:56,2025-06-14 12:11:45,Closed Won,9233.89,1
OPP-007638,ACC-000026,PROD-0077,455,New Business,2025-02-27 20:13:50,2025-05-14 03:13:14,Closed Lost,19170.67,0
OPP-007653,ACC-000044,PROD-0004,392,Renewal,2025-06-23 11:58:05,2025-06-29 13:06:00,Closed Lost,50259.49,0
OPP-007655,ACC-000032,PROD-0029,834,Upsell,2024-01-30 05:10:28,2024-06-25 17:17:49,Closed Won,8523.07,1
OPP-007656,ACC-000008,PROD-0030,930,Expansion,2025-04-16 01:29:46,2025-06-21 08:23:12,Closed Lost,28690.91,0
OPP-007658,ACC-000034,PROD-0035,20,Cross-sell,2025-01-05 01:40:50,2025-07-01 06:42:07,Closed Lost,31195.47,0
OPP-007684,ACC-000008,PROD-0010,550,Upsell,2025-02-21 05:27:14,2025-06-06 01:37:21,Closed Lost,34130.34,0
OPP-007687,ACC-000041,PROD-0031,456,Upsell,2024-07-19 20:12:04,2024-11-08 04:41:07,Closed Won,24717.04,1
OPP-007700,ACC-000057,PROD-0052,221,Renewal,2024-05-23 22:51:14,2024-07-17 05:37:01,Closed Lost,17272.01,0
OPP-007703,ACC-000026,PROD-0095,898,Expansion,2023-10-19 18:56:58,2023-12-17 05:35:36,Closed Won,98719.31,1
OPP-007712,ACC-000009,PROD-0082,703,Upsell,2024-10-26 00:41:42,2025-03-02 20:02:25,Closed Won,10923.2,1
OPP-007719,ACC-000019,PROD-0067,943,Upsell,2024-04-20 01:15:41,2024-06-22 09:10:49,Closed Lost,84004.6,0
OPP-007720,ACC-000051,PROD-0061,545,Cross-sell,2025-01-17 06:03:37,2025-03-10 14:48:04,Closed Won,93913.15,1
OPP-007738,ACC-000035,PROD-0099,371,New Business,2025-04-22 01:57:49,2025-08-19 14:18:02,Closed Lost,35576.08,0
OPP-007754,ACC-000041,PROD-0026,1000,Renewal,2025-03-12 23:52:47,2025-07-11 23:43:55,Closed Won,46794.6,1
OPP-007761,ACC-000034,PROD-0001,51,Cross-sell,2023-08-24 17:35:21,2024-02-08 20:08:14,Closed Lost,24572.35,0
OPP-007763,ACC-000029,PROD-0086,642,Upsell,2023-12-16 09:37:18,2024-02-17 00:30:26,Closed Won,71043.47,1
OPP-007772,ACC-000050,PROD-0013,968,Expansion,2025-01-31 03:02:09,2025-07-17 15:13:49,Closed Lost,51741.25,0
OPP-007790,ACC-000043,PROD-0018,737,Renewal,2025-01-06 14:13:42,2025-06-16 08:15:19,Closed Won,1957.28,1
OPP-007791,ACC-000024,PROD-0009,753,New Business,2024-05-21 11:51:19,2024-08-11 06:24:52,Closed Lost,78328.98,0
OPP-007799,ACC-000056,PROD-0054,42,Cross-sell,2024-11-03 22:37:47,2025-01-13 21:41:18,Closed Lost,62323.92,0
OPP-007801,ACC-000058,PROD-0010,827,New Business,2025-04-22 14:56:09,2025-08-28 05:22:28,Closed Lost,85502.65,0
OPP-007810,ACC-000058,PROD-0057,556,Renewal,2025-05-15 02:48:20,2025-09-07 22:07:30,Closed Won,49452.55,1
OPP-007813,ACC-000026,PROD-0002,439,New Business,2024-01-30 16:19:00,2024-03-12 17:52:59,Closed Won,60076.92,1
OPP-007814,ACC-000019,PROD-0034,900,New Business,2024-12-04 19:25:40,2025-02-04 14:36:23,Closed Lost,21795.1,0
OPP-007817,ACC-000019,PROD-0041,392,Upsell,2024-10-23 14:48:44,2025-03-17 16:59:06,Closed Lost,60980.21,0
OPP-007818,ACC-000047,PROD-0026,730,Renewal,2023-08-27 00:08:13,2024-01-27 03:21:30,Closed Lost,87535.11,0
OPP-007819,ACC-000043,PROD-0014,950,Upsell,2023-12-18 21:07:00,2024-05-06 07:11:34,Closed Lost,20748.48,0
OPP-007823,ACC-000018,PROD-0081,301,Renewal,2023-12-20 17:50:48,2023-12-28 01:46:17,Closed Lost,88728.15,0
OPP-007825,ACC-000046,PROD-0046,421,Cross-sell,2024-07-30 18:39:19,2024-08-29 22:03:14,Closed Lost,21948.95,0
OPP-007849,ACC-000031,PROD-0084,873,Expansion,2023-09-14 21:15:39,2023-12-10 12:33:03,Closed Won,15486.73,1
OPP-007852,ACC-000009,PROD-0077,228,Renewal,2025-01-17 06:24:04,2025-05-09 23:13:52,Closed Won,46447.57,1
OPP-007857,ACC-000041,PROD-0021,535,Cross-sell,2024-10-03 01:32:58,2024-12-13 08:25:42,Closed Lost,66077.6,0
OPP-007865,ACC-000053,PROD-0015,674,New Business,2025-03-26 22:57:42,2025-06-15 13:21:15,Closed Lost,13516.69,0
OPP-007881,ACC-000056,PROD-0072,458,Upsell,2025-01-02 22:28:02,2025-01-28 06:19:12,Closed Won,64278.46,1
OPP-007883,ACC-000004,PROD-0092,685,Upsell,2023-10-11 17:30:08,2023-11-29 07:01:25,Closed Lost,44789.3,0
OPP-007884,ACC-000057,PROD-0072,641,Upsell,2024-10-16 17:49:06,2025-04-12 07:18:13,Closed Lost,6503.25,0
OPP-007887,ACC-000048,PROD-0082,190,New Business,2023-12-23 22:59:16,2024-05-02 06:19:08,Closed Won,76344.39,1
OPP-007900,ACC-000013,PROD-0050,168,Upsell,2024-03-07 07:52:33,2024-08-26 11:41:23,Closed Lost,30279.92,0
OPP-007909,ACC-000023,PROD-0076,709,Renewal,2023-11-07 01:55:27,2024-03-25 05:12:14,Closed Lost,23231.93,0
OPP-007910,ACC-000020,PROD-0024,656,Cross-sell,2025-06-12 11:18:30,2025-09-12 17:00:57,Closed Lost,38020.84,0
OPP-007911,ACC-000040,PROD-0069,240,Cross-sell,2024-08-25 13:19:59,2024-09-15 04:00:20,Closed Lost,90144.98,0
OPP-007919,ACC-000006,PROD-0076,759,Cross-sell,2023-09-06 10:29:01,2024-02-22 18:26:13,Closed Won,1887.05,1
OPP-007923,ACC-000030,PROD-0066,532,New Business,2025-05-03 06:59:59,2025-07-25 07:20:01,Closed Won,51486.93,1
OPP-007931,ACC-000061,PROD-0009,421,New Business,2025-04-22 16:12:25,2025-09-30 19:39:36,Closed Won,49973.1,1
OPP-007932,ACC-000017,PROD-0016,537,Upsell,2025-04-24 02:47:22,2025-06-29 11:38:52,Closed Won,27977,1
OPP-007948,ACC-000029,PROD-0074,102,Expansion,2024-09-17 13:20:36,2024-12-20 04:49:07,Closed Lost,74548.12,0
OPP-007953,ACC-000062,PROD-0072,835,Cross-sell,2024-09-30 10:37:39,2025-01-23 22:10:03,Closed Lost,2505.63,0
OPP-007962,ACC-000033,PROD-0036,649,New Business,2024-05-10 10:48:22,2024-09-14 13:15:05,Closed Lost,32267.11,0
OPP-007967,ACC-000028,PROD-0015,158,Renewal,2024-07-24 23:43:06,2024-11-17 04:22:25,Closed Won,37804.96,1
OPP-007976,ACC-000042,PROD-0090,335,Upsell,2025-04-22 11:33:29,2025-08-03 11:08:16,Closed Won,90362.5,1
OPP-007977,ACC-000026,PROD-0042,308,Upsell,2023-12-16 07:17:28,2024-03-24 23:48:17,Closed Won,12882.83,1
OPP-007985,ACC-000058,PROD-0036,440,New Business,2024-08-12 18:33:42,2025-02-01 02:46:11,Closed Won,87512.13,1
OPP-007991,ACC-000057,PROD-0047,344,Cross-sell,2025-03-25 22:59:15,2025-07-24 11:19:13,Closed Won,32110.31,1
OPP-008005,ACC-000006,PROD-0079,505,Expansion,2024-01-26 05:23:28,2024-06-21 12:48:36,Closed Lost,2769.27,0
OPP-008013,ACC-000039,PROD-0050,28,Upsell,2025-01-21 14:05:11,2025-05-01 08:47:30,Closed Lost,42378.45,0
OPP-008014,ACC-000061,PROD-0005,224,Expansion,2024-09-13 05:07:34,2024-10-17 00:02:07,Closed Won,73918.95,1
OPP-008016,ACC-000027,PROD-0061,681,Expansion,2024-01-14 03:22:56,2024-07-08 09:31:46,Closed Lost,58078.09,0
OPP-008018,ACC-000019,PROD-0020,90,New Business,2025-04-12 03:21:36,2025-07-26 23:08:56,Closed Won,52017.3,1
OPP-008037,ACC-000035,PROD-0039,907,Expansion,2024-07-15 05:29:53,2024-11-30 09:11:53,Closed Lost,54870.37,0
OPP-008039,ACC-000015,PROD-0099,554,Renewal,2025-01-30 20:04:21,2025-02-24 03:02:10,Closed Won,50303.59,1
OPP-008040,ACC-000021,PROD-0058,597,Renewal,2023-05-19 22:21:01,2023-11-09 12:49:48,Closed Won,39173.11,1
OPP-008050,ACC-000034,PROD-0042,201,Renewal,2024-11-27 23:38:24,2024-12-14 08:07:09,Closed Won,96855.69,1
OPP-008051,ACC-000036,PROD-0061,735,Renewal,2024-08-27 18:24:23,2025-01-29 19:32:48,Closed Lost,60686.39,0
OPP-008056,ACC-000060,PROD-0047,650,Cross-sell,2023-08-25 06:18:08,2023-10-30 09:05:12,Closed Won,26843.25,1
OPP-008064,ACC-000029,PROD-0060,214,Expansion,2024-06-01 05:54:02,2024-08-02 09:01:16,Closed Lost,64304.42,0
OPP-008070,ACC-000050,PROD-0016,579,Renewal,2024-11-13 07:33:14,2025-02-23 12:58:23,Closed Won,64699.64,1
OPP-008074,ACC-000028,PROD-0086,129,New Business,2024-04-20 14:27:27,2024-10-01 06:07:10,Closed Lost,49915.31,0
OPP-008079,ACC-000062,PROD-0025,920,New Business,2024-02-28 00:36:38,2024-03-01 13:45:22,Closed Lost,23881.04,0
OPP-008082,ACC-000031,PROD-0092,103,Cross-sell,2023-12-26 10:11:39,2024-03-09 11:27:19,Closed Won,65074.93,1
OPP-008099,ACC-000009,PROD-0078,217,Renewal,2024-07-26 03:41:45,2024-12-19 16:22:02,Closed Lost,92197.81,0
OPP-008109,ACC-000021,PROD-0038,737,Expansion,2024-06-01 07:32:39,2024-07-23 09:33:25,Closed Lost,16945.05,0
OPP-008113,ACC-000018,PROD-0052,90,Upsell,2023-12-22 15:03:35,2024-02-07 04:54:52,Closed Won,2055.05,1
OPP-008114,ACC-000053,PROD-0027,897,Expansion,2024-03-15 05:27:12,2024-05-22 22:31:50,Closed Won,37562.68,1
OPP-008115,ACC-000004,PROD-0014,61,New Business,2023-07-20 19:14:45,2023-11-01 19:22:26,Closed Lost,68564.51,0
OPP-008121,ACC-000006,PROD-0041,292,Expansion,2025-03-18 21:33:00,2025-05-15 14:54:31,Closed Lost,89053,0
OPP-008128,ACC-000044,PROD-0068,267,Renewal,2024-01-13 06:53:53,2024-03-23 15:14:04,Closed Lost,10364.66,0
OPP-008129,ACC-000021,PROD-0035,446,Cross-sell,2023-10-20 17:38:44,2024-01-23 03:04:37,Closed Lost,51816.91,0
OPP-008133,ACC-000042,PROD-0027,701,Cross-sell,2025-03-27 23:52:54,2025-09-19 03:21:29,Closed Lost,52904.4,0
OPP-008134,ACC-000044,PROD-0001,711,New Business,2024-09-13 08:43:07,2025-02-09 16:55:16,Closed Won,79212.07,1
OPP-008142,ACC-000031,PROD-0093,225,New Business,2024-04-19 19:09:41,2024-05-12 20:16:43,Closed Lost,52216.94,0
OPP-008148,ACC-000061,PROD-0077,656,Renewal,2025-03-29 23:27:51,2025-07-02 21:51:00,Closed Won,51159.18,1
OPP-008183,ACC-000022,PROD-0024,764,Cross-sell,2024-12-21 02:32:14,2024-12-30 23:10:53,Closed Won,58359.87,1
OPP-008186,ACC-000025,PROD-0065,901,New Business,2023-12-04 22:17:17,2024-05-23 22:58:56,Closed Lost,8157.52,0
OPP-008188,ACC-000060,PROD-0066,350,Cross-sell,2023-10-09 05:44:44,2023-11-19 06:42:39,Closed Won,29006.48,1
OPP-008208,ACC-000027,PROD-0061,867,New Business,2024-09-30 12:45:40,2025-01-16 21:26:05,Closed Lost,4470.1,0
OPP-008217,ACC-000027,PROD-0024,679,New Business,2023-10-08 18:01:41,2023-12-25 13:18:50,Closed Won,55167.32,1
OPP-008219,ACC-000005,PROD-0090,968,New Business,2024-07-17 16:01:01,2024-09-01 04:47:34,Closed Lost,4442.56,0
OPP-008226,ACC-000025,PROD-0012,251,New Business,2024-08-10 18:24:54,2024-09-29 01:27:30,Closed Lost,72128.03,0
OPP-008228,ACC-000052,PROD-0081,986,Renewal,2025-01-31 23:34:52,2025-02-05 20:55:12,Closed Won,92605.87,1
OPP-008232,ACC-000018,PROD-0081,364,Expansion,2023-08-16 14:58:43,2023-11-02 21:30:04,Closed Lost,57882.96,0
OPP-008239,ACC-000048,PROD-0099,415,Renewal,2024-03-05 15:49:28,2024-08-03 15:31:24,Closed Lost,11712.82,0
OPP-008249,ACC-000020,PROD-0085,33,Cross-sell,2024-04-11 12:11:14,2024-06-29 07:49:19,Closed Lost,57919.02,0
OPP-008253,ACC-000019,PROD-0023,740,Renewal,2025-03-21 08:33:09,2025-05-13 18:50:14,Closed Lost,82889.19,0
OPP-008254,ACC-000032,PROD-0064,160,Upsell,2025-02-26 14:48:37,2025-03-16 02:33:01,Closed Lost,58433.64,0
OPP-008257,ACC-000034,PROD-0098,987,New Business,2024-07-24 08:02:52,2024-12-08 22:32:42,Closed Won,14369.83,1
OPP-008274,ACC-000015,PROD-0038,358,Renewal,2024-01-25 11:32:51,2024-07-11 08:11:24,Closed Won,33132.95,1
OPP-008279,ACC-000004,PROD-0030,977,Expansion,2024-08-26 12:47:51,2024-09-01 01:59:53,Closed Lost,64685.35,0
OPP-008286,ACC-000055,PROD-0091,762,Renewal,2024-04-12 17:04:19,2024-08-03 14:21:50,Closed Won,42100.67,1
OPP-008295,ACC-000037,PROD-0059,944,Upsell,2024-06-24 10:58:28,2024-10-06 23:53:05,Closed Lost,40880.11,0
OPP-008307,ACC-000013,PROD-0016,995,New Business,2023-12-13 06:38:15,2023-12-19 02:38:31,Closed Won,88100.92,1
OPP-008325,ACC-000019,PROD-0072,763,Upsell,2024-01-06 09:38:23,2024-02-24 22:34:47,Closed Lost,59325.56,0
OPP-008331,ACC-000008,PROD-0032,505,Renewal,2024-07-25 18:19:51,2025-01-05 19:23:00,Closed Won,71051.46,1
OPP-008332,ACC-000005,PROD-0099,899,Renewal,2023-11-25 19:34:10,2024-04-22 12:08:11,Closed Won,80788.42,1
OPP-008339,ACC-000013,PROD-0053,574,Expansion,2024-08-21 21:59:05,2024-10-27 12:33:57,Closed Lost,52056.79,0
OPP-008350,ACC-000056,PROD-0097,750,Expansion,2024-06-05 01:36:26,2024-07-16 16:39:45,Closed Lost,89225,0
OPP-008360,ACC-000042,PROD-0047,947,Expansion,2024-07-03 18:14:59,2024-10-06 13:10:32,Closed Lost,7684.49,0
OPP-008361,ACC-000003,PROD-0072,903,Cross-sell,2023-09-05 17:06:39,2023-12-23 10:41:59,Closed Won,73532.65,1
OPP-008368,ACC-000028,PROD-0018,349,Renewal,2024-06-18 19:51:57,2024-07-04 21:03:45,Closed Lost,38227.09,0
OPP-008387,ACC-000004,PROD-0084,759,Renewal,2023-09-21 11:49:40,2023-12-26 02:18:48,Closed Lost,14722.68,0
OPP-008411,ACC-000035,PROD-0049,996,Cross-sell,2023-09-19 09:56:56,2024-01-31 10:23:29,Closed Won,46091.95,1
OPP-008413,ACC-000047,PROD-0077,462,Expansion,2024-11-26 16:47:38,2025-03-26 22:14:25,Closed Won,35252.49,1
OPP-008416,ACC-000048,PROD-0081,666,Upsell,2023-09-13 09:36:38,2024-01-09 18:52:03,Closed Won,12212.98,1
OPP-008420,ACC-000008,PROD-0038,91,New Business,2025-06-21 21:53:16,2025-08-26 00:37:29,Closed Lost,83918.07,0
OPP-008424,ACC-000042,PROD-0014,300,Upsell,2025-02-11 17:21:41,2025-03-11 00:05:16,Closed Lost,37037.87,0
OPP-008427,ACC-000044,PROD-0066,88,Renewal,2024-07-13 09:53:48,2024-12-22 11:13:05,Closed Lost,55401.09,0
OPP-008446,ACC-000034,PROD-0041,120,Cross-sell,2024-01-08 00:35:51,2024-02-08 09:43:17,Closed Won,25667.47,1
OPP-008449,ACC-000016,PROD-0091,757,New Business,2024-03-13 02:20:06,2024-06-30 16:11:28,Closed Won,9131.32,1
OPP-008455,ACC-000029,PROD-0091,846,Upsell,2025-06-08 23:35:02,2025-07-17 09:21:16,Closed Lost,76894.26,0
OPP-008458,ACC-000051,PROD-0088,469,New Business,2024-12-24 13:40:18,2025-06-20 13:37:10,Closed Won,92125.46,1
OPP-008459,ACC-000007,PROD-0018,869,Cross-sell,2025-03-08 02:35:15,2025-05-30 20:39:48,Closed Won,86037.37,1
OPP-008463,ACC-000022,PROD-0081,531,Cross-sell,2024-02-23 16:48:40,2024-07-22 15:14:17,Closed Won,8910.61,1
OPP-008467,ACC-000016,PROD-0045,393,Expansion,2024-03-21 06:17:11,2024-07-28 07:09:43,Closed Won,9497.77,1
OPP-008472,ACC-000022,PROD-0061,203,Expansion,2024-08-06 14:38:11,2024-09-18 15:19:36,Closed Lost,37524.84,0
OPP-008476,ACC-000047,PROD-0025,887,Upsell,2023-11-21 04:29:17,2023-12-12 01:20:37,Closed Won,90160.34,1
OPP-008479,ACC-000052,PROD-0059,817,Cross-sell,2023-09-17 23:08:52,2024-01-11 00:14:37,Closed Won,42671.77,1
OPP-008481,ACC-000003,PROD-0051,521,Expansion,2024-09-30 14:18:17,2024-12-14 22:57:53,Closed Lost,94691.09,0
OPP-008483,ACC-000009,PROD-0018,400,Renewal,2024-10-09 19:10:48,2025-03-25 12:18:47,Closed Lost,69558.36,0
OPP-008485,ACC-000036,PROD-0060,848,Expansion,2024-01-24 01:22:58,2024-03-18 21:24:11,Closed Won,20840.26,1
OPP-008504,ACC-000051,PROD-0016,155,New Business,2025-03-18 05:42:20,2025-03-19 06:51:21,Closed Lost,6305.98,0
OPP-008522,ACC-000020,PROD-0078,368,Renewal,2024-10-12 19:32:37,2024-12-27 16:14:34,Closed Won,65242.23,1
OPP-008523,ACC-000044,PROD-0081,173,Expansion,2024-06-29 16:26:08,2024-09-30 19:39:47,Closed Lost,42564.8,0
OPP-008525,ACC-000019,PROD-0070,85,Cross-sell,2025-01-21 08:50:44,2025-05-03 17:28:30,Closed Won,1184.6,1
OPP-008528,ACC-000004,PROD-0047,39,Cross-sell,2025-03-31 17:00:11,2025-07-28 06:16:58,Closed Won,59136.97,1
OPP-008536,ACC-000024,PROD-0086,745,New Business,2025-01-23 06:34:46,2025-04-19 04:16:50,Closed Lost,73929.64,0
OPP-008537,ACC-000016,PROD-0038,43,Upsell,2023-11-16 06:09:23,2024-02-11 00:22:47,Closed Won,85232.89,1
OPP-008542,ACC-000007,PROD-0089,690,Upsell,2024-05-28 06:05:04,2024-06-21 14:26:33,Closed Won,52292.31,1
OPP-008543,ACC-000047,PROD-0066,404,New Business,2023-11-12 05:56:16,2024-05-05 23:07:59,Closed Lost,27592.28,0
OPP-008545,ACC-000018,PROD-0083,373,Expansion,2024-04-06 13:29:07,2024-06-14 04:07:26,Closed Won,73406.33,1
OPP-008557,ACC-000047,PROD-0089,655,Upsell,2023-11-15 04:21:45,2024-05-04 08:11:32,Closed Lost,34966.65,0
OPP-008603,ACC-000045,PROD-0051,346,Upsell,2023-10-24 02:41:56,2024-03-29 21:35:55,Closed Won,20640.19,1
OPP-008608,ACC-000052,PROD-0045,230,Cross-sell,2025-04-17 18:20:58,2025-09-04 06:37:01,Closed Lost,94611.67,0
OPP-008611,ACC-000036,PROD-0017,65,Expansion,2024-08-15 05:06:41,2024-09-19 13:33:39,Closed Won,55259.66,1
OPP-008612,ACC-000017,PROD-0074,569,New Business,2025-03-12 11:43:37,2025-08-25 17:24:33,Closed Won,13066.66,1
OPP-008625,ACC-000044,PROD-0082,453,New Business,2023-10-21 18:37:53,2023-12-15 15:46:24,Closed Lost,48815.84,0
OPP-008628,ACC-000040,PROD-0028,771,New Business,2024-04-11 05:49:18,2024-08-09 11:17:12,Closed Won,37467.32,1
OPP-008656,ACC-000021,PROD-0007,672,Renewal,2024-08-03 23:13:05,2024-09-25 17:49:53,Closed Won,97528.85,1
OPP-008661,ACC-000003,PROD-0089,261,New Business,2024-01-29 21:20:07,2024-03-09 11:16:01,Closed Lost,12335.84,0
OPP-008662,ACC-000044,PROD-0043,147,Renewal,2024-06-02 10:56:55,2024-09-09 14:35:24,Closed Lost,93068.78,0
OPP-008665,ACC-000030,PROD-0057,994,Cross-sell,2024-08-31 17:30:38,2025-02-12 06:05:34,Closed Lost,51175.79,0
OPP-008666,ACC-000055,PROD-0041,826,Expansion,2025-01-20 03:24:08,2025-01-21 18:25:44,Closed Lost,38062.38,0
OPP-008669,ACC-000045,PROD-0008,748,Upsell,2023-11-16 08:53:51,2024-01-24 11:12:25,Closed Won,25387.17,1
OPP-008689,ACC-000044,PROD-0006,442,Upsell,2024-02-26 23:59:59,2024-03-02 21:42:24,Closed Won,19750.97,1
OPP-008690,ACC-000028,PROD-0065,792,Expansion,2024-10-01 15:13:05,2024-11-04 12:22:48,Closed Lost,10359.75,0
OPP-008694,ACC-000001,PROD-0088,459,Expansion,2024-03-15 14:03:55,2024-05-28 07:29:58,Closed Lost,8359.96,0
OPP-008700,ACC-000007,PROD-0037,161,Expansion,2025-01-19 06:50:44,2025-06-01 12:01:32,Closed Won,63120.09,1
OPP-008705,ACC-000025,PROD-0024,333,New Business,2024-09-01 15:08:05,2025-01-27 09:34:10,Closed Lost,40085.96,0
OPP-008727,ACC-000016,PROD-0002,677,Renewal,2023-12-14 13:05:08,2024-02-24 03:38:45,Closed Lost,76177.59,0
OPP-008736,ACC-000046,PROD-0012,647,Cross-sell,2025-01-10 14:53:14,2025-02-13 17:21:23,Closed Won,50844.82,1
OPP-008738,ACC-000024,PROD-0099,692,Renewal,2025-01-15 06:30:08,2025-05-09 21:50:20,Closed Won,52993.31,1
OPP-008742,ACC-000012,PROD-0072,309,Renewal,2023-11-29 00:49:23,2024-01-09 22:34:58,Closed Lost,11440.87,0
OPP-008761,ACC-000024,PROD-0067,61,Upsell,2024-10-12 00:30:22,2024-11-22 22:32:30,Closed Won,71616.89,1
OPP-008775,ACC-000044,PROD-0079,30,Cross-sell,2023-12-27 03:59:33,2024-02-28 21:14:22,Closed Won,4996.98,1
OPP-008781,ACC-000019,PROD-0084,721,Cross-sell,2025-04-28 15:41:33,2025-05-06 05:26:38,Closed Lost,47255.42,0
OPP-008783,ACC-000046,PROD-0039,192,Expansion,2024-06-21 23:39:04,2024-07-13 07:10:58,Closed Won,92546.03,1
OPP-008787,ACC-000019,PROD-0004,523,Upsell,2025-04-28 06:20:26,2025-04-30 19:08:57,Closed Won,71054.1,1
OPP-008801,ACC-000006,PROD-0091,193,Expansion,2024-09-08 20:00:19,2024-09-14 01:22:02,Closed Won,72881.06,1
OPP-008803,ACC-000056,PROD-0067,722,New Business,2024-12-06 15:41:12,2025-04-06 09:18:30,Closed Lost,61000.31,0
OPP-008805,ACC-000017,PROD-0009,477,Cross-sell,2023-12-10 07:16:04,2024-04-24 03:51:54,Closed Won,94570.29,1
OPP-008807,ACC-000044,PROD-0087,323,New Business,2024-08-07 01:42:04,2024-10-24 14:43:48,Closed Won,95976.96,1
OPP-008816,ACC-000006,PROD-0017,681,Renewal,2023-07-18 04:46:47,2023-11-27 23:04:44,Closed Won,31249.39,1
OPP-008824,ACC-000037,PROD-0006,532,Cross-sell,2025-04-28 00:25:47,2025-08-05 11:02:17,Closed Won,91767.91,1
OPP-008847,ACC-000011,PROD-0008,677,New Business,2024-11-11 05:49:13,2025-04-09 22:48:52,Closed Lost,97902.66,0
OPP-008865,ACC-000041,PROD-0031,482,Expansion,2024-07-27 11:24:56,2024-09-13 23:57:06,Closed Lost,53838.83,0
OPP-008869,ACC-000022,PROD-0095,874,Expansion,2025-02-01 06:31:54,2025-07-02 21:07:45,Closed Lost,95207.83,0
OPP-008875,ACC-000043,PROD-0011,409,New Business,2024-05-30 10:58:59,2024-08-15 23:22:35,Closed Lost,79288.69,0
OPP-008879,ACC-000028,PROD-0020,5,Renewal,2023-07-02 06:34:15,2023-11-10 01:42:44,Closed Won,52368.5,1
OPP-008890,ACC-000028,PROD-0068,356,Expansion,2025-06-20 10:50:18,2025-07-17 09:06:57,Closed Lost,84425.77,0
OPP-008894,ACC-000060,PROD-0096,846,Expansion,2025-04-23 14:23:21,2025-06-18 14:10:17,Closed Won,32775.51,1
OPP-008897,ACC-000050,PROD-0099,805,Renewal,2024-08-06 03:58:28,2025-01-23 14:58:32,Closed Won,49365.73,1
OPP-008904,ACC-000029,PROD-0082,55,Expansion,2024-08-21 18:55:37,2024-12-14 15:53:02,Closed Lost,40980.65,0
OPP-008907,ACC-000021,PROD-0066,841,Cross-sell,2024-01-29 21:05:09,2024-03-05 11:22:18,Closed Won,98290.53,1
OPP-008917,ACC-000056,PROD-0092,905,Upsell,2024-09-08 06:33:24,2024-11-25 14:12:48,Closed Won,99764.58,1
OPP-008930,ACC-000013,PROD-0044,125,Upsell,2024-04-09 14:17:29,2024-05-15 12:34:21,Closed Lost,6730.31,0
OPP-008935,ACC-000020,PROD-0079,776,Upsell,2024-12-25 09:04:50,2025-03-29 17:04:53,Closed Won,45974.14,1
OPP-008943,ACC-000006,PROD-0053,493,Upsell,2025-01-14 12:10:14,2025-02-05 04:10:22,Closed Won,86645.37,1
OPP-008944,ACC-000052,PROD-0070,665,Upsell,2023-06-20 19:18:12,2023-11-25 08:36:09,Closed Won,6416.56,1
OPP-008947,ACC-000055,PROD-0018,130,New Business,2024-05-29 08:06:32,2024-10-19 14:36:05,Closed Won,65736.05,1
OPP-008950,ACC-000048,PROD-0087,217,New Business,2025-02-27 08:48:35,2025-05-17 21:47:35,Closed Won,32833.79,1
OPP-008972,ACC-000001,PROD-0003,844,Upsell,2024-01-22 06:54:42,2024-06-28 00:23:13,Closed Lost,3856.19,0
OPP-008979,ACC-000060,PROD-0051,783,Expansion,2024-07-08 15:53:17,2024-09-12 17:23:49,Closed Won,89701.53,1
OPP-008984,ACC-000061,PROD-0042,363,Renewal,2024-10-30 19:05:41,2024-12-05 12:32:50,Closed Lost,55924.66,0
OPP-008986,ACC-000037,PROD-0022,952,Upsell,2023-10-02 13:22:30,2024-02-28 01:25:04,Closed Lost,62351.25,0
OPP-008994,ACC-000025,PROD-0089,778,Expansion,2024-01-01 08:13:41,2024-02-21 09:50:00,Closed Lost,41261.19,0
OPP-008996,ACC-000009,PROD-0079,988,Expansion,2023-09-06 10:27:13,2024-02-12 06:32:23,Closed Lost,58578.54,0
OPP-008997,ACC-000045,PROD-0030,34,Expansion,2024-02-08 04:41:57,2024-06-29 11:41:41,Closed Lost,77425.21,0
OPP-009044,ACC-000052,PROD-0083,442,New Business,2024-02-12 10:08:46,2024-03-31 19:44:16,Closed Lost,56975.81,0
OPP-009047,ACC-000052,PROD-0066,23,Upsell,2025-05-02 05:39:02,2025-10-12 08:38:59,Closed Won,64429.96,1
OPP-009057,ACC-000040,PROD-0091,33,Renewal,2024-01-31 04:04:24,2024-06-20 17:16:24,Closed Lost,11376.91,0
OPP-009060,ACC-000015,PROD-0086,107,Renewal,2025-03-29 18:26:51,2025-04-19 09:42:48,Closed Lost,57881.7,0
OPP-009065,ACC-000016,PROD-0093,232,Renewal,2025-06-08 07:13:07,2025-10-10 22:38:49,Closed Lost,56141.96,0
OPP-009073,ACC-000016,PROD-0044,27,Upsell,2024-08-25 07:01:45,2025-02-13 17:45:34,Closed Won,58127.55,1
OPP-009076,ACC-000028,PROD-0012,941,New Business,2025-05-15 20:28:36,2025-08-09 00:25:53,Closed Lost,23420.7,0
OPP-009078,ACC-000029,PROD-0036,621,Upsell,2024-11-12 10:57:05,2024-12-20 16:04:31,Closed Lost,67471.85,0
OPP-009097,ACC-000012,PROD-0016,794,Cross-sell,2024-06-02 16:24:48,2024-11-01 19:35:45,Closed Lost,66391.4,0
OPP-009099,ACC-000056,PROD-0037,921,Upsell,2023-08-16 17:21:21,2023-12-26 02:29:28,Closed Won,36440.57,1
OPP-009114,ACC-000024,PROD-0051,131,Expansion,2024-01-15 05:01:46,2024-06-17 15:53:58,Closed Lost,68925.56,0
OPP-009121,ACC-000005,PROD-0090,96,Expansion,2024-07-03 23:28:55,2024-09-06 00:16:07,Closed Lost,75152.7,0
OPP-009124,ACC-000016,PROD-0022,886,Cross-sell,2024-02-03 07:51:41,2024-03-31 05:15:09,Closed Won,85769.82,1
OPP-009128,ACC-000044,PROD-0032,237,Renewal,2025-01-03 05:35:26,2025-04-03 16:20:52,Closed Lost,13559.67,0
OPP-009131,ACC-000013,PROD-0096,582,Cross-sell,2024-01-09 05:32:24,2024-03-14 01:38:07,Closed Won,21562.41,1
OPP-009144,ACC-000043,PROD-0100,610,Renewal,2024-08-25 02:47:17,2024-12-01 00:10:42,Closed Won,50391.62,1
OPP-009147,ACC-000022,PROD-0083,537,Cross-sell,2024-06-16 10:48:57,2024-07-20 11:08:08,Closed Won,12096.2,1
OPP-009148,ACC-000052,PROD-0097,448,Cross-sell,2024-05-09 00:27:49,2024-07-24 18:16:50,Closed Won,19237.25,1
OPP-009151,ACC-000034,PROD-0078,961,Cross-sell,2024-04-19 22:21:14,2024-10-03 10:19:15,Closed Lost,66992.34,0
OPP-009155,ACC-000048,PROD-0004,780,New Business,2023-07-24 09:11:58,2023-11-11 09:10:01,Closed Won,24081.33,1
OPP-009161,ACC-000040,PROD-0018,605,Expansion,2024-09-06 23:43:34,2024-11-08 05:18:29,Closed Lost,42891.06,0
OPP-009172,ACC-000011,PROD-0078,778,New Business,2024-09-07 19:31:08,2024-11-02 22:31:52,Closed Won,78494.36,1
OPP-009178,ACC-000012,PROD-0058,233,New Business,2023-10-11 16:38:16,2023-11-07 06:23:31,Closed Lost,93711.77,0
OPP-009199,ACC-000053,PROD-0044,886,Cross-sell,2025-04-27 09:16:12,2025-08-22 17:58:14,Closed Won,51534.98,1
OPP-009203,ACC-000015,PROD-0043,521,New Business,2024-03-03 16:06:31,2024-03-25 04:25:15,Closed Won,16925.04,1
OPP-009204,ACC-000044,PROD-0077,419,Upsell,2024-04-25 10:11:19,2024-10-15 05:27:32,Closed Lost,65687.92,0
OPP-009208,ACC-000014,PROD-0053,592,New Business,2024-03-12 21:26:54,2024-05-14 14:23:15,Closed Lost,1129.44,0
OPP-009211,ACC-000057,PROD-0001,457,Renewal,2023-10-03 19:04:51,2023-12-19 22:44:28,Closed Won,64439.03,1
OPP-009215,ACC-000041,PROD-0013,941,Expansion,2024-09-16 06:19:43,2024-12-16 08:19:27,Closed Won,43445.58,1
OPP-009225,ACC-000055,PROD-0027,79,Expansion,2025-01-07 17:23:13,2025-03-14 14:11:43,Closed Won,14485.08,1
OPP-009228,ACC-000004,PROD-0098,857,Cross-sell,2024-04-12 22:17:17,2024-05-17 09:07:39,Closed Lost,52815.61,0
OPP-009229,ACC-000047,PROD-0095,153,New Business,2024-05-25 02:55:46,2024-11-18 07:09:53,Closed Lost,19167.18,0
OPP-009233,ACC-000058,PROD-0077,621,New Business,2024-04-08 03:13:11,2024-06-29 07:42:23,Closed Won,78204.14,1
OPP-009237,ACC-000023,PROD-0085,790,Upsell,2024-03-13 05:04:11,2024-03-19 20:24:38,Closed Won,60079.14,1
OPP-009242,ACC-000008,PROD-0004,282,Upsell,2024-02-16 14:01:57,2024-05-25 07:51:57,Closed Won,79160.52,1
OPP-009244,ACC-000035,PROD-0069,683,Expansion,2023-12-01 22:40:06,2024-04-23 02:43:31,Closed Lost,37275.9,0
OPP-009247,ACC-000057,PROD-0094,818,New Business,2024-01-31 21:11:13,2024-03-21 09:59:43,Closed Won,45238.59,1
OPP-009249,ACC-000056,PROD-0033,796,Expansion,2024-02-25 05:52:38,2024-05-27 21:09:13,Closed Lost,31217.86,0
OPP-009254,ACC-000039,PROD-0077,405,Renewal,2024-01-18 17:24:19,2024-07-09 06:52:18,Closed Lost,67170.89,0
OPP-009255,ACC-000027,PROD-0042,574,New Business,2024-11-06 14:35:04,2025-03-14 14:59:10,Closed Won,87968.49,1
OPP-009257,ACC-000043,PROD-0066,814,New Business,2023-11-03 03:55:08,2024-02-11 10:54:53,Closed Lost,30038.93,0
OPP-009261,ACC-000056,PROD-0011,993,Renewal,2025-05-17 04:32:41,2025-06-18 12:37:35,Closed Lost,86071.64,0
OPP-009264,ACC-000024,PROD-0029,926,New Business,2025-03-18 07:03:06,2025-05-04 18:20:30,Closed Lost,9482.58,0
OPP-009274,ACC-000030,PROD-0019,597,Upsell,2025-04-18 01:04:48,2025-04-25 01:02:12,Closed Won,65706.94,1
OPP-009279,ACC-000053,PROD-0063,840,Expansion,2024-05-25 14:50:04,2024-09-20 18:10:42,Closed Lost,57228.6,0
OPP-009285,ACC-000026,PROD-0078,173,Expansion,2023-08-14 15:05:36,2023-12-18 04:08:14,Closed Won,58088.83,1
OPP-009288,ACC-000016,PROD-0066,587,New Business,2025-01-20 03:59:23,2025-03-26 11:46:10,Closed Won,8218.55,1
OPP-009294,ACC-000035,PROD-0003,6,Upsell,2024-07-24 05:33:52,2024-08-07 19:03:10,Closed Won,10129.28,1
OPP-009301,ACC-000036,PROD-0081,666,Cross-sell,2023-06-29 00:23:57,2023-12-14 10:23:52,Closed Lost,86058.76,0
OPP-009304,ACC-000015,PROD-0012,393,Cross-sell,2024-10-26 23:40:40,2025-01-16 23:27:22,Closed Won,63590.23,1
OPP-009312,ACC-000022,PROD-0096,889,Cross-sell,2024-03-29 18:58:04,2024-07-12 12:23:03,Closed Lost,26368.75,0
OPP-009317,ACC-000004,PROD-0088,330,Renewal,2024-07-30 10:09:16,2024-08-12 00:46:43,Closed Won,42929.19,1
OPP-009326,ACC-000055,PROD-0050,778,Upsell,2024-07-15 19:25:52,2024-10-24 03:28:19,Closed Won,49218.77,1
OPP-009327,ACC-000018,PROD-0041,642,Upsell,2024-03-02 02:32:51,2024-07-07 06:02:30,Closed Lost,27311.53,0
OPP-009329,ACC-000055,PROD-0082,605,Renewal,2024-11-02 19:00:21,2024-11-27 21:09:09,Closed Won,36761.29,1
OPP-009332,ACC-000054,PROD-0040,698,Cross-sell,2025-02-03 10:48:06,2025-03-27 10:08:10,Closed Won,43601.87,1
OPP-009336,ACC-000047,PROD-0069,279,Cross-sell,2024-09-11 05:08:51,2025-02-12 22:21:26,Closed Won,8827.48,1
OPP-009338,ACC-000002,PROD-0048,967,Renewal,2024-07-24 03:37:27,2024-08-26 23:00:15,Closed Won,71712.23,1
OPP-009342,ACC-000030,PROD-0024,341,Expansion,2025-05-16 19:53:19,2025-07-04 00:40:14,Closed Won,61602.41,1
OPP-009343,ACC-000060,PROD-0090,922,Expansion,2024-11-15 10:05:53,2025-02-18 03:08:06,Closed Won,20963.45,1
OPP-009348,ACC-000024,PROD-0017,617,Upsell,2024-06-10 05:20:17,2024-06-25 14:31:37,Closed Lost,21034.1,0
OPP-009358,ACC-000038,PROD-0065,673,Renewal,2024-06-03 04:44:52,2024-08-29 13:04:11,Closed Won,55249.29,1
OPP-009367,ACC-000026,PROD-0058,864,Renewal,2023-09-17 03:04:15,2023-11-13 03:15:14,Closed Lost,51055.95,0
OPP-009379,ACC-000028,PROD-0037,932,New Business,2024-07-10 07:14:05,2024-10-04 17:08:30,Closed Won,39419.63,1
OPP-009382,ACC-000015,PROD-0097,474,Upsell,2024-08-26 22:06:39,2025-01-31 06:36:30,Closed Lost,56550.34,0
OPP-009383,ACC-000050,PROD-0047,941,Renewal,2024-06-12 08:17:00,2024-07-08 07:23:02,Closed Lost,67534.02,0
OPP-009386,ACC-000032,PROD-0058,722,Upsell,2025-02-22 05:04:26,2025-05-08 19:41:59,Closed Won,86442.2,1
OPP-009395,ACC-000041,PROD-0084,844,Expansion,2024-07-22 19:45:11,2024-10-30 13:57:41,Closed Won,2813.91,1
OPP-009396,ACC-000035,PROD-0092,564,Expansion,2024-08-29 14:23:20,2025-02-15 13:57:59,Closed Lost,66432.33,0
OPP-009397,ACC-000010,PROD-0078,165,Cross-sell,2023-09-09 10:05:56,2023-11-28 05:28:19,Closed Won,94134.38,1
OPP-009408,ACC-000014,PROD-0087,390,Cross-sell,2023-09-19 13:09:43,2023-12-02 05:49:04,Closed Lost,38032.48,0
OPP-009415,ACC-000002,PROD-0062,524,New Business,2025-03-12 06:50:40,2025-06-23 06:37:32,Closed Won,90923.49,1
OPP-009419,ACC-000035,PROD-0017,525,Cross-sell,2025-04-22 05:17:38,2025-07-05 23:37:38,Closed Lost,51768.91,0
OPP-009428,ACC-000054,PROD-0036,86,Upsell,2024-10-19 04:12:23,2025-03-10 16:28:57,Closed Won,65554.54,1
OPP-009439,ACC-000040,PROD-0096,76,New Business,2025-01-23 10:20:46,2025-06-18 08:09:13,Closed Won,82227.48,1
OPP-009441,ACC-000044,PROD-0009,347,Upsell,2024-12-21 16:24:09,2025-05-23 17:51:16,Closed Lost,66432.92,0
OPP-009451,ACC-000015,PROD-0095,127,Cross-sell,2024-02-26 15:41:21,2024-03-17 20:19:01,Closed Won,4913.31,1
OPP-009456,ACC-000051,PROD-0050,658,Renewal,2023-10-07 06:47:53,2024-03-20 16:15:58,Closed Won,31577.5,1
OPP-009458,ACC-000018,PROD-0061,835,New Business,2023-10-11 21:43:20,2024-03-30 08:24:20,Closed Won,66385.2,1
OPP-009468,ACC-000027,PROD-0011,779,Cross-sell,2024-08-20 05:53:34,2024-09-25 17:15:53,Closed Won,30612.6,1
OPP-009483,ACC-000028,PROD-0065,109,Expansion,2024-08-25 22:53:40,2024-10-02 20:25:28,Closed Won,16661.45,1
OPP-009495,ACC-000012,PROD-0095,721,Upsell,2023-12-25 09:21:52,2024-05-22 07:03:10,Closed Won,3842.79,1
OPP-009500,ACC-000037,PROD-0072,914,Cross-sell,2025-03-29 03:40:36,2025-08-28 21:19:23,Closed Won,31593.9,1
OPP-009503,ACC-000022,PROD-0041,761,Upsell,2024-03-09 07:26:47,2024-03-24 11:54:18,Closed Lost,24485.1,0
OPP-009510,ACC-000026,PROD-0084,337,Upsell,2023-10-19 02:42:16,2024-02-11 13:23:42,Closed Lost,49808.41,0
OPP-009515,ACC-000003,PROD-0051,671,Expansion,2023-11-29 23:51:45,2023-12-02 20:36:47,Closed Lost,57935.1,0
OPP-009519,ACC-000049,PROD-0021,487,Upsell,2025-05-04 10:09:30,2025-05-27 01:53:50,Closed Lost,12694.23,0
OPP-009527,ACC-000028,PROD-0058,587,Upsell,2024-03-10 21:43:48,2024-07-09 05:06:12,Closed Lost,16936.92,0
OPP-009528,ACC-000008,PROD-0039,392,Renewal,2024-09-14 06:24:55,2024-12-12 20:42:54,Closed Won,41260.04,1
OPP-009534,ACC-000011,PROD-0041,568,Upsell,2024-03-04 23:53:36,2024-04-09 06:35:29,Closed Won,13099.51,1
OPP-009539,ACC-000031,PROD-0074,351,New Business,2024-03-26 23:29:51,2024-05-25 03:54:30,Closed Won,89516.3,1
OPP-009556,ACC-000044,PROD-0005,567,Cross-sell,2023-08-29 03:03:09,2023-11-29 11:46:15,Closed Won,91704.51,1
OPP-009568,ACC-000030,PROD-0052,890,Cross-sell,2024-05-30 17:24:50,2024-09-13 07:25:32,Closed Lost,52410.52,0
OPP-009569,ACC-000041,PROD-0053,340,New Business,2024-12-27 08:54:07,2025-02-01 20:08:20,Closed Lost,1330.1,0
OPP-009585,ACC-000052,PROD-0097,722,Renewal,2024-05-07 07:30:02,2024-06-07 07:58:40,Closed Won,57691.15,1
OPP-009591,ACC-000043,PROD-0017,934,New Business,2024-10-31 06:53:28,2024-12-04 15:25:52,Closed Lost,16049.29,0
OPP-009592,ACC-000025,PROD-0032,240,Renewal,2025-02-11 15:54:42,2025-03-15 07:58:48,Closed Won,41631.53,1
OPP-009594,ACC-000004,PROD-0054,670,New Business,2024-04-22 20:54:08,2024-05-24 09:11:36,Closed Lost,57515.94,0
OPP-009597,ACC-000024,PROD-0092,911,New Business,2023-07-04 13:20:54,2023-11-09 10:50:07,Closed Lost,61026.24,0
OPP-009599,ACC-000042,PROD-0044,442,Upsell,2024-11-04 20:24:33,2025-01-25 19:20:48,Closed Lost,51712.28,0
OPP-009600,ACC-000030,PROD-0051,214,Renewal,2024-10-21 21:05:56,2025-03-12 22:41:11,Closed Won,91778.62,1
OPP-009603,ACC-000029,PROD-0051,836,Cross-sell,2025-06-16 16:39:25,2025-08-07 17:39:07,Closed Lost,34476.65,0
OPP-009604,ACC-000002,PROD-0074,71,Renewal,2023-07-01 18:28:51,2023-12-16 00:50:13,Closed Lost,99628.04,0
OPP-009605,ACC-000034,PROD-0023,198,Upsell,2025-01-14 19:52:15,2025-03-15 18:50:01,Closed Won,45833.95,1
OPP-009609,ACC-000045,PROD-0023,660,Renewal,2024-07-31 11:25:40,2024-10-09 04:52:39,Closed Lost,29492.03,0
OPP-009618,ACC-000060,PROD-0035,257,Expansion,2024-09-25 09:04:07,2024-12-16 09:00:20,Closed Lost,21326.69,0
OPP-009626,ACC-000045,PROD-0071,837,Expansion,2024-10-02 03:22:24,2024-11-25 09:16:19,Closed Won,69138.92,1
OPP-009631,ACC-000040,PROD-0094,383,Expansion,2024-07-15 21:13:25,2024-09-04 13:56:26,Closed Won,20095.71,1
OPP-009636,ACC-000061,PROD-0097,79,Cross-sell,2024-11-08 05:21:45,2025-01-22 11:30:18,Closed Lost,15407.34,0
OPP-009639,ACC-000018,PROD-0007,944,Expansion,2023-11-15 11:00:28,2024-04-07 23:04:35,Closed Lost,81832.97,0
OPP-009644,ACC-000015,PROD-0022,928,Upsell,2023-08-18 20:49:07,2023-11-13 07:50:52,Closed Won,53701.29,1
OPP-009645,ACC-000038,PROD-0080,529,Renewal,2025-02-17 22:45:48,2025-04-13 03:31:24,Closed Lost,52383.88,0
OPP-009654,ACC-000004,PROD-0016,674,Expansion,2024-01-05 16:08:39,2024-04-06 21:54:18,Closed Won,85444.1,1
OPP-009656,ACC-000043,PROD-0043,519,New Business,2024-10-24 04:01:03,2025-03-02 05:07:45,Closed Lost,45923.52,0
OPP-009659,ACC-000011,PROD-0006,20,Cross-sell,2025-05-10 11:30:18,2025-09-25 15:58:50,Closed Won,34677.89,1
OPP-009663,ACC-000058,PROD-0095,104,Upsell,2023-12-26 01:39:22,2024-03-08 21:22:16,Closed Lost,30374.34,0
OPP-009686,ACC-000022,PROD-0010,443,Renewal,2023-12-07 09:17:07,2024-01-16 05:19:34,Closed Lost,41681.4,0
OPP-009687,ACC-000025,PROD-0031,401,Expansion,2023-11-18 08:30:27,2023-12-06 10:38:28,Closed Lost,5884.94,0
OPP-009692,ACC-000035,PROD-0088,841,Expansion,2024-09-25 12:29:43,2025-02-01 19:32:15,Closed Won,50811,1
OPP-009695,ACC-000039,PROD-0025,833,Renewal,2023-10-01 11:52:05,2024-03-09 04:48:31,Closed Won,96568.84,1
OPP-009700,ACC-000050,PROD-0078,26,Renewal,2024-10-06 13:54:02,2024-10-20 18:49:18,Closed Lost,13560.23,0
OPP-009702,ACC-000018,PROD-0084,766,Renewal,2024-10-31 10:13:51,2025-03-17 04:58:41,Closed Lost,31765.74,0
OPP-009704,ACC-000046,PROD-0060,341,Upsell,2024-08-19 15:49:02,2024-10-20 14:58:57,Closed Won,60589.11,1
OPP-009707,ACC-000019,PROD-0013,434,New Business,2025-05-04 14:25:58,2025-10-02 15:29:22,Closed Won,58150.47,1
OPP-009709,ACC-000029,PROD-0079,246,Renewal,2024-09-01 10:05:34,2025-02-21 04:33:31,Closed Lost,28330.5,0
OPP-009720,ACC-000003,PROD-0039,788,Cross-sell,2024-09-02 00:09:05,2024-09-07 11:59:01,Closed Lost,9429.43,0
OPP-009725,ACC-000023,PROD-0081,342,Cross-sell,2024-12-01 18:00:11,2025-03-07 04:35:36,Closed Lost,90490.14,0
OPP-009726,ACC-000045,PROD-0057,968,Cross-sell,2024-11-19 08:56:30,2024-11-29 16:46:57,Closed Won,39425.4,1
OPP-009739,ACC-000012,PROD-0094,224,Expansion,2024-11-19 15:41:56,2025-01-23 03:57:20,Closed Lost,55662.26,0
OPP-009743,ACC-000059,PROD-0060,657,Expansion,2023-12-08 12:24:10,2024-02-12 07:48:08,Closed Lost,94342.1,0
OPP-009747,ACC-000012,PROD-0088,659,Renewal,2023-11-23 17:53:39,2023-12-12 15:18:50,Closed Lost,99933.74,0
OPP-009749,ACC-000022,PROD-0080,119,Cross-sell,2024-10-23 04:10:00,2024-11-14 23:41:07,Closed Won,66181.69,1
OPP-009757,ACC-000012,PROD-0061,176,Expansion,2025-05-31 14:54:19,2025-08-31 14:01:32,Closed Won,90448.81,1
OPP-009769,ACC-000017,PROD-0097,615,New Business,2025-03-27 10:39:40,2025-08-18 22:21:18,Closed Won,19100.17,1
OPP-009771,ACC-000044,PROD-0070,922,Upsell,2024-04-04 00:01:39,2024-06-08 03:56:25,Closed Lost,95372.28,0
OPP-009774,ACC-000060,PROD-0012,996,Renewal,2023-12-09 03:37:31,2024-02-14 03:15:12,Closed Won,49845.94,1
OPP-009777,ACC-000023,PROD-0034,178,Cross-sell,2024-10-23 23:43:44,2025-03-08 11:24:51,Closed Lost,12227.56,0
OPP-009778,ACC-000018,PROD-0054,887,Cross-sell,2024-08-20 06:44:38,2025-01-27 13:11:33,Closed Lost,58738.21,0
OPP-009780,ACC-000048,PROD-0026,794,Expansion,2025-04-10 04:51:06,2025-04-15 08:58:19,Closed Won,74529.47,1
OPP-009801,ACC-000007,PROD-0032,268,Upsell,2024-10-06 14:43:07,2025-03-16 03:18:05,Closed Lost,63489.13,0
OPP-009802,ACC-000009,PROD-0011,80,Renewal,2023-12-07 22:20:42,2024-02-15 19:06:42,Closed Won,87114.38,1
OPP-009804,ACC-000029,PROD-0039,677,Upsell,2025-03-27 02:07:45,2025-08-13 21:49:31,Closed Lost,96473.96,0
OPP-009809,ACC-000037,PROD-0012,290,Expansion,2024-10-11 08:57:34,2024-11-10 04:00:43,Closed Won,81153.16,1
OPP-009815,ACC-000038,PROD-0064,755,Expansion,2024-01-19 14:59:15,2024-07-02 15:34:01,Closed Lost,91059.08,0
OPP-009834,ACC-000060,PROD-0095,757,Expansion,2024-10-10 08:51:00,2024-12-19 08:52:35,Closed Won,91443.73,1
OPP-009838,ACC-000025,PROD-0086,239,New Business,2025-04-24 22:23:25,2025-07-20 07:15:56,Closed Lost,27251.95,0
OPP-009843,ACC-000032,PROD-0055,369,Cross-sell,2024-08-27 05:54:39,2025-02-10 02:42:57,Closed Lost,88164.26,0
OPP-009844,ACC-000045,PROD-0059,165,Expansion,2024-08-20 23:40:34,2024-10-01 11:44:58,Closed Lost,9393.18,0
OPP-009851,ACC-000041,PROD-0045,654,Renewal,2024-01-01 10:37:14,2024-06-08 14:27:46,Closed Lost,47452.16,0
OPP-009855,ACC-000006,PROD-0004,323,Expansion,2023-08-24 16:59:53,2024-02-19 01:12:22,Closed Lost,55022.77,0
OPP-009856,ACC-000025,PROD-0031,319,New Business,2023-12-13 22:26:50,2024-05-03 14:56:50,Closed Lost,35053.48,0
OPP-009860,ACC-000037,PROD-0095,995,Cross-sell,2024-09-15 22:03:30,2024-10-27 15:02:31,Closed Won,83794.39,1
OPP-009870,ACC-000039,PROD-0017,929,Expansion,2024-11-22 00:06:23,2025-03-01 10:28:44,Closed Won,71674.65,1
OPP-009887,ACC-000048,PROD-0091,815,Upsell,2025-02-04 14:18:28,2025-06-12 04:51:23,Closed Lost,78901.16,0
OPP-009904,ACC-000039,PROD-0063,608,Renewal,2025-02-03 23:38:34,2025-03-25 08:03:29,Closed Lost,80554.75,0
OPP-009911,ACC-000056,PROD-0065,568,New Business,2024-06-12 07:49:28,2024-09-12 13:18:37,Closed Lost,78190.44,0
OPP-009912,ACC-000014,PROD-0034,703,Expansion,2024-09-24 17:52:46,2024-10-03 07:35:23,Closed Won,92833.03,1
OPP-009914,ACC-000031,PROD-0022,338,Renewal,2024-01-10 17:50:35,2024-06-15 13:12:22,Closed Lost,50653.05,0
OPP-009916,ACC-000012,PROD-0004,26,Renewal,2025-03-05 09:24:49,2025-07-28 01:21:39,Closed Won,30034.21,1
OPP-009922,ACC-000049,PROD-0041,676,Upsell,2024-12-28 10:44:23,2025-01-29 00:39:44,Closed Lost,58701.08,0
OPP-009929,ACC-000050,PROD-0025,873,Cross-sell,2024-12-08 08:38:09,2025-04-18 04:51:13,Closed Lost,64198.9,0
OPP-009943,ACC-000034,PROD-0070,549,Upsell,2025-01-25 16:19:34,2025-03-19 04:09:38,Closed Won,84186.4,1
OPP-009951,ACC-000037,PROD-0075,44,Upsell,2025-03-14 05:17:47,2025-04-12 05:58:23,Closed Won,30208.62,1
OPP-009952,ACC-000055,PROD-0055,260,Renewal,2025-05-17 18:20:44,2025-08-05 22:09:08,Closed Lost,13803.01,0
OPP-009975,ACC-000018,PROD-0052,163,Upsell,2024-12-06 23:17:04,2025-04-10 15:14:41,Closed Lost,96711.82,0
OPP-009980,ACC-000002,PROD-0055,684,Renewal,2025-04-25 23:20:45,2025-10-19 07:05:07,Closed Lost,78371.78,0
OPP-009984,ACC-000056,PROD-0054,777,Expansion,2024-04-13 05:08:07,2024-07-28 01:39:10,Closed Lost,77211.12,0
OPP-009990,ACC-000054,PROD-0055,125,Cross-sell,2023-08-03 02:42:29,2023-12-27 11:59:27,Closed Lost,27620.53,0
OPP-009998,ACC-000056,PROD-0090,745,Cross-sell,2024-11-30 18:59:14,2024-12-29 11:31:50,Closed Lost,89646.93,0
OPP-010017,ACC-000047,PROD-0027,732,Renewal,2024-01-02 07:46:38,2024-04-13 06:45:56,Closed Won,48674.49,1
OPP-010036,ACC-000050,PROD-0053,258,New Business,2024-11-21 23:22:02,2025-02-05 17:44:13,Closed Lost,62070.59,0
OPP-010043,ACC-000049,PROD-0071,550,Expansion,2024-03-10 10:28:28,2024-03-18 01:27:26,Closed Lost,36689.42,0
OPP-010044,ACC-000044,PROD-0087,828,Upsell,2025-01-16 06:55:07,2025-06-20 14:49:32,Closed Won,6502.63,1
OPP-010052,ACC-000001,PROD-0037,364,Upsell,2025-02-19 22:22:25,2025-04-28 17:04:19,Closed Lost,20408.73,0
OPP-010055,ACC-000038,PROD-0062,46,Renewal,2025-03-10 08:00:06,2025-08-16 23:26:55,Closed Won,47172.38,1
OPP-010060,ACC-000012,PROD-0080,464,Upsell,2024-02-18 17:56:24,2024-04-10 18:41:54,Closed Lost,84705.06,0
OPP-010067,ACC-000007,PROD-0094,774,Renewal,2025-06-02 18:40:54,2025-08-08 06:50:53,Closed Lost,11366.46,0
OPP-010073,ACC-000056,PROD-0041,397,Expansion,2023-07-25 15:38:44,2023-12-23 13:27:45,Closed Won,10818.11,1
OPP-010078,ACC-000022,PROD-0078,960,New Business,2024-05-01 07:02:48,2024-10-15 13:17:41,Closed Won,58287.29,1
OPP-010080,ACC-000020,PROD-0100,598,Expansion,2024-09-26 06:28:18,2025-01-06 01:31:36,Closed Won,61066.66,1
OPP-010085,ACC-000062,PROD-0099,435,Expansion,2024-03-22 08:08:10,2024-03-28 06:34:25,Closed Lost,64758.51,0
OPP-010099,ACC-000015,PROD-0020,404,New Business,2023-11-05 02:11:36,2023-11-22 04:50:55,Closed Won,84994.61,1
OPP-010100,ACC-000038,PROD-0008,859,Renewal,2025-03-06 08:37:10,2025-06-13 08:48:08,Closed Won,55189.64,1
OPP-010113,ACC-000023,PROD-0078,292,Cross-sell,2024-08-10 21:19:19,2025-01-03 11:23:23,Closed Won,31837.53,1
OPP-010115,ACC-000010,PROD-0025,157,Cross-sell,2024-01-18 02:15:28,2024-06-18 13:01:51,Closed Lost,23684.85,0
OPP-010125,ACC-000062,PROD-0044,275,Upsell,2024-06-10 04:32:36,2024-09-22 06:34:37,Closed Lost,44657.46,0
OPP-010132,ACC-000023,PROD-0018,771,Expansion,2024-03-09 22:37:02,2024-08-24 17:34:17,Closed Lost,18422.86,0
OPP-010140,ACC-000040,PROD-0052,701,New Business,2024-01-31 15:42:29,2024-04-23 23:45:52,Closed Won,70720.62,1
OPP-010141,ACC-000029,PROD-0090,622,Cross-sell,2025-02-20 21:17:35,2025-04-02 03:35:43,Closed Won,2382.01,1
OPP-010145,ACC-000042,PROD-0009,174,New Business,2025-04-28 03:49:34,2025-08-08 11:21:02,Closed Lost,66969.79,0
OPP-010165,ACC-000028,PROD-0016,232,Expansion,2024-01-07 07:05:31,2024-01-21 06:28:17,Closed Won,24527.86,1
OPP-010175,ACC-000039,PROD-0068,550,Renewal,2024-12-03 04:25:56,2025-01-20 06:23:31,Closed Won,26716.08,1
OPP-010178,ACC-000042,PROD-0087,555,Upsell,2024-03-28 05:30:34,2024-06-18 14:14:03,Closed Won,66712.75,1
OPP-010182,ACC-000010,PROD-0035,834,Expansion,2025-01-14 15:46:10,2025-03-24 16:47:09,Closed Won,77528.23,1
OPP-010190,ACC-000034,PROD-0054,58,Upsell,2024-05-07 23:32:07,2024-06-07 11:11:23,Closed Won,70643.35,1
OPP-010212,ACC-000046,PROD-0045,742,Cross-sell,2023-10-17 09:20:41,2024-03-10 15:33:51,Closed Lost,32230.53,0
OPP-010218,ACC-000029,PROD-0097,74,Upsell,2025-05-12 23:51:32,2025-09-30 19:20:01,Closed Won,26538.13,1
OPP-010224,ACC-000016,PROD-0097,500,Expansion,2025-04-12 20:58:09,2025-06-02 11:27:48,Closed Won,44283.77,1
OPP-010228,ACC-000022,PROD-0006,511,Upsell,2023-12-24 07:18:39,2024-01-27 00:22:21,Closed Won,11296.28,1
OPP-010230,ACC-000047,PROD-0014,838,Upsell,2024-07-05 03:31:28,2024-11-17 09:51:14,Closed Lost,58148.34,0
OPP-010233,ACC-000006,PROD-0050,946,Cross-sell,2023-07-25 13:44:34,2023-12-20 20:25:13,Closed Won,5197.51,1
OPP-010242,ACC-000011,PROD-0058,966,Expansion,2025-03-10 01:52:00,2025-08-23 02:59:33,Closed Won,1943.59,1
OPP-010245,ACC-000019,PROD-0024,887,Cross-sell,2025-01-18 08:30:20,2025-06-04 14:11:38,Closed Lost,70640.83,0
OPP-010248,ACC-000028,PROD-0070,97,New Business,2024-03-15 18:19:35,2024-04-06 04:32:51,Closed Won,62301.81,1
OPP-010253,ACC-000037,PROD-0022,848,New Business,2024-08-09 09:10:10,2024-10-02 22:47:47,Closed Won,72767.94,1
OPP-010254,ACC-000026,PROD-0033,276,Expansion,2025-05-04 00:33:31,2025-06-22 21:25:46,Closed Won,79622.85,1
OPP-010258,ACC-000021,PROD-0031,600,Expansion,2024-04-29 16:29:20,2024-10-10 01:54:42,Closed Won,12593.87,1
OPP-010268,ACC-000015,PROD-0058,77,Renewal,2023-12-25 13:20:37,2024-03-31 16:05:57,Closed Lost,37912.43,0
OPP-010272,ACC-000027,PROD-0009,626,Cross-sell,2024-04-27 14:09:27,2024-06-19 04:39:42,Closed Won,2032.57,1
OPP-010275,ACC-000057,PROD-0037,250,Expansion,2024-07-03 05:36:28,2024-10-06 23:12:33,Closed Lost,89758.67,0
OPP-010276,ACC-000005,PROD-0040,533,Upsell,2023-11-16 13:02:59,2024-03-14 08:11:59,Closed Lost,82124.76,0
OPP-010286,ACC-000004,PROD-0090,772,Renewal,2024-01-19 05:19:32,2024-02-10 03:41:56,Closed Won,57406.94,1
OPP-010287,ACC-000050,PROD-0022,553,Cross-sell,2024-01-01 15:18:44,2024-06-13 09:38:01,Closed Won,47645.33,1
OPP-010289,ACC-000057,PROD-0059,634,Renewal,2024-03-22 22:29:34,2024-04-12 01:53:37,Closed Won,5868.75,1
OPP-010290,ACC-000040,PROD-0043,107,Expansion,2023-12-09 18:36:14,2023-12-29 04:55:59,Closed Won,41611.77,1
OPP-010295,ACC-000023,PROD-0099,209,Upsell,2023-12-16 18:14:48,2024-04-26 08:50:01,Closed Lost,32075.12,0
OPP-010296,ACC-000022,PROD-0038,457,Upsell,2024-07-04 10:32:48,2024-12-27 22:30:41,Closed Won,80033.32,1
OPP-010297,ACC-000023,PROD-0068,682,Renewal,2024-01-22 13:14:23,2024-04-14 11:06:24,Closed Lost,15292.83,0
OPP-010298,ACC-000023,PROD-0002,260,Cross-sell,2024-12-16 01:42:08,2025-03-03 12:41:14,Closed Lost,87592.19,0
OPP-010300,ACC-000056,PROD-0041,889,Renewal,2024-08-27 19:36:31,2024-09-05 13:23:33,Closed Won,20944.65,1
OPP-010302,ACC-000006,PROD-0042,792,Upsell,2024-11-03 21:34:54,2025-01-29 09:16:20,Closed Lost,10867.83,0
OPP-010303,ACC-000015,PROD-0075,627,Cross-sell,2025-02-11 11:16:45,2025-05-12 22:29:49,Closed Won,11354.14,1
OPP-010314,ACC-000034,PROD-0061,729,Upsell,2024-05-02 22:24:19,2024-10-27 06:22:15,Closed Won,28053.66,1
OPP-010317,ACC-000019,PROD-0047,561,Renewal,2023-11-26 06:24:40,2024-01-01 08:42:35,Closed Won,19281.63,1
OPP-010335,ACC-000033,PROD-0013,746,Expansion,2024-10-28 00:32:53,2024-11-07 07:18:29,Closed Won,27402.77,1
OPP-010341,ACC-000016,PROD-0076,732,Cross-sell,2024-10-04 13:37:44,2025-03-08 16:15:50,Closed Won,11368.72,1
OPP-010347,ACC-000025,PROD-0025,753,New Business,2024-03-31 15:37:00,2024-06-03 03:41:29,Closed Lost,73297.2,0
OPP-010348,ACC-000041,PROD-0008,234,Cross-sell,2024-08-22 05:12:15,2024-11-09 03:29:41,Closed Won,81712.54,1
OPP-010352,ACC-000060,PROD-0055,904,Renewal,2024-12-16 08:38:01,2025-01-19 18:28:55,Closed Lost,44750.86,0
OPP-010353,ACC-000048,PROD-0009,945,Renewal,2025-01-30 19:10:02,2025-05-08 20:34:25,Closed Lost,44881.94,0
OPP-010368,ACC-000009,PROD-0083,250,Cross-sell,2024-07-24 01:37:40,2024-08-11 15:04:25,Closed Won,47625.1,1
OPP-010372,ACC-000002,PROD-0028,575,Renewal,2023-08-09 22:24:57,2023-12-13 02:35:07,Closed Won,31322.66,1
OPP-010381,ACC-000045,PROD-0051,90,Renewal,2024-12-01 11:45:55,2025-02-25 11:55:01,Closed Lost,77991.27,0
OPP-010392,ACC-000015,PROD-0097,190,Renewal,2025-05-10 09:22:45,2025-08-17 16:03:57,Closed Lost,33975.42,0
OPP-010393,ACC-000032,PROD-0052,886,New Business,2024-06-20 08:07:55,2024-10-24 01:30:10,Closed Lost,60871.92,0
OPP-010405,ACC-000033,PROD-0018,844,Expansion,2024-07-08 02:32:39,2024-11-02 05:17:00,Closed Won,23552.53,1
OPP-010420,ACC-000046,PROD-0065,745,New Business,2024-12-14 23:12:52,2025-06-04 03:50:05,Closed Won,98899.65,1
OPP-010422,ACC-000028,PROD-0047,450,New Business,2024-11-19 23:29:26,2025-01-17 01:13:15,Closed Won,85586.93,1
OPP-010423,ACC-000034,PROD-0066,374,Cross-sell,2024-02-06 11:41:06,2024-05-28 04:34:30,Closed Lost,88377.55,0
OPP-010430,ACC-000033,PROD-0075,675,Renewal,2023-10-27 20:10:23,2023-11-27 22:34:49,Closed Won,90263.06,1
OPP-010431,ACC-000032,PROD-0034,792,Expansion,2024-04-30 12:43:39,2024-06-23 16:40:24,Closed Won,90294.75,1
OPP-010446,ACC-000019,PROD-0037,251,Expansion,2024-02-04 14:57:50,2024-05-09 11:10:50,Closed Won,17375.61,1
OPP-010450,ACC-000003,PROD-0005,399,Expansion,2023-11-01 20:55:45,2024-02-21 04:24:01,Closed Won,25085.43,1
OPP-010457,ACC-000030,PROD-0091,155,Expansion,2023-12-09 12:18:56,2024-05-31 01:30:39,Closed Lost,23071.66,0
OPP-010472,ACC-000034,PROD-0083,47,Expansion,2025-06-05 07:05:13,2025-07-21 20:53:43,Closed Won,16132.78,1
OPP-010477,ACC-000027,PROD-0013,416,Upsell,2024-06-09 10:03:47,2024-07-06 12:50:41,Closed Lost,29433.46,0
OPP-010480,ACC-000001,PROD-0034,409,Expansion,2025-01-03 23:13:19,2025-05-21 08:48:19,Closed Won,54138.18,1
OPP-010486,ACC-000017,PROD-0054,743,Upsell,2024-10-28 19:31:03,2025-02-05 08:25:25,Closed Lost,94002.78,0
OPP-010492,ACC-000046,PROD-0077,931,New Business,2024-01-22 23:53:44,2024-03-08 05:38:03,Closed Lost,86772.53,0
OPP-010493,ACC-000018,PROD-0051,478,New Business,2024-07-21 05:14:08,2024-09-27 20:37:50,Closed Lost,43551.57,0
OPP-010494,ACC-000018,PROD-0051,612,Expansion,2024-07-17 06:28:25,2024-12-01 14:42:14,Closed Won,53033.73,1
OPP-010495,ACC-000025,PROD-0065,235,Renewal,2024-03-26 11:48:09,2024-07-13 01:58:08,Closed Won,83474.97,1
OPP-010500,ACC-000053,PROD-0056,850,New Business,2025-01-18 04:56:15,2025-01-29 12:52:27,Closed Lost,6281.84,0
OPP-010512,ACC-000017,PROD-0044,308,Expansion,2024-04-03 17:50:02,2024-04-15 22:00:59,Closed Lost,87848.45,0
OPP-010513,ACC-000010,PROD-0089,549,Cross-sell,2025-04-20 05:07:32,2025-06-27 17:04:24,Closed Won,66169.91,1
OPP-010522,ACC-000007,PROD-0033,835,Expansion,2023-11-30 15:41:01,2024-01-19 14:08:41,Closed Lost,48336.56,0
OPP-010523,ACC-000035,PROD-0030,902,New Business,2025-04-21 06:45:01,2025-09-10 14:21:36,Closed Lost,95990.04,0
OPP-010532,ACC-000008,PROD-0046,836,Renewal,2024-04-21 15:27:07,2024-07-19 10:26:43,Closed Lost,51948.19,0
OPP-010538,ACC-000039,PROD-0060,397,Cross-sell,2023-11-30 19:33:04,2024-05-04 20:26:27,Closed Lost,11102.05,0
OPP-010539,ACC-000053,PROD-0063,811,Cross-sell,2025-03-20 08:12:32,2025-06-27 23:27:01,Closed Won,17651.19,1
OPP-010548,ACC-000047,PROD-0086,102,Expansion,2024-01-31 13:03:24,2024-02-11 19:55:08,Closed Lost,38287.7,0
OPP-010550,ACC-000055,PROD-0006,423,Upsell,2024-09-12 14:16:19,2024-11-22 04:18:06,Closed Won,51346.72,1
OPP-010559,ACC-000061,PROD-0093,390,Renewal,2024-08-09 13:24:31,2024-09-17 08:23:55,Closed Lost,47615.42,0
OPP-010568,ACC-000002,PROD-0074,901,New Business,2024-08-03 12:24:29,2024-08-27 17:19:07,Closed Won,50379.82,1
OPP-010574,ACC-000033,PROD-0071,332,New Business,2024-05-28 05:32:34,2024-08-12 11:11:45,Closed Won,15940.03,1
OPP-010584,ACC-000016,PROD-0079,425,Expansion,2024-07-01 06:24:10,2024-09-23 20:01:47,Closed Won,10990.67,1
OPP-010585,ACC-000041,PROD-0059,767,New Business,2025-03-25 03:37:48,2025-05-14 02:06:03,Closed Lost,40067.64,0
OPP-010592,ACC-000042,PROD-0081,778,Cross-sell,2024-03-30 00:02:09,2024-07-31 22:03:49,Closed Lost,46385.11,0
OPP-010615,ACC-000015,PROD-0022,717,Expansion,2023-11-28 01:14:10,2024-03-17 10:42:21,Closed Won,87999.48,1
OPP-010624,ACC-000047,PROD-0075,841,Expansion,2023-10-07 23:57:10,2023-11-20 09:38:55,Closed Won,83143.11,1
OPP-010627,ACC-000038,PROD-0022,143,Expansion,2025-03-14 07:51:54,2025-07-25 23:43:10,Closed Won,4021.62,1
OPP-010628,ACC-000036,PROD-0075,553,Renewal,2025-05-16 06:28:06,2025-06-16 07:17:17,Closed Won,42221.59,1
OPP-010633,ACC-000006,PROD-0069,424,Cross-sell,2025-04-13 08:54:01,2025-07-08 22:41:59,Closed Lost,30395.22,0
OPP-010634,ACC-000056,PROD-0049,712,Renewal,2024-06-29 21:01:13,2024-12-12 03:32:25,Closed Won,36130.99,1
OPP-010635,ACC-000015,PROD-0019,219,New Business,2025-03-26 02:16:33,2025-08-23 23:58:48,Closed Lost,16627.21,0
OPP-010644,ACC-000050,PROD-0064,481,New Business,2025-04-08 09:28:31,2025-09-10 12:08:26,Closed Won,59349.44,1
OPP-010649,ACC-000018,PROD-0036,613,New Business,2024-05-24 15:00:34,2024-06-29 15:48:44,Closed Won,93616.79,1
OPP-010662,ACC-000034,PROD-0062,94,New Business,2025-01-10 16:22:00,2025-03-28 04:31:10,Closed Lost,24196.33,0
OPP-010663,ACC-000040,PROD-0025,681,Cross-sell,2024-10-28 13:42:11,2025-01-24 13:14:02,Closed Won,99692.92,1
OPP-010666,ACC-000052,PROD-0051,715,Renewal,2023-11-06 21:33:53,2023-11-20 14:38:49,Closed Won,22775.83,1
OPP-010680,ACC-000042,PROD-0007,705,Renewal,2024-12-09 06:32:47,2025-05-23 02:00:49,Closed Lost,20997.01,0
OPP-010683,ACC-000016,PROD-0050,429,Renewal,2024-07-01 20:21:52,2024-11-26 09:06:32,Closed Lost,8578,0
OPP-010692,ACC-000005,PROD-0079,557,Cross-sell,2023-11-20 03:46:01,2024-03-11 19:51:56,Closed Won,57333.19,1
OPP-010694,ACC-000048,PROD-0085,755,Expansion,2023-10-02 21:21:20,2024-01-13 04:31:37,Closed Won,85055.21,1
OPP-010704,ACC-000052,PROD-0064,76,New Business,2024-02-26 13:20:58,2024-05-20 08:08:27,Closed Won,80721.24,1
OPP-010712,ACC-000015,PROD-0003,93,New Business,2023-07-20 14:27:08,2023-11-16 23:41:19,Closed Lost,23095.53,0
OPP-010719,ACC-000015,PROD-0045,235,Upsell,2024-06-18 06:40:16,2024-06-29 23:31:41,Closed Won,31818.81,1
OPP-010725,ACC-000044,PROD-0026,478,Renewal,2025-04-14 09:20:57,2025-08-07 11:09:25,Closed Lost,52941.62,0
OPP-010742,ACC-000059,PROD-0023,809,Upsell,2024-12-31 18:39:25,2025-05-14 15:05:55,Closed Lost,71879.56,0
OPP-010745,ACC-000013,PROD-0087,508,Cross-sell,2024-08-18 20:29:56,2024-11-26 13:41:50,Closed Won,33093.35,1
OPP-010746,ACC-000005,PROD-0031,341,New Business,2023-09-20 13:17:04,2024-03-04 10:56:24,Closed Lost,41682.57,0
OPP-010750,ACC-000021,PROD-0021,116,Expansion,2024-05-21 16:13:19,2024-10-05 10:39:05,Closed Won,64480.45,1
OPP-010760,ACC-000025,PROD-0067,219,Upsell,2024-07-11 18:52:02,2024-08-21 07:45:01,Closed Lost,35118.77,0
OPP-010775,ACC-000021,PROD-0076,305,Cross-sell,2024-04-18 05:10:57,2024-09-24 05:00:33,Closed Lost,59487.58,0
OPP-010777,ACC-000025,PROD-0066,230,Cross-sell,2025-01-09 22:59:23,2025-03-16 04:23:58,Closed Won,90683.21,1
OPP-010795,ACC-000015,PROD-0045,710,Cross-sell,2024-07-05 18:52:33,2024-12-21 12:12:42,Closed Won,25988.36,1
OPP-010797,ACC-000006,PROD-0047,622,Cross-sell,2024-02-26 07:47:58,2024-04-27 11:17:20,Closed Lost,43037.45,0
OPP-010801,ACC-000018,PROD-0030,848,New Business,2025-05-18 00:16:58,2025-07-10 22:45:37,Closed Won,48799.45,1
OPP-010805,ACC-000055,PROD-0088,220,Cross-sell,2024-12-28 22:04:54,2025-03-20 05:46:59,Closed Won,18871.97,1
OPP-010808,ACC-000005,PROD-0002,383,New Business,2025-01-27 13:24:37,2025-07-22 12:43:40,Closed Lost,92228.73,0
OPP-010819,ACC-000050,PROD-0040,66,New Business,2024-06-13 18:33:19,2024-11-10 17:37:27,Closed Won,43824.17,1
OPP-010828,ACC-000039,PROD-0013,224,Upsell,2025-04-30 02:49:18,2025-10-01 18:02:04,Closed Lost,13672.12,0
OPP-010837,ACC-000019,PROD-0049,878,Renewal,2024-07-13 07:43:56,2024-11-26 06:45:23,Closed Won,94044.54,1
OPP-010844,ACC-000033,PROD-0008,173,Cross-sell,2024-09-22 17:27:57,2024-10-16 21:54:48,Closed Lost,53772.41,0
OPP-010848,ACC-000021,PROD-0053,327,New Business,2025-04-01 20:37:40,2025-05-12 02:36:13,Closed Lost,43575.26,0
OPP-010850,ACC-000032,PROD-0059,633,Cross-sell,2025-02-02 11:49:56,2025-05-11 04:31:39,Closed Lost,56876.02,0
OPP-010874,ACC-000057,PROD-0082,68,Renewal,2025-06-17 21:26:27,2025-09-24 16:28:36,Closed Lost,24869.79,0
OPP-010884,ACC-000012,PROD-0039,591,New Business,2025-02-22 17:44:50,2025-04-13 10:34:12,Closed Lost,21955.68,0
OPP-010898,ACC-000027,PROD-0061,502,Renewal,2024-02-27 21:56:52,2024-04-06 15:38:00,Closed Won,70342.85,1
OPP-010916,ACC-000031,PROD-0086,621,Upsell,2024-05-27 07:32:15,2024-06-09 23:04:17,Closed Won,45083.69,1
OPP-010949,ACC-000052,PROD-0097,740,New Business,2024-04-01 13:04:51,2024-09-09 13:11:30,Closed Won,14153.36,1
OPP-010952,ACC-000053,PROD-0092,232,New Business,2025-06-23 11:29:06,2025-10-13 10:49:48,Closed Won,36821.06,1
OPP-010956,ACC-000024,PROD-0047,962,Expansion,2024-05-28 15:07:18,2024-09-26 06:07:06,Closed Won,56786.7,1
OPP-010960,ACC-000038,PROD-0086,183,Upsell,2024-09-02 15:46:40,2024-10-19 19:23:44,Closed Lost,46286.6,0
OPP-010961,ACC-000013,PROD-0037,588,New Business,2024-05-24 09:23:03,2024-08-28 15:34:13,Closed Won,77445.02,1
OPP-010962,ACC-000006,PROD-0068,429,Renewal,2024-02-05 05:25:45,2024-03-25 18:42:38,Closed Won,45566.59,1
OPP-010966,ACC-000043,PROD-0018,173,Cross-sell,2023-07-12 20:57:20,2024-01-08 09:47:37,Closed Won,77195.8,1
OPP-010970,ACC-000034,PROD-0062,839,Cross-sell,2025-03-25 17:47:21,2025-06-04 16:08:26,Closed Won,23360.66,1
OPP-010983,ACC-000026,PROD-0010,101,Upsell,2024-11-30 19:05:57,2025-01-29 00:32:13,Closed Won,89905.13,1
OPP-010993,ACC-000008,PROD-0077,32,Cross-sell,2024-02-26 19:20:18,2024-05-06 08:09:51,Closed Lost,26163.59,0
OPP-011022,ACC-000013,PROD-0039,460,Renewal,2025-02-27 07:46:24,2025-07-26 16:09:44,Closed Lost,44462.35,0
OPP-011034,ACC-000060,PROD-0030,947,Cross-sell,2024-10-13 20:04:37,2025-04-01 19:05:15,Closed Lost,27368.96,0
OPP-011042,ACC-000057,PROD-0049,933,Cross-sell,2024-04-18 07:19:04,2024-07-02 22:14:28,Closed Lost,86990.2,0
OPP-011054,ACC-000050,PROD-0085,520,Cross-sell,2024-08-30 09:34:10,2025-01-10 13:32:09,Closed Lost,91132.72,0
OPP-011055,ACC-000014,PROD-0013,53,Cross-sell,2023-11-20 17:27:40,2024-04-19 02:22:46,Closed Lost,27461.45,0
OPP-011067,ACC-000048,PROD-0092,87,Upsell,2024-08-18 17:43:30,2024-09-14 02:09:20,Closed Won,10295.83,1
OPP-011075,ACC-000057,PROD-0002,25,Renewal,2024-02-04 18:51:20,2024-05-18 19:34:31,Closed Lost,7817.1,0
OPP-011086,ACC-000042,PROD-0067,690,Upsell,2025-02-27 00:42:41,2025-08-15 20:42:22,Closed Won,89564.68,1
OPP-011089,ACC-000019,PROD-0100,913,Cross-sell,2025-02-12 00:59:43,2025-03-02 12:10:42,Closed Won,81555.64,1
OPP-011097,ACC-000020,PROD-0033,251,New Business,2025-01-24 12:29:44,2025-02-07 08:11:07,Closed Won,42628.62,1
OPP-011103,ACC-000059,PROD-0058,976,New Business,2025-05-03 16:29:51,2025-10-12 12:26:35,Closed Won,97331.56,1
OPP-011106,ACC-000018,PROD-0063,980,Renewal,2024-06-25 13:57:29,2024-07-30 14:31:59,Closed Lost,27381.59,0
OPP-011113,ACC-000026,PROD-0056,450,New Business,2025-03-27 11:26:05,2025-04-26 23:53:05,Closed Won,86090.96,1
OPP-011126,ACC-000053,PROD-0020,366,Cross-sell,2024-06-19 18:29:53,2024-08-14 09:08:46,Closed Lost,34587.05,0
OPP-011127,ACC-000025,PROD-0075,462,Renewal,2024-06-04 09:26:25,2024-11-17 01:22:55,Closed Won,78015.26,1
OPP-011128,ACC-000050,PROD-0046,86,Renewal,2025-05-02 08:18:10,2025-06-20 18:32:36,Closed Won,42157.39,1
OPP-011130,ACC-000037,PROD-0049,930,Upsell,2024-04-24 20:33:44,2024-05-24 07:59:00,Closed Won,90256.63,1
OPP-011144,ACC-000036,PROD-0088,530,Renewal,2023-12-26 03:55:50,2024-05-08 18:48:32,Closed Won,66418.19,1
OPP-011156,ACC-000029,PROD-0089,495,Renewal,2025-04-04 07:26:02,2025-06-10 06:54:28,Closed Lost,66068.57,0
OPP-011173,ACC-000011,PROD-0032,174,New Business,2024-11-01 11:27:16,2024-11-18 14:36:04,Closed Lost,95179.12,0
OPP-011176,ACC-000055,PROD-0030,87,Cross-sell,2024-11-21 06:27:05,2025-02-26 08:09:10,Closed Won,66300.05,1
OPP-011178,ACC-000052,PROD-0061,182,Renewal,2024-02-19 14:25:54,2024-08-11 15:00:53,Closed Won,64815.6,1
OPP-011179,ACC-000007,PROD-0094,170,Renewal,2024-01-01 14:33:20,2024-03-23 17:21:31,Closed Lost,89873.57,0
OPP-011187,ACC-000008,PROD-0098,412,Expansion,2025-05-21 09:53:24,2025-05-26 23:08:54,Closed Lost,86242.83,0
OPP-011210,ACC-000047,PROD-0030,464,New Business,2025-06-06 21:50:09,2025-10-07 02:40:38,Closed Won,49325.33,1
OPP-011218,ACC-000015,PROD-0055,938,Renewal,2025-05-03 17:13:52,2025-08-04 00:09:13,Closed Lost,90324.1,0
OPP-011222,ACC-000033,PROD-0034,287,New Business,2024-06-12 15:57:17,2024-10-22 03:15:14,Closed Won,89422.13,1
OPP-011230,ACC-000011,PROD-0001,96,Expansion,2024-10-28 15:51:16,2025-01-20 02:14:02,Closed Won,69407.48,1
OPP-011242,ACC-000043,PROD-0092,363,Expansion,2025-05-17 10:09:32,2025-08-13 18:43:28,Closed Lost,20259.55,0
OPP-011246,ACC-000029,PROD-0025,241,Expansion,2024-04-28 12:18:26,2024-10-23 20:47:16,Closed Won,40226.76,1
OPP-011249,ACC-000058,PROD-0042,585,Upsell,2025-04-20 04:17:14,2025-05-13 05:21:12,Closed Lost,84170.05,0
OPP-011252,ACC-000050,PROD-0052,255,New Business,2024-12-02 00:02:13,2025-04-29 23:30:34,Closed Won,26818.63,1
OPP-011266,ACC-000007,PROD-0073,178,New Business,2024-08-15 16:34:13,2025-01-20 09:23:55,Closed Won,20522.01,1
OPP-011269,ACC-000035,PROD-0036,281,Renewal,2025-05-10 12:24:10,2025-09-08 09:58:41,Closed Won,63846.48,1
OPP-011271,ACC-000043,PROD-0058,729,Expansion,2023-12-20 20:24:24,2024-04-21 10:22:01,Closed Lost,20881.66,0
OPP-011284,ACC-000055,PROD-0076,988,Expansion,2024-08-30 13:00:49,2024-09-16 07:13:34,Closed Lost,83466.04,0
OPP-011290,ACC-000016,PROD-0077,626,Cross-sell,2024-05-28 14:47:12,2024-07-13 20:59:54,Closed Lost,2642.61,0
OPP-011309,ACC-000034,PROD-0062,845,Upsell,2024-05-13 22:46:33,2024-09-06 20:49:11,Closed Won,10190.15,1
OPP-011325,ACC-000041,PROD-0015,896,New Business,2024-06-24 10:33:02,2024-11-20 08:10:25,Closed Won,71014.92,1
OPP-011346,ACC-000016,PROD-0004,460,Expansion,2024-04-10 20:00:51,2024-10-01 18:18:22,Closed Won,52085.89,1
OPP-011358,ACC-000012,PROD-0029,854,Cross-sell,2024-02-16 11:14:23,2024-07-13 04:49:28,Closed Won,5224.5,1
OPP-011368,ACC-000010,PROD-0091,729,Cross-sell,2024-05-11 08:57:12,2024-05-29 12:08:34,Closed Won,48693.99,1
OPP-011370,ACC-000044,PROD-0024,131,Upsell,2023-12-29 05:07:33,2024-05-28 00:02:44,Closed Won,2244.02,1
OPP-011374,ACC-000046,PROD-0059,242,Expansion,2024-06-16 23:53:15,2024-10-28 05:57:14,Closed Lost,65085.24,0
OPP-011376,ACC-000014,PROD-0054,557,New Business,2024-05-17 02:41:29,2024-05-30 21:42:32,Closed Lost,78138.57,0
OPP-011377,ACC-000009,PROD-0025,283,Expansion,2023-11-29 19:05:06,2024-01-20 18:07:53,Closed Won,35520.99,1
OPP-011387,ACC-000041,PROD-0069,949,Renewal,2024-09-26 11:48:32,2024-12-31 11:07:17,Closed Won,84149.29,1
OPP-011390,ACC-000050,PROD-0011,648,Renewal,2024-08-28 20:11:58,2024-10-05 18:59:31,Closed Won,74535.43,1
OPP-011397,ACC-000058,PROD-0010,310,Cross-sell,2023-06-20 20:07:40,2023-12-09 17:06:24,Closed Won,98727.06,1
OPP-011400,ACC-000043,PROD-0067,78,Cross-sell,2024-11-16 12:08:31,2025-04-30 21:01:55,Closed Won,6746.05,1
OPP-011402,ACC-000033,PROD-0018,590,Cross-sell,2023-06-18 18:52:44,2023-12-05 11:13:55,Closed Lost,58007.64,0
OPP-011444,ACC-000060,PROD-0011,368,Upsell,2024-07-26 20:18:33,2024-11-01 18:27:20,Closed Won,87968.32,1
OPP-011456,ACC-000023,PROD-0093,372,Cross-sell,2024-01-28 18:48:48,2024-03-25 23:09:03,Closed Won,19865.72,1
OPP-011459,ACC-000008,PROD-0024,619,New Business,2023-09-12 10:36:14,2023-12-18 09:53:24,Closed Won,9784.84,1
OPP-011460,ACC-000021,PROD-0092,90,Upsell,2024-11-27 22:55:49,2025-01-09 23:26:43,Closed Won,18171.82,1
OPP-011469,ACC-000052,PROD-0008,65,Cross-sell,2024-02-14 08:20:29,2024-05-08 15:36:51,Closed Won,80315.28,1
OPP-011470,ACC-000031,PROD-0036,467,Expansion,2024-02-03 16:49:38,2024-02-28 08:40:37,Closed Lost,21562.15,0
OPP-011475,ACC-000038,PROD-0080,655,Cross-sell,2024-07-28 10:37:08,2024-10-09 22:34:40,Closed Won,81202.04,1
OPP-011478,ACC-000030,PROD-0057,159,Renewal,2025-03-01 21:37:12,2025-03-27 18:45:55,Closed Lost,72051.88,0
OPP-011492,ACC-000002,PROD-0083,512,Renewal,2025-04-30 15:23:01,2025-07-01 07:54:42,Closed Won,83135.49,1
OPP-011501,ACC-000027,PROD-0100,449,Expansion,2024-11-12 17:24:34,2025-01-17 00:15:51,Closed Won,69898.32,1
OPP-011502,ACC-000046,PROD-0073,557,Upsell,2024-06-17 09:20:29,2024-07-26 03:12:26,Closed Lost,17593.03,0
OPP-011503,ACC-000004,PROD-0003,717,Cross-sell,2025-04-29 13:21:02,2025-05-25 05:49:57,Closed Won,57652.14,1
OPP-011508,ACC-000032,PROD-0014,75,Renewal,2025-05-14 08:28:12,2025-06-28 19:20:44,Closed Won,6077,1
OPP-011510,ACC-000037,PROD-0001,511,Renewal,2024-01-05 12:12:41,2024-05-03 20:09:40,Closed Lost,12345.37,0
OPP-011514,ACC-000032,PROD-0042,424,Cross-sell,2023-07-27 13:36:24,2023-11-14 22:45:56,Closed Won,97317.37,1
OPP-011523,ACC-000039,PROD-0038,587,Renewal,2024-02-22 07:28:58,2024-04-25 18:30:12,Closed Won,18550.72,1
OPP-011527,ACC-000006,PROD-0050,782,Cross-sell,2024-01-20 16:16:36,2024-07-14 12:35:13,Closed Lost,45203.54,0
OPP-011528,ACC-000050,PROD-0002,488,New Business,2025-04-12 13:16:56,2025-09-01 21:12:03,Closed Won,88957.13,1
OPP-011535,ACC-000060,PROD-0009,702,New Business,2024-10-06 15:23:05,2024-11-30 06:37:05,Closed Won,83027.76,1
OPP-011536,ACC-000033,PROD-0014,560,New Business,2024-07-08 11:34:07,2024-08-06 06:23:07,Closed Lost,62708.47,0
OPP-011546,ACC-000029,PROD-0047,415,Upsell,2023-07-18 04:36:47,2023-11-05 07:09:13,Closed Lost,33821.44,0
OPP-011556,ACC-000029,PROD-0052,6,Expansion,2024-03-27 20:26:53,2024-05-04 09:30:02,Closed Won,10940.85,1
OPP-011567,ACC-000023,PROD-0017,178,New Business,2024-11-20 12:57:34,2025-02-27 10:22:19,Closed Won,4216.4,1
OPP-011570,ACC-000033,PROD-0061,294,Upsell,2024-11-07 21:30:30,2025-01-20 21:50:12,Closed Won,34480.01,1
OPP-011573,ACC-000039,PROD-0010,268,Upsell,2024-12-21 04:50:48,2025-06-05 18:43:17,Closed Won,13032.71,1
OPP-011585,ACC-000037,PROD-0084,199,New Business,2023-06-20 19:55:44,2023-11-19 11:24:16,Closed Lost,97691.38,0
OPP-011619,ACC-000058,PROD-0072,545,Expansion,2023-10-31 03:57:16,2023-11-06 02:37:52,Closed Lost,21685.82,0
OPP-011626,ACC-000008,PROD-0069,906,Cross-sell,2025-01-17 08:48:05,2025-06-15 01:08:06,Closed Won,68768.2,1
OPP-011628,ACC-000060,PROD-0079,907,Upsell,2024-03-24 09:39:29,2024-05-19 08:06:33,Closed Won,82235.84,1
OPP-011632,ACC-000034,PROD-0057,756,Expansion,2023-11-28 18:02:59,2023-12-07 09:34:50,Closed Lost,29291.53,0
OPP-011633,ACC-000002,PROD-0049,656,Cross-sell,2025-03-31 16:02:02,2025-07-10 00:46:03,Closed Won,82653.99,1
OPP-011635,ACC-000027,PROD-0070,150,Upsell,2024-07-25 08:47:46,2024-12-12 15:31:03,Closed Won,79069.64,1
OPP-011644,ACC-000034,PROD-0068,617,Cross-sell,2024-07-11 12:07:38,2024-08-27 03:22:11,Closed Won,81616.99,1
OPP-011663,ACC-000053,PROD-0087,197,Cross-sell,2023-10-28 00:17:07,2024-04-05 19:01:31,Closed Won,64295.1,1
OPP-011665,ACC-000048,PROD-0034,226,Cross-sell,2024-12-14 15:25:30,2025-01-24 21:18:04,Closed Lost,70291.22,0
OPP-011680,ACC-000015,PROD-0064,921,Expansion,2024-06-15 18:30:04,2024-07-30 13:29:59,Closed Lost,96283.18,0
OPP-011684,ACC-000056,PROD-0082,972,Cross-sell,2024-09-18 21:41:34,2024-11-04 01:59:35,Closed Lost,49553.37,0
OPP-011686,ACC-000015,PROD-0010,929,Upsell,2025-03-11 19:41:33,2025-04-08 13:17:44,Closed Won,5648.05,1
OPP-011696,ACC-000020,PROD-0036,991,Renewal,2024-09-29 19:00:17,2024-11-26 00:49:19,Closed Won,25493.57,1
OPP-011700,ACC-000004,PROD-0004,188,Renewal,2024-06-15 12:25:23,2024-09-05 02:10:39,Closed Won,21043.71,1
OPP-011701,ACC-000044,PROD-0068,900,Cross-sell,2023-10-31 00:22:26,2023-11-14 05:05:51,Closed Lost,18694.06,0
OPP-011725,ACC-000046,PROD-0052,209,New Business,2024-02-21 01:05:31,2024-04-16 16:35:27,Closed Lost,33177.01,0
OPP-011744,ACC-000014,PROD-0096,885,Expansion,2024-05-07 05:58:37,2024-08-15 15:09:41,Closed Won,76880.77,1
OPP-011755,ACC-000031,PROD-0096,909,Renewal,2023-12-01 08:35:08,2024-04-23 05:12:28,Closed Lost,94795.4,0
OPP-011759,ACC-000011,PROD-0041,66,New Business,2024-06-04 01:27:57,2024-10-13 23:29:42,Closed Lost,84419.04,0
OPP-011762,ACC-000038,PROD-0011,948,Expansion,2024-01-06 03:59:47,2024-06-13 23:30:05,Closed Lost,13270.74,0
OPP-011767,ACC-000059,PROD-0007,762,Renewal,2024-02-26 05:05:10,2024-04-11 20:04:42,Closed Lost,78505.95,0
OPP-011779,ACC-000049,PROD-0071,560,Expansion,2025-01-07 06:58:52,2025-02-12 10:07:31,Closed Lost,26705.56,0
OPP-011792,ACC-000021,PROD-0085,296,New Business,2025-05-29 00:20:51,2025-09-02 11:45:10,Closed Lost,9950.13,0
OPP-011794,ACC-000036,PROD-0052,209,Cross-sell,2023-11-16 18:58:54,2024-03-12 15:59:36,Closed Won,23386.8,1
OPP-011798,ACC-000009,PROD-0085,74,Cross-sell,2025-06-24 10:23:08,2025-08-12 16:33:55,Closed Lost,43679.96,0
OPP-011804,ACC-000023,PROD-0094,726,New Business,2024-02-15 14:02:21,2024-02-26 07:11:12,Closed Lost,6508.62,0
OPP-011822,ACC-000025,PROD-0070,318,New Business,2025-03-21 01:57:12,2025-06-02 11:25:29,Closed Won,68039.89,1
OPP-011835,ACC-000031,PROD-0093,586,Upsell,2023-06-08 09:13:34,2023-11-28 16:37:57,Closed Won,13185.15,1
OPP-011836,ACC-000048,PROD-0029,404,New Business,2024-11-23 04:38:49,2025-05-20 18:50:01,Closed Lost,43037.17,0
OPP-011839,ACC-000038,PROD-0076,785,Renewal,2024-03-13 15:59:24,2024-08-06 04:29:43,Closed Lost,46854.24,0
OPP-011841,ACC-000004,PROD-0093,136,Renewal,2024-11-11 02:03:29,2024-11-17 23:34:52,Closed Lost,10352.1,0
OPP-011850,ACC-000010,PROD-0010,131,New Business,2023-06-05 18:28:36,2023-11-22 16:00:00,Closed Lost,64164.38,0
OPP-011854,ACC-000014,PROD-0068,897,New Business,2023-11-11 12:46:40,2024-01-04 13:40:37,Closed Won,69082.77,1
OPP-011858,ACC-000013,PROD-0067,261,New Business,2023-11-20 12:29:22,2024-02-22 16:10:11,Closed Won,47284.91,1
OPP-011861,ACC-000018,PROD-0043,885,Upsell,2024-06-07 05:57:32,2024-07-08 00:21:52,Closed Lost,74828.94,0
OPP-011864,ACC-000049,PROD-0034,275,Renewal,2024-05-16 20:07:09,2024-07-30 03:02:50,Closed Won,42566.21,1
OPP-011890,ACC-000046,PROD-0046,386,Upsell,2024-06-03 22:41:02,2024-08-30 22:27:52,Closed Lost,88287.24,0
OPP-011891,ACC-000029,PROD-0078,291,Cross-sell,2024-12-08 09:54:47,2024-12-09 18:59:38,Closed Won,1298.77,1
OPP-011894,ACC-000051,PROD-0001,513,New Business,2025-03-16 12:56:52,2025-07-04 21:42:20,Closed Lost,8671.89,0
OPP-011895,ACC-000045,PROD-0024,945,Expansion,2025-01-16 07:25:04,2025-07-02 17:19:08,Closed Won,8101.06,1
OPP-011898,ACC-000057,PROD-0096,203,Cross-sell,2023-07-27 11:21:31,2023-12-29 06:10:38,Closed Lost,23038.24,0
OPP-011901,ACC-000007,PROD-0058,708,Expansion,2024-08-25 01:06:12,2024-09-04 05:30:42,Closed Won,62342.59,1
OPP-011904,ACC-000017,PROD-0077,968,Expansion,2024-01-13 14:36:52,2024-03-25 22:20:35,Closed Won,84888.34,1
OPP-011905,ACC-000006,PROD-0057,379,Renewal,2023-06-07 08:14:26,2023-11-14 17:02:45,Closed Lost,35453.71,0
OPP-011913,ACC-000045,PROD-0063,659,Expansion,2023-11-01 13:23:41,2024-02-15 13:33:06,Closed Won,5177.96,1
OPP-011927,ACC-000004,PROD-0016,518,Renewal,2024-05-08 12:14:04,2024-10-02 11:13:13,Closed Lost,38784.48,0
OPP-011930,ACC-000043,PROD-0100,520,Upsell,2024-05-13 06:02:58,2024-08-27 13:12:15,Closed Lost,10199,0
OPP-011934,ACC-000002,PROD-0083,206,New Business,2024-01-19 23:34:43,2024-03-10 03:34:39,Closed Won,51945.88,1
OPP-011935,ACC-000044,PROD-0096,624,Cross-sell,2025-04-03 00:25:58,2025-04-30 17:53:19,Closed Won,49744.91,1
OPP-011944,ACC-000023,PROD-0072,769,New Business,2024-05-20 10:33:20,2024-06-22 08:08:16,Closed Won,97565.51,1
OPP-011955,ACC-000010,PROD-0033,358,Expansion,2024-03-07 10:23:57,2024-08-16 23:51:40,Closed Won,88779.26,1
OPP-011959,ACC-000012,PROD-0029,743,Expansion,2024-11-20 08:44:54,2025-03-12 18:20:58,Closed Lost,77356.74,0
OPP-011964,ACC-000015,PROD-0093,229,Renewal,2024-12-30 16:13:58,2025-05-15 06:50:52,Closed Lost,38923.9,0
OPP-011975,ACC-000008,PROD-0040,65,Cross-sell,2023-10-31 15:56:19,2024-03-09 17:22:16,Closed Won,42785.66,1
OPP-011979,ACC-000031,PROD-0015,314,Cross-sell,2024-05-26 03:29:44,2024-10-11 23:11:02,Closed Lost,47509.35,0
OPP-011980,ACC-000003,PROD-0035,807,New Business,2024-11-03 06:13:02,2025-01-08 06:57:47,Closed Lost,44152.03,0
OPP-011983,ACC-000031,PROD-0037,227,Cross-sell,2024-08-08 11:14:58,2025-01-18 21:28:35,Closed Won,29826.22,1
OPP-011991,ACC-000004,PROD-0078,219,Renewal,2024-12-22 09:43:02,2025-03-09 16:17:47,Closed Won,8396.25,1
OPP-011993,ACC-000048,PROD-0015,539,Cross-sell,2023-12-11 22:34:21,2024-02-19 02:58:37,Closed Lost,84258.1,0
OPP-011996,ACC-000036,PROD-0041,620,Upsell,2024-09-08 02:07:19,2024-09-29 18:06:21,Closed Lost,76168.27,0
OPP-012004,ACC-000032,PROD-0060,26,Expansion,2025-04-19 06:29:04,2025-09-13 13:12:18,Closed Lost,78244.25,0
OPP-012010,ACC-000054,PROD-0006,522,Renewal,2024-11-22 05:28:30,2024-12-14 03:51:48,Closed Won,36736.07,1
OPP-012018,ACC-000001,PROD-0087,821,Renewal,2024-12-31 12:36:22,2025-02-11 03:45:14,Closed Won,24121.86,1
OPP-012020,ACC-000033,PROD-0084,396,New Business,2024-03-16 01:21:43,2024-04-04 19:29:27,Closed Lost,74666.6,0
OPP-012030,ACC-000059,PROD-0087,52,Cross-sell,2024-05-20 15:55:07,2024-06-04 12:22:09,Closed Won,12711.57,1
OPP-012036,ACC-000017,PROD-0071,473,Expansion,2024-04-21 07:24:26,2024-07-09 13:31:37,Closed Lost,29391.14,0
OPP-012049,ACC-000005,PROD-0044,718,Renewal,2024-03-11 08:25:55,2024-07-09 17:37:20,Closed Won,26278.96,1
OPP-012050,ACC-000033,PROD-0041,20,Expansion,2024-01-06 06:54:19,2024-01-15 10:03:22,Closed Won,29305.39,1
OPP-012057,ACC-000052,PROD-0020,402,Upsell,2024-06-20 23:09:52,2024-09-21 22:17:19,Closed Won,83349.45,1
OPP-012061,ACC-000008,PROD-0068,94,New Business,2023-10-13 21:45:01,2024-03-12 09:13:10,Closed Lost,28544.91,0
OPP-012065,ACC-000010,PROD-0003,115,Expansion,2023-12-27 15:19:29,2024-04-27 01:48:50,Closed Lost,46538.99,0
OPP-012068,ACC-000039,PROD-0079,332,Upsell,2024-05-27 10:43:09,2024-08-31 15:43:19,Closed Lost,73252.8,0
OPP-012073,ACC-000002,PROD-0057,707,Cross-sell,2025-05-05 19:12:44,2025-05-23 15:51:46,Closed Lost,53240.76,0
OPP-012080,ACC-000020,PROD-0081,22,Cross-sell,2024-07-27 16:47:36,2025-01-05 23:48:35,Closed Lost,44992.7,0
OPP-012081,ACC-000003,PROD-0078,643,Cross-sell,2024-07-14 05:32:49,2024-11-14 19:36:45,Closed Lost,84265.86,0
OPP-012082,ACC-000041,PROD-0044,951,Upsell,2025-05-31 07:58:16,2025-06-19 14:04:08,Closed Lost,94036.89,0
OPP-012090,ACC-000021,PROD-0022,938,New Business,2023-11-04 01:06:38,2024-04-03 22:57:22,Closed Lost,90872.47,0
OPP-012101,ACC-000038,PROD-0066,310,Renewal,2025-02-27 18:08:17,2025-07-09 20:59:49,Closed Won,20168.31,1
OPP-012105,ACC-000033,PROD-0019,694,Expansion,2023-08-24 01:45:26,2023-11-19 08:57:03,Closed Lost,58212.15,0
OPP-012110,ACC-000020,PROD-0031,91,Expansion,2024-06-15 12:39:29,2024-10-04 05:58:54,Closed Won,8123.52,1
OPP-012116,ACC-000051,PROD-0018,706,Upsell,2024-07-27 18:44:35,2024-08-07 05:46:15,Closed Lost,39249.83,0
OPP-012118,ACC-000022,PROD-0069,173,Expansion,2023-12-25 08:45:21,2024-01-18 05:07:51,Closed Won,33576.74,1
OPP-012119,ACC-000011,PROD-0037,317,Renewal,2024-06-17 05:07:44,2024-09-26 13:17:40,Closed Lost,33895.5,0
OPP-012139,ACC-000049,PROD-0100,135,New Business,2024-08-28 03:50:52,2025-02-01 19:49:14,Closed Won,14816.63,1
OPP-012148,ACC-000021,PROD-0019,10,Expansion,2025-03-04 04:21:10,2025-07-15 19:31:04,Closed Lost,78497.38,0
OPP-012152,ACC-000009,PROD-0004,611,Expansion,2024-07-11 11:09:49,2024-10-06 19:27:33,Closed Lost,37355.15,0
OPP-012153,ACC-000034,PROD-0022,751,Renewal,2024-12-05 09:45:19,2025-04-21 11:37:36,Closed Won,59395.26,1
OPP-012154,ACC-000031,PROD-0048,112,Renewal,2025-05-14 18:41:53,2025-06-07 07:42:52,Closed Lost,56207.71,0
OPP-012158,ACC-000047,PROD-0095,766,Expansion,2024-01-24 17:26:34,2024-05-14 00:08:40,Closed Won,64677.61,1
OPP-012163,ACC-000026,PROD-0052,676,Renewal,2024-06-18 07:23:59,2024-09-10 19:13:16,Closed Won,48442.8,1
OPP-012178,ACC-000021,PROD-0017,794,Renewal,2024-06-23 03:57:59,2024-09-14 03:49:06,Closed Lost,88086.65,0
OPP-012197,ACC-000010,PROD-0080,989,Expansion,2024-04-18 15:09:57,2024-08-03 15:19:56,Closed Won,16242.92,1
OPP-012202,ACC-000022,PROD-0035,854,New Business,2024-11-06 18:59:42,2025-03-15 05:24:03,Closed Won,71842.94,1
OPP-012210,ACC-000024,PROD-0052,3,Expansion,2024-08-31 10:33:56,2025-01-15 15:40:15,Closed Lost,42927.07,0
OPP-012213,ACC-000004,PROD-0052,65,New Business,2023-08-30 03:12:55,2024-01-31 03:58:02,Closed Lost,1452.92,0
OPP-012217,ACC-000034,PROD-0046,909,Cross-sell,2024-04-28 00:41:51,2024-06-19 15:49:23,Closed Won,99889.39,1
OPP-012218,ACC-000054,PROD-0064,160,Renewal,2023-12-25 05:28:01,2024-04-07 05:51:57,Closed Won,6057.19,1
OPP-012221,ACC-000034,PROD-0029,800,Cross-sell,2024-12-10 03:12:55,2025-01-06 17:58:10,Closed Won,71046.18,1
OPP-012223,ACC-000017,PROD-0020,510,Upsell,2025-05-28 21:05:35,2025-07-16 04:42:22,Closed Lost,41492.12,0
OPP-012224,ACC-000033,PROD-0082,602,Expansion,2025-02-24 10:41:19,2025-05-29 17:27:51,Closed Won,19364.07,1
OPP-012225,ACC-000032,PROD-0095,578,New Business,2024-11-24 05:34:22,2025-01-05 16:50:21,Closed Lost,84803.29,0
OPP-012232,ACC-000014,PROD-0030,765,Renewal,2023-11-04 16:16:35,2024-03-07 16:07:05,Closed Won,29614.61,1
OPP-012233,ACC-000032,PROD-0008,240,Expansion,2024-02-27 15:05:38,2024-06-12 18:12:50,Closed Won,41319.15,1
OPP-012234,ACC-000011,PROD-0057,308,Renewal,2025-02-21 12:07:00,2025-07-28 14:25:19,Closed Lost,8115.12,0
OPP-012239,ACC-000039,PROD-0031,2,Expansion,2025-02-20 04:31:55,2025-05-31 04:41:18,Closed Lost,71648.18,0
OPP-012251,ACC-000007,PROD-0049,208,New Business,2025-01-23 02:39:32,2025-05-25 14:16:32,Closed Won,99523.41,1
OPP-012272,ACC-000055,PROD-0085,35,New Business,2024-01-26 15:19:14,2024-07-08 01:05:55,Closed Lost,90798.37,0
OPP-012275,ACC-000052,PROD-0016,289,Cross-sell,2025-05-08 08:04:32,2025-06-03 01:27:33,Closed Won,70593.83,1
OPP-012277,ACC-000034,PROD-0043,528,New Business,2024-02-08 18:42:17,2024-07-12 06:33:02,Closed Won,72576.35,1
OPP-012279,ACC-000039,PROD-0054,693,Expansion,2025-04-09 04:30:43,2025-06-28 03:05:15,Closed Lost,31503.29,0
OPP-012281,ACC-000025,PROD-0062,319,New Business,2025-03-13 23:26:34,2025-08-08 16:00:09,Closed Lost,15850.47,0
OPP-012286,ACC-000023,PROD-0021,667,New Business,2023-09-16 07:39:14,2023-11-12 04:05:45,Closed Won,15191.25,1
OPP-012287,ACC-000013,PROD-0028,643,Cross-sell,2023-08-09 20:12:30,2024-01-07 23:06:41,Closed Lost,36518.59,0
OPP-012293,ACC-000051,PROD-0095,361,Upsell,2023-11-18 02:55:33,2023-12-05 14:19:16,Closed Won,35325.13,1
OPP-012296,ACC-000047,PROD-0002,992,New Business,2024-10-17 16:10:43,2024-11-15 22:33:18,Closed Won,80417.92,1
OPP-012304,ACC-000011,PROD-0046,311,Renewal,2024-04-03 13:42:22,2024-09-08 05:43:10,Closed Lost,57263.37,0
OPP-012308,ACC-000029,PROD-0079,702,Upsell,2023-10-08 02:49:19,2024-02-03 15:42:18,Closed Won,71424.66,1
OPP-012310,ACC-000054,PROD-0050,888,Renewal,2025-05-26 16:42:57,2025-07-26 12:45:39,Closed Won,12099.01,1
OPP-012316,ACC-000049,PROD-0069,793,Expansion,2024-09-17 04:18:27,2025-03-06 08:12:10,Closed Lost,56728.2,0
OPP-012322,ACC-000062,PROD-0002,751,Upsell,2025-06-02 02:35:21,2025-10-13 13:47:45,Closed Lost,44062.54,0
OPP-012333,ACC-000021,PROD-0051,395,Expansion,2023-09-09 16:47:44,2024-01-08 09:16:20,Closed Lost,83884.8,0
OPP-012337,ACC-000028,PROD-0022,262,Cross-sell,2024-03-01 21:04:25,2024-04-23 23:01:49,Closed Lost,61214.83,0
OPP-012353,ACC-000052,PROD-0077,882,Renewal,2024-05-13 20:34:05,2024-08-02 18:28:47,Closed Won,21244.08,1
OPP-012364,ACC-000051,PROD-0011,834,Renewal,2024-10-06 14:01:04,2025-02-18 05:52:41,Closed Lost,12800.14,0
OPP-012379,ACC-000042,PROD-0020,452,Upsell,2024-03-16 14:17:22,2024-05-04 13:31:09,Closed Lost,92483.57,0
OPP-012383,ACC-000007,PROD-0076,982,Expansion,2024-03-08 14:14:30,2024-08-17 20:08:10,Closed Won,42986.95,1
OPP-012394,ACC-000050,PROD-0082,23,Expansion,2024-07-16 10:58:18,2024-09-08 00:42:49,Closed Won,13511.65,1
OPP-012395,ACC-000011,PROD-0069,442,Upsell,2025-06-16 03:14:56,2025-10-05 11:12:12,Closed Won,63175.97,1
OPP-012410,ACC-000017,PROD-0064,698,Upsell,2025-06-18 16:19:16,2025-08-08 03:49:32,Closed Won,36700.37,1
OPP-012412,ACC-000019,PROD-0039,703,New Business,2023-08-06 14:44:22,2023-11-03 22:04:38,Closed Won,85406.67,1
OPP-012414,ACC-000016,PROD-0099,247,Renewal,2023-10-31 23:13:55,2024-02-23 06:55:43,Closed Won,24956.54,1
OPP-012423,ACC-000055,PROD-0024,351,Expansion,2023-07-29 01:50:00,2023-11-22 16:00:03,Closed Won,96611.67,1
OPP-012450,ACC-000022,PROD-0024,845,Cross-sell,2024-04-19 07:23:00,2024-08-08 07:46:42,Closed Won,86849.83,1
OPP-012460,ACC-000036,PROD-0027,429,Cross-sell,2024-02-14 02:04:02,2024-06-11 07:19:57,Closed Won,50403.72,1
OPP-012462,ACC-000029,PROD-0074,775,New Business,2024-09-08 08:07:35,2024-10-31 03:12:18,Closed Won,99689.13,1
OPP-012464,ACC-000010,PROD-0003,388,Cross-sell,2023-11-04 00:44:20,2024-01-12 16:24:28,Closed Lost,1993.28,0
OPP-012478,ACC-000054,PROD-0092,751,Expansion,2024-02-10 22:55:58,2024-02-15 08:12:42,Closed Lost,49574.37,0
OPP-012481,ACC-000038,PROD-0063,982,New Business,2024-08-21 19:56:00,2024-12-20 01:59:49,Closed Won,83162.46,1
OPP-012483,ACC-000014,PROD-0066,117,Renewal,2024-12-07 03:57:10,2025-03-12 14:04:30,Closed Lost,45019.27,0
OPP-012511,ACC-000010,PROD-0090,615,Cross-sell,2024-07-09 06:51:30,2024-10-04 12:40:06,Closed Lost,96760.65,0
OPP-012516,ACC-000044,PROD-0040,153,Expansion,2025-02-08 21:53:15,2025-06-09 08:14:30,Closed Lost,3159.12,0
OPP-012535,ACC-000023,PROD-0100,32,Expansion,2025-01-20 16:47:47,2025-04-17 13:32:55,Closed Won,77293.5,1
OPP-012536,ACC-000013,PROD-0093,668,Expansion,2024-01-26 19:41:55,2024-03-07 17:15:22,Closed Lost,48391.12,0
OPP-012539,ACC-000043,PROD-0090,291,Renewal,2024-06-25 08:29:02,2024-07-11 08:59:36,Closed Won,48877.56,1
OPP-012546,ACC-000001,PROD-0073,741,New Business,2024-11-03 19:06:22,2025-01-22 05:54:43,Closed Won,30154.14,1
OPP-012556,ACC-000050,PROD-0080,710,Cross-sell,2025-03-23 01:53:46,2025-06-23 06:55:02,Closed Lost,58498.73,0
OPP-012590,ACC-000052,PROD-0089,351,Renewal,2024-03-26 13:24:19,2024-07-05 23:35:28,Closed Lost,86304.27,0
OPP-012591,ACC-000022,PROD-0070,841,Renewal,2024-01-15 05:59:25,2024-04-28 08:20:02,Closed Won,28522.81,1
OPP-012598,ACC-000058,PROD-0043,646,Expansion,2024-09-22 07:03:44,2024-11-06 16:19:23,Closed Won,97413.97,1
OPP-012600,ACC-000018,PROD-0069,355,Renewal,2025-05-21 07:05:19,2025-06-22 02:56:03,Closed Lost,22021.06,0
OPP-012602,ACC-000007,PROD-0092,106,Cross-sell,2024-02-09 15:21:58,2024-06-24 15:45:30,Closed Won,40787.06,1
OPP-012603,ACC-000036,PROD-0032,397,New Business,2023-11-04 08:30:08,2023-11-15 01:49:20,Closed Won,74341.21,1
OPP-012606,ACC-000061,PROD-0089,9,Cross-sell,2023-09-22 12:36:44,2023-11-12 01:40:32,Closed Won,43758.82,1
OPP-012613,ACC-000059,PROD-0049,648,Upsell,2025-03-12 15:17:14,2025-09-07 11:59:01,Closed Won,90068.3,1
OPP-012626,ACC-000045,PROD-0042,595,Renewal,2025-03-06 02:38:16,2025-07-29 00:23:25,Closed Lost,98579.15,0
OPP-012631,ACC-000015,PROD-0088,573,Renewal,2025-04-18 18:50:22,2025-05-22 09:25:56,Closed Lost,55406.88,0
OPP-012635,ACC-000028,PROD-0031,713,Upsell,2024-01-20 17:33:55,2024-06-08 02:11:29,Closed Lost,80902.99,0
OPP-012639,ACC-000040,PROD-0014,474,New Business,2024-12-19 04:29:58,2025-05-21 06:12:47,Closed Lost,61937.07,0
OPP-012641,ACC-000053,PROD-0021,664,Renewal,2023-10-06 00:57:06,2023-10-31 03:28:23,Closed Won,33721.1,1
OPP-012652,ACC-000037,PROD-0037,624,Renewal,2024-11-01 23:47:56,2024-11-04 16:33:37,Closed Lost,53226.25,0
OPP-012658,ACC-000025,PROD-0075,831,Renewal,2024-12-12 23:57:56,2024-12-18 00:31:05,Closed Lost,9336.05,0
OPP-012671,ACC-000025,PROD-0017,613,Upsell,2025-02-26 03:47:48,2025-06-25 09:47:54,Closed Won,46352.51,1
OPP-012672,ACC-000024,PROD-0066,725,New Business,2025-01-14 13:56:19,2025-03-27 21:10:19,Closed Won,11061.35,1
OPP-012682,ACC-000062,PROD-0037,660,Renewal,2024-07-10 20:18:56,2024-08-29 01:04:49,Closed Lost,7098.78,0
OPP-012692,ACC-000025,PROD-0090,385,New Business,2024-11-20 12:34:12,2025-02-24 15:55:58,Closed Lost,64818.38,0
OPP-012697,ACC-000007,PROD-0093,676,Upsell,2023-10-17 17:09:16,2024-03-07 17:39:16,Closed Won,98685.87,1
OPP-012704,ACC-000025,PROD-0020,937,New Business,2024-11-01 04:16:34,2025-02-27 18:11:26,Closed Won,6245.33,1
OPP-012705,ACC-000027,PROD-0067,420,New Business,2023-12-12 15:26:27,2024-05-01 03:13:18,Closed Won,67397.92,1
OPP-012706,ACC-000041,PROD-0096,114,New Business,2025-01-19 18:45:15,2025-06-15 06:56:49,Closed Won,70013.26,1
OPP-012708,ACC-000031,PROD-0048,345,Cross-sell,2024-09-08 04:34:24,2024-10-28 00:19:16,Closed Lost,3314.35,0
OPP-012738,ACC-000016,PROD-0004,226,Cross-sell,2024-09-06 04:42:41,2024-10-05 18:34:26,Closed Won,94709.72,1
OPP-012739,ACC-000035,PROD-0005,38,Upsell,2023-05-28 12:43:26,2023-11-13 12:50:05,Closed Lost,1172.14,0
OPP-012766,ACC-000054,PROD-0024,791,Expansion,2024-03-18 19:30:39,2024-04-08 11:31:56,Closed Lost,78553.17,0
OPP-012770,ACC-000046,PROD-0100,184,Cross-sell,2023-06-21 01:31:08,2023-12-15 15:35:34,Closed Lost,79353.38,0
OPP-012772,ACC-000028,PROD-0083,250,Renewal,2025-04-06 13:13:13,2025-08-12 10:26:03,Closed Lost,34590.34,0
OPP-012778,ACC-000026,PROD-0079,16,Renewal,2023-09-02 19:24:24,2023-12-19 22:04:49,Closed Won,25455.25,1
OPP-012798,ACC-000031,PROD-0042,49,Renewal,2023-09-16 01:24:38,2023-11-28 03:38:15,Closed Lost,95718.96,0
OPP-012802,ACC-000031,PROD-0021,275,Upsell,2024-11-20 00:22:59,2025-03-20 00:49:31,Closed Lost,94253.93,0
OPP-012809,ACC-000019,PROD-0056,768,Renewal,2023-09-09 16:47:36,2024-01-02 09:59:08,Closed Lost,38504.19,0
OPP-012820,ACC-000022,PROD-0014,512,Upsell,2023-10-27 20:16:02,2024-03-18 08:05:22,Closed Lost,40488.07,0
OPP-012821,ACC-000017,PROD-0022,738,Cross-sell,2024-09-04 00:08:09,2024-12-23 23:31:14,Closed Won,84961.89,1
OPP-012827,ACC-000053,PROD-0006,382,New Business,2024-07-12 03:41:17,2024-10-06 13:35:27,Closed Lost,88401.41,0
OPP-012834,ACC-000038,PROD-0005,890,Upsell,2025-05-19 23:12:29,2025-06-28 02:11:31,Closed Lost,57161.21,0
OPP-012852,ACC-000055,PROD-0081,808,Upsell,2023-10-26 09:27:13,2024-02-14 17:23:46,Closed Won,68096.43,1
OPP-012857,ACC-000057,PROD-0076,249,Renewal,2025-02-21 17:37:45,2025-03-02 00:12:36,Closed Lost,36851.54,0
OPP-012867,ACC-000034,PROD-0085,329,Cross-sell,2025-06-04 05:35:02,2025-10-13 20:10:55,Closed Won,21471.82,1
OPP-012875,ACC-000033,PROD-0036,83,Renewal,2024-02-11 17:38:17,2024-07-03 01:59:59,Closed Won,25407.41,1
OPP-012881,ACC-000003,PROD-0083,591,Expansion,2023-10-27 17:52:00,2024-04-18 09:42:02,Closed Lost,98068.15,0
OPP-012882,ACC-000028,PROD-0051,771,Renewal,2025-04-28 17:35:41,2025-10-04 20:52:57,Closed Lost,42831.71,0
OPP-012889,ACC-000054,PROD-0003,131,New Business,2024-04-30 21:19:21,2024-09-11 07:28:25,Closed Lost,8793.96,0
OPP-012898,ACC-000005,PROD-0043,253,New Business,2024-10-19 14:42:39,2025-04-12 17:07:25,Closed Lost,74394.7,0
OPP-012916,ACC-000029,PROD-0041,604,Renewal,2023-11-07 18:09:13,2023-12-22 04:19:21,Closed Won,78838.94,1
OPP-012917,ACC-000034,PROD-0086,920,Upsell,2025-01-30 10:31:50,2025-07-02 13:47:43,Closed Lost,11422.73,0
OPP-012921,ACC-000059,PROD-0024,591,New Business,2023-06-19 21:51:40,2023-12-13 16:16:50,Closed Won,4186,1
OPP-012927,ACC-000018,PROD-0095,593,Renewal,2023-08-23 08:56:50,2023-11-02 20:37:00,Closed Lost,50587.1,0
OPP-012931,ACC-000002,PROD-0067,915,Renewal,2023-11-25 17:05:47,2024-01-30 00:39:41,Closed Won,64159.47,1
OPP-012943,ACC-000032,PROD-0001,280,Renewal,2025-04-10 01:28:42,2025-04-22 02:39:56,Closed Won,55695.98,1
OPP-012951,ACC-000031,PROD-0032,29,New Business,2025-06-24 01:46:03,2025-09-04 23:51:49,Closed Won,10121.83,1
OPP-012959,ACC-000030,PROD-0075,276,New Business,2023-12-29 15:44:12,2024-02-10 05:10:55,Closed Lost,86828.33,0
OPP-012965,ACC-000043,PROD-0060,174,Upsell,2024-11-29 08:45:47,2025-01-01 09:13:36,Closed Won,47487.58,1
OPP-012968,ACC-000028,PROD-0002,271,Expansion,2024-01-13 12:07:11,2024-03-18 00:42:58,Closed Won,89007.69,1
OPP-012969,ACC-000038,PROD-0015,284,New Business,2024-01-06 11:00:03,2024-03-20 15:14:17,Closed Won,53127.3,1
OPP-012976,ACC-000027,PROD-0065,672,Cross-sell,2024-08-17 03:07:11,2024-08-19 18:41:07,Closed Lost,2925.66,0
OPP-012981,ACC-000015,PROD-0034,607,Renewal,2025-04-21 08:42:10,2025-05-10 06:55:19,Closed Lost,69775.95,0
OPP-012985,ACC-000001,PROD-0058,457,Cross-sell,2024-03-31 03:47:33,2024-04-30 15:38:25,Closed Lost,94502.5,0
OPP-012992,ACC-000011,PROD-0095,162,Upsell,2025-01-29 00:39:46,2025-04-11 05:55:14,Closed Won,48194.21,1
OPP-012999,ACC-000013,PROD-0044,817,Upsell,2023-12-04 03:19:56,2023-12-22 03:12:21,Closed Won,28758.06,1
OPP-013012,ACC-000017,PROD-0076,924,Upsell,2025-04-22 02:24:20,2025-07-07 23:57:52,Closed Won,41969.42,1
OPP-013016,ACC-000030,PROD-0057,577,Renewal,2024-01-06 08:10:18,2024-03-03 22:19:35,Closed Won,43224.11,1
OPP-013018,ACC-000043,PROD-0070,811,New Business,2025-01-18 13:45:06,2025-05-01 17:29:49,Closed Won,7901.59,1
OPP-013049,ACC-000058,PROD-0091,717,Cross-sell,2024-04-08 17:34:48,2024-08-24 18:10:55,Closed Lost,4419.89,0
OPP-013053,ACC-000049,PROD-0078,208,New Business,2024-12-03 03:35:48,2025-01-18 19:21:32,Closed Won,52350.44,1
OPP-013067,ACC-000035,PROD-0002,656,Expansion,2023-12-28 12:08:33,2024-06-16 10:35:53,Closed Won,32281.94,1
OPP-013075,ACC-000043,PROD-0098,477,Upsell,2024-10-07 07:04:53,2024-12-11 21:42:26,Closed Won,66189.72,1
OPP-013079,ACC-000022,PROD-0067,20,Expansion,2024-07-18 22:35:16,2024-10-21 10:59:28,Closed Won,59426.61,1
OPP-013083,ACC-000003,PROD-0098,924,Expansion,2024-05-01 16:36:56,2024-09-10 02:41:16,Closed Lost,62465.8,0
OPP-013085,ACC-000012,PROD-0078,66,New Business,2024-08-04 15:00:11,2024-11-27 17:44:50,Closed Won,68556.45,1
OPP-013088,ACC-000051,PROD-0029,121,Cross-sell,2024-07-04 03:17:40,2024-08-14 20:54:08,Closed Lost,98015.22,0
OPP-013090,ACC-000012,PROD-0025,746,Renewal,2023-07-03 16:57:28,2023-11-09 02:59:09,Closed Won,19938.43,1
OPP-013098,ACC-000060,PROD-0023,480,New Business,2025-02-12 18:23:36,2025-07-19 19:34:06,Closed Won,61614.84,1
OPP-013103,ACC-000022,PROD-0083,182,Expansion,2023-08-10 14:13:57,2023-11-09 14:19:02,Closed Lost,27308.11,0
OPP-013115,ACC-000045,PROD-0087,381,Renewal,2024-04-16 08:50:22,2024-06-17 11:51:34,Closed Won,31135.99,1
OPP-013118,ACC-000053,PROD-0033,929,Expansion,2023-11-25 16:56:32,2024-05-13 06:44:21,Closed Won,54535.36,1
OPP-013122,ACC-000028,PROD-0049,884,New Business,2025-03-09 18:53:24,2025-08-09 20:53:51,Closed Lost,59560.43,0
OPP-013127,ACC-000052,PROD-0052,281,Upsell,2025-03-19 15:30:57,2025-05-24 14:39:39,Closed Lost,98551.25,0
OPP-013133,ACC-000032,PROD-0055,270,Cross-sell,2024-01-22 17:34:00,2024-04-28 22:06:02,Closed Won,47690.82,1
OPP-013135,ACC-000061,PROD-0011,539,Renewal,2025-05-08 00:34:54,2025-06-17 07:09:36,Closed Won,34815.38,1
OPP-013140,ACC-000011,PROD-0068,772,Upsell,2024-10-08 01:28:14,2024-10-10 20:27:46,Closed Won,55395,1
OPP-013141,ACC-000045,PROD-0098,79,New Business,2024-03-05 15:10:14,2024-05-15 16:16:57,Closed Won,55261.08,1
OPP-013156,ACC-000006,PROD-0078,300,Expansion,2024-05-20 11:13:41,2024-09-26 08:49:56,Closed Won,49933.34,1
OPP-013157,ACC-000004,PROD-0013,485,Renewal,2025-02-20 01:51:52,2025-07-14 02:24:54,Closed Won,34428.1,1
OPP-013161,ACC-000013,PROD-0047,391,Upsell,2023-10-01 05:57:48,2023-12-17 02:42:41,Closed Won,36989.68,1
OPP-013163,ACC-000042,PROD-0049,748,Expansion,2023-09-27 22:24:15,2024-01-21 14:16:36,Closed Lost,67304.58,0
OPP-013165,ACC-000026,PROD-0047,900,Renewal,2025-06-06 23:04:08,2025-10-04 20:14:30,Closed Lost,46457.22,0
OPP-013174,ACC-000048,PROD-0075,952,Upsell,2024-01-02 14:52:45,2024-04-18 20:39:28,Closed Won,51067.75,1
OPP-013177,ACC-000028,PROD-0095,960,Expansion,2024-09-14 15:00:36,2024-12-13 06:09:27,Closed Lost,60701.54,0
OPP-013182,ACC-000052,PROD-0084,336,Renewal,2023-12-31 01:10:50,2024-05-01 19:24:41,Closed Won,40338.98,1
OPP-013187,ACC-000027,PROD-0024,878,Upsell,2025-03-23 20:40:46,2025-06-13 21:10:57,Closed Lost,87072.57,0
OPP-013189,ACC-000046,PROD-0030,56,Expansion,2023-06-18 15:52:02,2023-12-14 03:54:22,Closed Won,15252.59,1
OPP-013196,ACC-000034,PROD-0023,519,Expansion,2025-01-15 09:24:34,2025-05-11 03:10:24,Closed Lost,42978.33,0
OPP-013201,ACC-000013,PROD-0091,245,Cross-sell,2024-04-06 12:05:23,2024-09-19 23:27:54,Closed Won,54029.38,1
OPP-013203,ACC-000019,PROD-0047,594,New Business,2024-12-18 07:51:50,2025-02-01 21:17:06,Closed Won,80557.05,1
OPP-013205,ACC-000010,PROD-0068,224,Cross-sell,2025-05-03 11:28:30,2025-08-25 00:26:15,Closed Lost,90970.83,0
OPP-013220,ACC-000006,PROD-0023,100,Renewal,2024-11-27 10:19:12,2025-01-20 13:33:00,Closed Won,40117.63,1
OPP-013223,ACC-000022,PROD-0054,701,Upsell,2025-04-25 21:17:30,2025-08-11 00:22:49,Closed Lost,77265.91,0
OPP-013233,ACC-000050,PROD-0022,102,Expansion,2024-10-05 00:25:50,2025-01-30 13:46:29,Closed Lost,41686.26,0
OPP-013240,ACC-000006,PROD-0065,837,New Business,2023-11-03 15:10:28,2023-12-30 11:17:16,Closed Won,18999.61,1
OPP-013241,ACC-000016,PROD-0063,324,Upsell,2024-10-21 18:06:44,2024-11-14 06:06:47,Closed Lost,44379.36,0
OPP-013242,ACC-000031,PROD-0017,35,Cross-sell,2025-02-16 03:09:32,2025-04-03 17:33:42,Closed Won,52876,1
OPP-013243,ACC-000038,PROD-0065,260,New Business,2025-06-05 11:41:05,2025-08-21 00:40:46,Closed Won,94093.54,1
OPP-013244,ACC-000050,PROD-0020,647,Expansion,2023-11-16 16:10:47,2024-04-06 14:17:08,Closed Lost,12443.82,0
OPP-013246,ACC-000027,PROD-0014,567,Upsell,2023-10-23 07:09:35,2024-02-28 16:49:08,Closed Lost,94285.94,0
OPP-013248,ACC-000048,PROD-0042,792,Renewal,2024-05-27 19:30:47,2024-08-20 05:07:49,Closed Lost,79245.3,0
OPP-013257,ACC-000048,PROD-0055,1000,Expansion,2024-08-07 04:00:08,2024-09-27 07:16:11,Closed Lost,51634.49,0
OPP-013274,ACC-000034,PROD-0004,862,Cross-sell,2023-10-19 00:52:00,2024-03-02 07:45:29,Closed Won,28074.79,1
OPP-013276,ACC-000058,PROD-0046,125,Upsell,2024-03-17 06:13:06,2024-03-31 13:52:11,Closed Lost,1123.36,0
OPP-013283,ACC-000060,PROD-0086,628,Renewal,2024-10-20 04:27:33,2025-03-19 18:30:04,Closed Won,30856.67,1
OPP-013293,ACC-000008,PROD-0004,477,Renewal,2025-01-15 23:55:02,2025-06-17 08:49:31,Closed Won,94606.46,1
OPP-013299,ACC-000031,PROD-0081,857,Upsell,2024-02-07 22:57:13,2024-04-02 23:55:41,Closed Lost,39234.34,0
OPP-013300,ACC-000029,PROD-0061,365,New Business,2024-10-30 19:10:47,2024-11-16 23:14:13,Closed Lost,94335.28,0
OPP-013302,ACC-000002,PROD-0025,214,Upsell,2024-11-05 05:46:55,2024-11-24 02:40:23,Closed Lost,86861.7,0
OPP-013307,ACC-000016,PROD-0045,125,New Business,2023-10-23 16:09:08,2023-12-12 06:31:21,Closed Lost,99428.82,0
OPP-013308,ACC-000020,PROD-0085,691,New Business,2024-07-29 07:26:28,2024-08-02 20:23:15,Closed Won,40067.64,1
OPP-013312,ACC-000005,PROD-0009,664,Renewal,2024-11-29 03:00:53,2025-05-03 04:06:23,Closed Won,26895.97,1
OPP-013318,ACC-000057,PROD-0027,384,Renewal,2023-09-17 14:31:55,2024-02-23 21:43:22,Closed Lost,52997.88,0
OPP-013319,ACC-000055,PROD-0037,383,Renewal,2024-06-03 17:15:47,2024-09-16 13:39:16,Closed Won,17731.02,1
OPP-013321,ACC-000024,PROD-0090,361,Upsell,2023-07-12 04:35:55,2023-12-07 05:56:21,Closed Won,41456.34,1
OPP-013322,ACC-000032,PROD-0052,710,Upsell,2024-03-05 16:22:29,2024-05-13 21:56:10,Closed Lost,20128.18,0
OPP-013336,ACC-000012,PROD-0001,223,New Business,2024-02-18 09:05:10,2024-06-22 04:00:04,Closed Won,57704,1
OPP-013337,ACC-000048,PROD-0026,522,Upsell,2023-07-19 13:02:57,2023-12-17 17:38:59,Closed Lost,9388.85,0
OPP-013340,ACC-000026,PROD-0077,639,Upsell,2024-06-15 20:59:46,2024-06-29 20:46:31,Closed Won,3455.5,1
OPP-013341,ACC-000006,PROD-0041,925,Upsell,2024-08-28 08:20:24,2024-10-12 09:04:37,Closed Lost,21513.43,0
OPP-013343,ACC-000031,PROD-0010,184,Cross-sell,2024-04-14 05:25:22,2024-10-09 11:45:53,Closed Lost,28909.71,0
OPP-013361,ACC-000018,PROD-0054,566,Renewal,2024-04-25 23:04:33,2024-07-08 07:13:33,Closed Won,44462.96,1
OPP-013362,ACC-000004,PROD-0069,333,Upsell,2024-04-01 07:38:42,2024-06-07 02:13:14,Closed Won,36568.46,1
OPP-013372,ACC-000005,PROD-0036,694,Upsell,2024-01-08 07:49:53,2024-04-19 09:36:11,Closed Lost,98879.48,0
OPP-013373,ACC-000053,PROD-0001,280,New Business,2023-11-17 16:41:45,2024-04-15 11:05:52,Closed Won,22542.91,1
OPP-013378,ACC-000045,PROD-0043,866,Cross-sell,2023-11-05 12:52:33,2024-02-21 15:32:22,Closed Won,18118.36,1
OPP-013379,ACC-000049,PROD-0060,586,Cross-sell,2024-07-30 05:22:46,2024-12-26 02:37:05,Closed Lost,92766.69,0
OPP-013382,ACC-000035,PROD-0060,897,Cross-sell,2024-02-24 09:25:29,2024-07-31 20:09:47,Closed Lost,85512.07,0
OPP-013384,ACC-000062,PROD-0018,915,Expansion,2025-01-16 01:14:15,2025-05-20 22:54:25,Closed Lost,49895.82,0
OPP-013413,ACC-000015,PROD-0047,962,New Business,2024-07-08 07:34:04,2024-07-27 09:20:04,Closed Lost,75837.21,0
OPP-013418,ACC-000022,PROD-0003,946,Upsell,2025-02-10 10:33:20,2025-03-02 21:09:38,Closed Won,76183.86,1
OPP-013427,ACC-000040,PROD-0027,574,Cross-sell,2023-12-20 00:46:09,2024-05-24 10:46:16,Closed Lost,60092.38,0
OPP-013432,ACC-000041,PROD-0034,962,Renewal,2024-09-22 04:14:06,2025-01-08 00:23:30,Closed Won,93761.59,1
OPP-013438,ACC-000003,PROD-0007,179,Cross-sell,2024-07-09 21:21:23,2024-10-25 11:35:09,Closed Won,55884.67,1
OPP-013439,ACC-000046,PROD-0013,423,Upsell,2025-06-20 08:51:32,2025-10-11 11:33:36,Closed Lost,4369.56,0
OPP-013441,ACC-000037,PROD-0038,881,Expansion,2024-06-05 04:46:18,2024-09-20 05:37:02,Closed Won,89247.12,1
OPP-013460,ACC-000057,PROD-0047,967,Cross-sell,2023-12-29 11:18:05,2023-12-31 05:59:12,Closed Lost,47072.98,0
OPP-013462,ACC-000030,PROD-0073,384,Cross-sell,2025-04-13 07:37:05,2025-07-15 22:29:32,Closed Won,20342.16,1
OPP-013471,ACC-000044,PROD-0049,296,Expansion,2023-11-17 08:25:33,2024-05-10 03:32:32,Closed Lost,48369.39,0
OPP-013472,ACC-000011,PROD-0026,623,New Business,2024-11-13 04:11:17,2025-01-01 05:58:29,Closed Won,16214.91,1
OPP-013482,ACC-000034,PROD-0017,298,Cross-sell,2024-12-11 08:32:14,2024-12-15 15:02:34,Closed Won,88342.08,1
OPP-013486,ACC-000026,PROD-0094,456,Renewal,2024-07-02 15:54:11,2024-07-28 06:11:17,Closed Lost,21015.8,0
OPP-013496,ACC-000052,PROD-0038,994,New Business,2024-05-22 02:34:47,2024-09-01 15:49:13,Closed Won,82065.46,1
OPP-013509,ACC-000037,PROD-0085,445,Expansion,2024-04-29 12:54:09,2024-07-14 23:10:09,Closed Won,69545.63,1
OPP-013517,ACC-000035,PROD-0087,843,Upsell,2025-05-13 08:48:34,2025-09-03 16:01:49,Closed Won,42704.43,1
OPP-013525,ACC-000026,PROD-0056,288,New Business,2024-06-30 17:02:01,2024-09-21 07:25:12,Closed Won,73007.66,1
OPP-013535,ACC-000059,PROD-0086,928,Expansion,2024-08-31 15:54:55,2024-10-20 18:41:00,Closed Won,92377.53,1
OPP-013536,ACC-000046,PROD-0069,405,Cross-sell,2024-06-06 11:15:34,2024-07-02 08:40:22,Closed Lost,96621.94,0
OPP-013537,ACC-000044,PROD-0002,928,Upsell,2023-12-11 07:31:55,2024-01-17 02:42:07,Closed Won,15342,1
OPP-013556,ACC-000016,PROD-0009,901,Expansion,2024-04-06 04:34:12,2024-05-18 00:11:46,Closed Lost,27259.71,0
OPP-013560,ACC-000028,PROD-0069,409,Renewal,2024-06-14 02:50:44,2024-06-17 18:58:17,Closed Lost,76424.74,0
OPP-013575,ACC-000062,PROD-0095,655,Renewal,2023-09-12 14:27:10,2024-01-23 16:56:53,Closed Lost,17592.27,0
OPP-013580,ACC-000001,PROD-0019,686,New Business,2025-02-20 01:11:56,2025-06-24 08:45:13,Closed Lost,39580.53,0
OPP-013586,ACC-000007,PROD-0054,559,Renewal,2025-02-20 14:31:19,2025-06-30 05:04:48,Closed Won,92467.63,1
OPP-013598,ACC-000007,PROD-0080,947,Cross-sell,2025-04-09 11:41:26,2025-09-19 08:58:03,Closed Lost,88152.07,0
OPP-013600,ACC-000053,PROD-0091,581,Renewal,2024-09-03 01:16:53,2024-12-02 03:12:00,Closed Won,29192.03,1
OPP-013617,ACC-000049,PROD-0024,864,Expansion,2024-03-25 09:06:37,2024-05-08 22:29:50,Closed Won,87888.59,1
OPP-013620,ACC-000059,PROD-0016,574,Upsell,2024-06-02 00:17:35,2024-11-17 18:06:56,Closed Won,45293.42,1
OPP-013622,ACC-000042,PROD-0005,307,Upsell,2025-01-22 15:21:47,2025-04-26 05:34:34,Closed Lost,31351.94,0
OPP-013633,ACC-000017,PROD-0013,261,Renewal,2024-03-26 21:17:14,2024-06-30 05:45:26,Closed Lost,93012.97,0
OPP-013636,ACC-000036,PROD-0033,331,New Business,2023-11-02 16:19:53,2024-02-10 15:41:41,Closed Lost,69320.57,0
OPP-013637,ACC-000016,PROD-0089,986,Renewal,2024-03-21 17:03:59,2024-04-19 19:22:50,Closed Lost,20071.11,0
OPP-013646,ACC-000024,PROD-0013,693,Expansion,2024-04-16 04:42:04,2024-07-26 11:40:29,Closed Lost,13910.92,0
OPP-013656,ACC-000041,PROD-0080,228,Renewal,2025-04-24 18:30:52,2025-06-19 16:31:12,Closed Lost,60427.61,0
OPP-013660,ACC-000054,PROD-0058,334,Cross-sell,2024-09-17 16:12:31,2025-01-26 11:23:49,Closed Lost,61319.44,0
OPP-013664,ACC-000026,PROD-0095,494,Upsell,2024-02-06 18:10:32,2024-05-29 07:08:14,Closed Won,81472.15,1
OPP-013666,ACC-000036,PROD-0054,276,Renewal,2025-06-03 15:00:08,2025-09-15 12:36:18,Closed Won,90429.98,1
OPP-013670,ACC-000041,PROD-0049,250,Expansion,2023-08-09 16:35:59,2023-11-21 06:47:08,Closed Won,90373.14,1
OPP-013674,ACC-000025,PROD-0050,411,Upsell,2024-06-03 21:17:19,2024-11-01 08:17:16,Closed Won,15925.4,1
OPP-013675,ACC-000031,PROD-0093,433,Cross-sell,2023-11-05 23:35:17,2024-01-27 11:39:13,Closed Lost,59824.49,0
OPP-013676,ACC-000019,PROD-0066,157,Upsell,2023-11-27 20:28:45,2024-02-03 03:02:06,Closed Lost,81253.41,0
OPP-013686,ACC-000039,PROD-0055,634,Expansion,2024-06-13 19:29:37,2024-11-18 01:10:10,Closed Lost,62336.63,0
OPP-013690,ACC-000024,PROD-0015,848,Expansion,2024-03-01 10:50:45,2024-05-19 12:05:08,Closed Won,50354.74,1
OPP-013706,ACC-000039,PROD-0041,510,Expansion,2024-09-19 12:33:38,2024-11-06 08:28:51,Closed Lost,52040.91,0
OPP-013722,ACC-000036,PROD-0073,945,Expansion,2024-08-18 23:18:20,2024-09-03 01:39:52,Closed Lost,84426.64,0
OPP-013729,ACC-000028,PROD-0067,803,Renewal,2024-08-18 01:16:32,2024-09-29 17:04:30,Closed Won,35129.35,1
OPP-013735,ACC-000012,PROD-0016,341,New Business,2023-12-28 05:18:08,2024-03-17 16:01:27,Closed Won,47086.41,1
OPP-013738,ACC-000017,PROD-0079,240,New Business,2024-03-23 11:13:23,2024-07-16 18:25:12,Closed Won,18917.89,1
OPP-013747,ACC-000060,PROD-0033,6,Renewal,2024-02-03 22:19:05,2024-02-27 23:52:07,Closed Lost,26135.15,0
OPP-013753,ACC-000043,PROD-0005,339,Upsell,2024-08-31 02:11:56,2025-01-01 06:02:59,Closed Won,98304.27,1
OPP-013763,ACC-000002,PROD-0034,731,Upsell,2024-06-13 13:36:01,2024-11-03 01:25:24,Closed Won,96860.85,1
OPP-013775,ACC-000019,PROD-0004,286,Cross-sell,2023-12-21 01:02:27,2024-02-04 13:47:32,Closed Lost,3658.66,0
OPP-013776,ACC-000018,PROD-0072,848,Renewal,2025-06-04 05:11:03,2025-09-25 00:01:23,Closed Lost,97442.85,0
OPP-013783,ACC-000012,PROD-0017,319,Cross-sell,2024-09-10 19:48:34,2024-12-08 15:56:25,Closed Lost,45292,0
OPP-013787,ACC-000043,PROD-0055,830,Renewal,2024-08-19 09:56:37,2024-09-08 08:22:43,Closed Lost,13312.12,0
OPP-013789,ACC-000041,PROD-0098,900,Expansion,2023-12-03 16:24:26,2023-12-08 19:57:30,Closed Won,60398.57,1
OPP-013824,ACC-000004,PROD-0016,874,Expansion,2024-06-01 05:08:18,2024-06-14 11:59:18,Closed Won,6819.65,1
OPP-013825,ACC-000057,PROD-0061,710,Expansion,2025-01-13 13:19:21,2025-07-08 13:00:58,Closed Won,67205.73,1
OPP-013831,ACC-000035,PROD-0062,355,New Business,2023-10-04 14:30:54,2023-11-08 14:31:13,Closed Won,23284.13,1
OPP-013832,ACC-000018,PROD-0046,413,Expansion,2024-05-26 19:29:17,2024-11-07 11:43:21,Closed Lost,75682.22,0
OPP-013833,ACC-000036,PROD-0004,303,Expansion,2025-04-15 15:28:05,2025-07-07 06:28:19,Closed Won,44910.18,1
OPP-013847,ACC-000046,PROD-0014,649,Renewal,2024-07-11 07:13:30,2024-10-28 01:42:00,Closed Won,2416.25,1
OPP-013850,ACC-000059,PROD-0079,483,Cross-sell,2023-10-01 05:50:25,2024-03-25 04:24:11,Closed Lost,16603.39,0
OPP-013852,ACC-000049,PROD-0098,449,New Business,2024-01-03 17:16:00,2024-06-27 06:47:38,Closed Lost,67020.83,0
OPP-013859,ACC-000045,PROD-0052,770,Renewal,2025-01-06 00:43:13,2025-05-02 10:13:02,Closed Lost,63605.97,0
OPP-013860,ACC-000054,PROD-0082,178,Expansion,2023-10-04 07:44:02,2024-02-10 13:57:52,Closed Lost,67829.99,0
OPP-013871,ACC-000025,PROD-0005,493,Renewal,2024-01-26 09:32:04,2024-03-08 23:31:56,Closed Lost,53322.1,0
OPP-013873,ACC-000038,PROD-0045,205,New Business,2024-08-10 21:23:57,2025-01-13 21:45:23,Closed Won,25472.97,1
OPP-013875,ACC-000049,PROD-0068,707,New Business,2025-01-16 16:02:19,2025-01-21 13:22:28,Closed Won,51383.57,1
OPP-013891,ACC-000043,PROD-0024,435,Renewal,2023-10-05 09:38:58,2024-03-20 20:22:41,Closed Lost,39333.69,0
OPP-013893,ACC-000027,PROD-0050,385,Expansion,2023-11-15 14:27:35,2024-02-17 16:15:38,Closed Lost,42572.49,0
OPP-013895,ACC-000051,PROD-0071,687,Expansion,2024-04-02 18:37:59,2024-07-25 12:42:56,Closed Lost,83666.83,0
OPP-013896,ACC-000046,PROD-0089,958,New Business,2024-07-09 07:45:06,2024-11-30 13:16:26,Closed Lost,29831.74,0
OPP-013900,ACC-000020,PROD-0091,681,Expansion,2023-10-13 22:03:04,2024-04-01 23:34:14,Closed Won,65160.23,1
OPP-013909,ACC-000051,PROD-0047,816,Renewal,2024-01-27 08:39:10,2024-05-12 22:20:27,Closed Won,6208.57,1
OPP-013910,ACC-000005,PROD-0005,749,Expansion,2025-04-02 11:20:03,2025-04-17 21:00:18,Closed Won,2810.58,1
OPP-013916,ACC-000041,PROD-0021,986,Cross-sell,2023-09-22 05:58:34,2024-01-05 15:13:02,Closed Lost,83869.32,0
OPP-013920,ACC-000050,PROD-0049,200,New Business,2023-10-29 06:28:52,2023-11-25 17:07:32,Closed Won,11380.47,1
OPP-013926,ACC-000020,PROD-0074,924,Upsell,2025-02-08 09:09:37,2025-07-22 02:03:50,Closed Lost,83517.69,0
OPP-013937,ACC-000047,PROD-0016,931,Upsell,2024-07-22 11:34:06,2024-11-23 13:32:39,Closed Won,8350.16,1
OPP-013940,ACC-000012,PROD-0017,84,Renewal,2024-08-17 14:42:39,2025-01-13 05:13:05,Closed Won,27089.54,1
OPP-013952,ACC-000033,PROD-0089,845,Upsell,2024-06-05 19:44:03,2024-06-11 12:32:52,Closed Won,94608.32,1
OPP-013961,ACC-000050,PROD-0098,117,Upsell,2024-12-04 17:06:48,2025-04-08 09:55:52,Closed Lost,27894.36,0
OPP-013970,ACC-000060,PROD-0009,663,Cross-sell,2025-04-17 19:26:13,2025-08-01 11:30:18,Closed Lost,80104.11,0
OPP-013975,ACC-000038,PROD-0034,595,Expansion,2024-09-03 06:46:40,2024-12-30 17:40:47,Closed Lost,51891.63,0
OPP-013981,ACC-000057,PROD-0033,536,Cross-sell,2024-05-07 18:21:43,2024-05-31 03:02:06,Closed Lost,11456.91,0
OPP-013994,ACC-000040,PROD-0091,210,Expansion,2024-01-17 04:20:07,2024-05-26 22:06:35,Closed Won,97247,1
OPP-014001,ACC-000015,PROD-0034,994,Expansion,2024-10-03 14:21:48,2024-10-19 11:21:47,Closed Won,13355.99,1
OPP-014005,ACC-000019,PROD-0077,331,Cross-sell,2024-09-26 04:57:20,2024-11-22 07:41:12,Closed Won,49832.23,1
OPP-014018,ACC-000019,PROD-0008,216,Renewal,2024-04-22 00:15:41,2024-06-12 17:56:20,Closed Lost,94148.07,0
OPP-014040,ACC-000040,PROD-0067,680,Renewal,2024-04-20 21:40:16,2024-05-01 10:01:04,Closed Won,35754.42,1
OPP-014044,ACC-000019,PROD-0004,252,Renewal,2024-10-30 05:51:58,2025-02-20 06:03:58,Closed Lost,75644.67,0
OPP-014049,ACC-000058,PROD-0036,256,New Business,2024-02-24 12:02:53,2024-05-26 17:19:52,Closed Won,44774.04,1
OPP-014054,ACC-000034,PROD-0042,127,Upsell,2024-01-19 21:44:15,2024-07-05 03:06:21,Closed Lost,89952.48,0
OPP-014055,ACC-000058,PROD-0005,157,Cross-sell,2024-02-07 17:05:34,2024-05-27 02:47:02,Closed Won,19560.12,1
OPP-014057,ACC-000054,PROD-0028,369,New Business,2024-02-13 17:50:07,2024-04-23 16:36:51,Closed Won,38942.52,1
OPP-014060,ACC-000014,PROD-0009,574,Cross-sell,2024-10-10 09:38:17,2025-02-09 15:32:39,Closed Lost,5210,0
OPP-014064,ACC-000058,PROD-0074,320,Expansion,2025-02-17 13:33:03,2025-05-31 16:03:29,Closed Lost,40386.26,0
OPP-014078,ACC-000032,PROD-0073,949,Expansion,2023-11-08 23:12:36,2024-05-05 16:30:50,Closed Lost,25077.08,0
OPP-014089,ACC-000019,PROD-0093,601,Renewal,2023-10-27 01:10:32,2024-01-28 00:30:22,Closed Won,24754.01,1
OPP-014090,ACC-000036,PROD-0063,234,Renewal,2023-08-11 21:11:17,2024-01-30 20:24:03,Closed Won,65921.72,1
OPP-014126,ACC-000043,PROD-0059,889,Cross-sell,2024-07-24 13:08:27,2024-12-13 08:57:02,Closed Lost,6648.01,0
OPP-014128,ACC-000007,PROD-0049,989,Upsell,2023-09-27 06:57:54,2023-12-20 23:03:12,Closed Won,52989.22,1
OPP-014135,ACC-000021,PROD-0092,358,New Business,2025-03-16 10:05:19,2025-03-25 08:07:54,Closed Won,42129.72,1
OPP-014138,ACC-000045,PROD-0088,821,Upsell,2024-03-05 18:41:19,2024-05-21 11:39:54,Closed Lost,61348.68,0
OPP-014143,ACC-000016,PROD-0020,429,New Business,2024-09-17 13:16:00,2024-11-13 23:36:58,Closed Won,17715.6,1
OPP-014144,ACC-000034,PROD-0091,529,Renewal,2025-03-05 06:44:38,2025-08-22 21:23:41,Closed Won,41467.83,1
OPP-014150,ACC-000033,PROD-0085,901,Expansion,2024-05-13 07:32:55,2024-07-24 23:26:06,Closed Lost,33598.03,0
OPP-014152,ACC-000044,PROD-0006,870,Cross-sell,2023-10-20 19:43:46,2024-03-02 11:35:41,Closed Lost,43044.36,0
OPP-014159,ACC-000055,PROD-0060,136,New Business,2024-05-02 07:20:37,2024-05-19 17:38:24,Closed Lost,82288.01,0
OPP-014167,ACC-000054,PROD-0041,417,Expansion,2023-09-03 11:00:53,2023-12-25 06:00:54,Closed Won,27751.46,1
OPP-014168,ACC-000044,PROD-0025,105,Cross-sell,2024-12-15 04:45:50,2025-03-29 04:23:49,Closed Won,1586.86,1
OPP-014177,ACC-000003,PROD-0012,558,Upsell,2024-06-15 22:54:55,2024-09-22 05:36:14,Closed Lost,97646.69,0
OPP-014188,ACC-000032,PROD-0029,815,Upsell,2024-06-15 14:52:39,2024-06-28 13:37:42,Closed Lost,79862.12,0
OPP-014194,ACC-000034,PROD-0003,7,Expansion,2024-03-17 08:24:22,2024-03-29 12:29:04,Closed Won,76102.21,1
OPP-014208,ACC-000060,PROD-0036,346,Renewal,2025-04-01 00:15:35,2025-08-17 15:52:15,Closed Lost,66533.21,0
OPP-014215,ACC-000030,PROD-0052,12,Renewal,2024-12-01 13:38:52,2024-12-22 09:49:15,Closed Won,74804.93,1
OPP-014222,ACC-000032,PROD-0086,606,Expansion,2023-06-23 04:14:45,2023-11-11 05:31:20,Closed Won,21345.35,1
OPP-014226,ACC-000027,PROD-0068,506,Upsell,2023-10-22 05:36:31,2023-11-01 14:50:39,Closed Won,72221.34,1
OPP-014230,ACC-000060,PROD-0063,57,Upsell,2024-01-06 06:12:58,2024-01-25 00:15:29,Closed Lost,11263.23,0
OPP-014236,ACC-000003,PROD-0061,455,New Business,2024-03-25 00:50:30,2024-05-27 18:13:29,Closed Won,90919.89,1
OPP-014240,ACC-000058,PROD-0040,166,Cross-sell,2025-02-15 11:29:14,2025-02-23 05:28:07,Closed Lost,95099.13,0
OPP-014245,ACC-000021,PROD-0032,786,New Business,2024-02-04 02:05:18,2024-07-01 22:15:11,Closed Lost,31799.27,0
OPP-014253,ACC-000020,PROD-0081,54,Renewal,2025-02-21 00:23:50,2025-05-12 02:04:30,Closed Won,67648.56,1
OPP-014268,ACC-000023,PROD-0070,800,New Business,2024-10-20 03:16:18,2025-01-09 17:25:03,Closed Lost,62918.19,0
OPP-014271,ACC-000043,PROD-0066,172,Renewal,2025-01-19 17:35:57,2025-05-16 16:44:14,Closed Won,23047.15,1
OPP-014275,ACC-000006,PROD-0053,621,Renewal,2024-06-01 23:01:04,2024-08-15 05:19:18,Closed Lost,98189.11,0
OPP-014277,ACC-000035,PROD-0054,874,Cross-sell,2024-03-13 20:36:00,2024-07-29 08:03:55,Closed Lost,11851.73,0
OPP-014289,ACC-000023,PROD-0075,595,Upsell,2024-02-18 08:27:11,2024-06-30 10:02:43,Closed Lost,69185.64,0
OPP-014293,ACC-000047,PROD-0079,863,Expansion,2024-01-31 18:34:53,2024-07-04 13:57:12,Closed Won,48342.41,1
OPP-014303,ACC-000025,PROD-0081,742,Cross-sell,2023-09-23 14:59:30,2024-01-26 18:17:30,Closed Won,85938.75,1
OPP-014318,ACC-000049,PROD-0029,387,Expansion,2024-09-15 18:52:58,2024-12-04 20:56:26,Closed Lost,92159.19,0
OPP-014338,ACC-000058,PROD-0017,82,Expansion,2024-06-12 20:45:24,2024-11-05 17:26:30,Closed Won,97749.13,1
OPP-014340,ACC-000056,PROD-0046,163,Upsell,2024-08-06 17:12:53,2024-10-03 19:06:48,Closed Lost,46716.11,0
OPP-014347,ACC-000042,PROD-0045,38,Cross-sell,2025-01-07 06:49:39,2025-03-20 12:24:25,Closed Won,37128.95,1
OPP-014348,ACC-000039,PROD-0080,810,Upsell,2024-03-03 23:39:03,2024-03-09 02:42:09,Closed Won,27943.52,1
OPP-014354,ACC-000011,PROD-0030,252,Cross-sell,2025-06-20 23:08:21,2025-09-06 18:17:12,Closed Won,98869.39,1
OPP-014362,ACC-000053,PROD-0022,299,New Business,2024-08-30 23:24:34,2024-09-25 23:35:52,Closed Won,77060.59,1
OPP-014365,ACC-000057,PROD-0100,159,New Business,2025-02-02 14:54:53,2025-02-07 02:39:19,Closed Won,24671.99,1
OPP-014378,ACC-000014,PROD-0008,330,Renewal,2025-03-12 23:43:52,2025-08-09 02:20:21,Closed Won,58535.05,1
OPP-014382,ACC-000011,PROD-0070,341,New Business,2024-05-27 12:57:12,2024-08-25 00:20:14,Closed Lost,10579.23,0
OPP-014393,ACC-000035,PROD-0084,630,Renewal,2023-08-28 09:27:03,2023-12-14 05:59:40,Closed Lost,80007.73,0
OPP-014397,ACC-000034,PROD-0096,761,New Business,2023-07-22 14:14:06,2023-11-22 05:22:09,Closed Won,43319.1,1
OPP-014401,ACC-000001,PROD-0095,734,New Business,2023-11-17 15:09:05,2024-03-22 17:06:44,Closed Won,63269.38,1
OPP-014415,ACC-000054,PROD-0025,962,Expansion,2024-11-12 17:09:42,2025-02-24 04:56:02,Closed Lost,94812.68,0
OPP-014417,ACC-000011,PROD-0019,996,Renewal,2024-10-22 15:18:22,2024-11-30 07:44:02,Closed Lost,27125.01,0
OPP-014420,ACC-000012,PROD-0089,380,Expansion,2023-07-09 09:21:37,2023-12-24 22:27:24,Closed Won,92964.72,1
OPP-014421,ACC-000026,PROD-0049,256,Upsell,2024-04-29 21:16:21,2024-10-25 02:52:33,Closed Won,81346.99,1
OPP-014423,ACC-000034,PROD-0010,717,Expansion,2024-08-15 22:20:02,2025-02-06 11:23:37,Closed Lost,37519.62,0
OPP-014436,ACC-000056,PROD-0016,373,Cross-sell,2024-06-06 04:05:39,2024-10-19 22:12:56,Closed Lost,24798.07,0
OPP-014438,ACC-000001,PROD-0052,215,Upsell,2024-01-25 11:11:33,2024-07-04 03:11:14,Closed Lost,91634.02,0
OPP-014440,ACC-000044,PROD-0046,20,Upsell,2023-08-25 18:57:08,2023-11-06 07:05:17,Closed Lost,46362.04,0
OPP-014442,ACC-000027,PROD-0031,453,Expansion,2023-12-17 21:08:55,2024-05-04 06:33:27,Closed Lost,61644.83,0
OPP-014444,ACC-000056,PROD-0066,376,Expansion,2024-11-27 10:25:16,2025-01-23 14:53:16,Closed Won,87306.76,1
OPP-014446,ACC-000048,PROD-0060,759,Renewal,2023-12-07 09:15:43,2024-01-12 16:24:32,Closed Lost,55494,0
OPP-014447,ACC-000022,PROD-0071,314,Expansion,2025-06-19 23:37:25,2025-06-24 01:07:56,Closed Won,35291.13,1
OPP-014448,ACC-000058,PROD-0008,241,Upsell,2024-07-12 17:54:54,2024-10-09 17:33:03,Closed Won,37685.3,1
OPP-014456,ACC-000003,PROD-0097,740,New Business,2024-06-29 13:20:34,2024-10-19 18:43:31,Closed Lost,98745.9,0
OPP-014461,ACC-000059,PROD-0012,546,Upsell,2024-02-23 16:10:34,2024-06-14 21:13:21,Closed Lost,27872.88,0
OPP-014462,ACC-000037,PROD-0014,574,Expansion,2024-12-04 20:45:51,2025-02-16 20:26:09,Closed Lost,84727.11,0
OPP-014465,ACC-000027,PROD-0041,678,Upsell,2024-04-13 19:56:02,2024-06-11 09:18:44,Closed Won,76640.21,1
OPP-014480,ACC-000006,PROD-0015,298,Upsell,2025-04-09 19:41:42,2025-07-21 05:22:52,Closed Won,52145.37,1
OPP-014486,ACC-000052,PROD-0018,657,Expansion,2023-12-15 10:50:13,2024-02-29 00:52:02,Closed Won,38106.15,1
OPP-014491,ACC-000052,PROD-0021,189,New Business,2023-11-23 19:07:37,2023-12-14 18:52:50,Closed Lost,47072.16,0
OPP-014496,ACC-000035,PROD-0007,992,Cross-sell,2025-04-07 00:06:09,2025-06-07 02:54:42,Closed Lost,32374.59,0
OPP-014498,ACC-000020,PROD-0035,81,Renewal,2024-02-14 19:39:15,2024-07-18 16:01:58,Closed Lost,58057.9,0
OPP-014506,ACC-000052,PROD-0040,273,Renewal,2024-12-03 07:45:20,2025-05-12 10:16:34,Closed Won,79210.76,1
OPP-014511,ACC-000036,PROD-0070,725,Renewal,2024-10-16 11:07:35,2025-01-08 22:29:13,Closed Lost,37321.03,0
OPP-014513,ACC-000009,PROD-0026,871,Renewal,2023-11-15 06:24:12,2023-11-26 21:39:42,Closed Won,55731.13,1
OPP-014515,ACC-000055,PROD-0007,305,Upsell,2024-02-20 03:41:32,2024-07-06 00:25:34,Closed Lost,53029.64,0
OPP-014517,ACC-000001,PROD-0066,667,Expansion,2023-11-12 06:04:01,2024-02-13 02:18:07,Closed Won,71056.25,1
OPP-014521,ACC-000047,PROD-0082,736,New Business,2023-06-08 18:41:25,2023-11-05 02:13:01,Closed Lost,55907.01,0
OPP-014524,ACC-000059,PROD-0012,93,New Business,2024-03-21 18:50:09,2024-06-16 14:39:19,Closed Won,18941.64,1
OPP-014533,ACC-000020,PROD-0075,858,Expansion,2024-05-04 14:36:12,2024-09-11 06:16:44,Closed Lost,12737.07,0
OPP-014541,ACC-000043,PROD-0062,27,Upsell,2025-04-22 02:45:52,2025-08-10 01:55:41,Closed Won,44548.68,1
OPP-014544,ACC-000043,PROD-0037,995,Cross-sell,2024-12-21 11:47:53,2025-02-15 18:36:10,Closed Lost,39401.47,0
OPP-014556,ACC-000004,PROD-0017,630,Cross-sell,2024-02-01 04:26:19,2024-04-26 11:42:57,Closed Lost,57048.53,0
OPP-014561,ACC-000038,PROD-0076,34,New Business,2025-02-06 09:41:20,2025-07-09 15:44:53,Closed Won,48259.55,1
OPP-014566,ACC-000042,PROD-0003,157,New Business,2024-05-14 13:29:50,2024-06-13 00:45:35,Closed Lost,33396.58,0
OPP-014574,ACC-000022,PROD-0071,492,Cross-sell,2023-12-05 13:29:02,2024-02-18 00:28:17,Closed Won,96634.49,1
OPP-014576,ACC-000027,PROD-0060,663,New Business,2024-03-03 18:59:09,2024-03-18 22:16:40,Closed Lost,42001.79,0
OPP-014578,ACC-000025,PROD-0048,464,Renewal,2025-01-06 17:05:36,2025-02-18 18:40:19,Closed Won,46032.52,1
OPP-014580,ACC-000034,PROD-0036,752,Upsell,2023-11-18 06:55:46,2024-02-20 20:52:54,Closed Won,88253.37,1
OPP-014586,ACC-000012,PROD-0056,11,Expansion,2025-03-30 03:46:04,2025-04-28 10:51:38,Closed Won,66970.64,1
OPP-014594,ACC-000001,PROD-0080,613,Upsell,2024-09-06 07:28:50,2024-09-30 15:35:15,Closed Won,16764.56,1
OPP-014609,ACC-000060,PROD-0015,998,Renewal,2024-02-26 02:14:22,2024-08-19 15:51:16,Closed Lost,82636.79,0
OPP-014611,ACC-000039,PROD-0055,743,Expansion,2025-02-15 04:54:10,2025-02-21 22:10:07,Closed Won,50035.67,1
OPP-014612,ACC-000015,PROD-0059,95,New Business,2025-01-11 20:41:43,2025-02-13 18:08:04,Closed Lost,32718.49,0
OPP-014613,ACC-000051,PROD-0052,177,Expansion,2023-07-11 18:25:10,2023-12-05 20:32:40,Closed Lost,48431.42,0
OPP-014623,ACC-000004,PROD-0085,209,Upsell,2025-05-08 01:46:45,2025-10-27 23:16:03,Closed Lost,95695.25,0
OPP-014627,ACC-000027,PROD-0074,757,Cross-sell,2025-01-13 16:42:02,2025-06-11 21:43:18,Closed Won,57970.96,1
OPP-014632,ACC-000011,PROD-0053,225,Expansion,2024-02-04 02:38:11,2024-04-10 03:06:30,Closed Lost,60484.32,0
OPP-014642,ACC-000011,PROD-0059,415,Upsell,2024-02-04 09:15:49,2024-06-10 06:29:29,Closed Won,1064.38,1
OPP-014645,ACC-000043,PROD-0002,612,Renewal,2024-03-03 00:41:13,2024-06-29 19:20:19,Closed Won,1163.4,1
OPP-014647,ACC-000060,PROD-0029,82,Renewal,2024-08-17 14:18:35,2024-10-20 00:06:31,Closed Lost,64136.26,0
OPP-014656,ACC-000018,PROD-0068,668,Cross-sell,2023-12-20 09:30:08,2024-03-16 11:29:36,Closed Won,73257.68,1
OPP-014657,ACC-000036,PROD-0029,506,Renewal,2024-03-21 23:57:12,2024-06-10 19:58:52,Closed Lost,41663.33,0
OPP-014661,ACC-000035,PROD-0029,76,Renewal,2024-08-05 13:13:15,2024-10-17 01:54:28,Closed Lost,98234.91,0
OPP-014667,ACC-000033,PROD-0087,579,Expansion,2023-08-06 22:41:16,2023-11-01 12:15:48,Closed Lost,33461.03,0
OPP-014679,ACC-000012,PROD-0045,167,New Business,2025-02-28 05:18:31,2025-05-20 03:43:06,Closed Won,18212.81,1
OPP-014685,ACC-000052,PROD-0017,382,Upsell,2024-11-20 06:11:34,2024-12-09 03:16:04,Closed Lost,21478.99,0
OPP-014688,ACC-000046,PROD-0030,562,New Business,2023-08-02 00:19:36,2023-12-21 19:00:59,Closed Won,14216.07,1
OPP-014692,ACC-000043,PROD-0021,325,Cross-sell,2025-06-01 13:01:14,2025-06-11 19:17:45,Closed Won,77951.57,1
OPP-014695,ACC-000027,PROD-0002,339,Renewal,2024-06-18 20:47:19,2024-10-14 17:22:17,Closed Lost,66563.09,0
OPP-014697,ACC-000057,PROD-0025,829,Cross-sell,2024-10-05 08:20:41,2025-03-06 08:52:30,Closed Lost,49742.75,0
OPP-014712,ACC-000015,PROD-0004,421,Expansion,2024-07-13 03:50:15,2024-08-16 09:54:47,Closed Lost,71975.25,0
OPP-014717,ACC-000025,PROD-0092,40,Expansion,2025-06-07 21:00:46,2025-06-24 05:52:56,Closed Won,20292.06,1
OPP-014722,ACC-000045,PROD-0059,557,Cross-sell,2025-04-25 07:07:33,2025-10-19 13:01:30,Closed Won,61098.07,1
OPP-014727,ACC-000038,PROD-0029,693,Expansion,2024-01-21 04:28:59,2024-02-22 21:54:07,Closed Won,52411.12,1
OPP-014734,ACC-000023,PROD-0017,282,Upsell,2023-09-03 22:43:55,2024-01-12 23:26:50,Closed Lost,37769.91,0
OPP-014739,ACC-000059,PROD-0074,242,Cross-sell,2023-10-24 22:17:21,2024-02-14 06:41:34,Closed Won,8631.19,1
OPP-014746,ACC-000008,PROD-0088,912,New Business,2024-05-01 01:57:21,2024-08-15 22:43:11,Closed Lost,92081,0
OPP-014755,ACC-000062,PROD-0049,980,Cross-sell,2023-12-14 17:12:00,2024-02-16 10:35:41,Closed Lost,91169.76,0
OPP-014772,ACC-000047,PROD-0069,810,New Business,2025-01-11 00:57:10,2025-01-31 18:30:54,Closed Lost,95995.19,0
OPP-014779,ACC-000009,PROD-0064,100,New Business,2024-08-22 13:05:47,2025-01-24 03:07:44,Closed Lost,50733.77,0
OPP-014780,ACC-000052,PROD-0038,51,Cross-sell,2023-08-13 18:20:26,2023-12-22 08:04:25,Closed Lost,76696.59,0
OPP-014782,ACC-000013,PROD-0070,528,Cross-sell,2025-05-20 05:45:33,2025-06-26 11:36:12,Closed Lost,97696.61,0
OPP-014784,ACC-000010,PROD-0019,258,Upsell,2025-01-14 01:55:53,2025-02-15 10:28:06,Closed Won,32658.21,1
OPP-014785,ACC-000015,PROD-0054,351,Renewal,2024-03-17 07:42:16,2024-04-05 05:42:25,Closed Won,48406.23,1
OPP-014786,ACC-000059,PROD-0075,145,Renewal,2025-03-23 18:42:27,2025-06-28 05:36:52,Closed Won,38734.6,1
OPP-014789,ACC-000056,PROD-0082,154,New Business,2023-12-30 12:58:56,2024-04-13 16:03:37,Closed Won,17742.17,1
OPP-014790,ACC-000031,PROD-0042,332,Cross-sell,2025-01-03 18:33:28,2025-02-09 04:33:58,Closed Won,70730.03,1
OPP-014798,ACC-000008,PROD-0092,551,Upsell,2023-10-24 22:44:50,2023-12-30 23:54:11,Closed Lost,50316.96,0
OPP-014803,ACC-000035,PROD-0036,598,Expansion,2024-08-07 11:54:15,2024-12-19 20:31:38,Closed Lost,54508.89,0
OPP-014810,ACC-000042,PROD-0024,496,Renewal,2025-03-18 10:08:53,2025-08-26 03:28:53,Closed Won,87352.53,1
OPP-014811,ACC-000036,PROD-0099,245,Cross-sell,2023-10-14 10:31:24,2023-12-01 15:07:20,Closed Lost,51524.86,0
OPP-014812,ACC-000034,PROD-0026,705,New Business,2025-03-21 09:21:04,2025-04-13 17:13:19,Closed Lost,30152.56,0
OPP-014816,ACC-000040,PROD-0041,829,Cross-sell,2023-10-20 21:18:56,2024-03-02 05:29:01,Closed Lost,85986.92,0
OPP-014827,ACC-000011,PROD-0008,809,Cross-sell,2024-10-30 23:18:22,2025-03-17 10:40:53,Closed Won,56844.82,1
OPP-014829,ACC-000013,PROD-0043,315,Renewal,2023-10-22 13:49:38,2024-03-11 05:27:45,Closed Won,43548.05,1
OPP-014830,ACC-000044,PROD-0035,632,Expansion,2024-03-13 13:46:01,2024-06-05 19:36:12,Closed Won,77156.41,1
OPP-014838,ACC-000040,PROD-0039,207,Cross-sell,2025-02-24 22:33:27,2025-06-02 08:14:57,Closed Lost,76733.54,0
OPP-014842,ACC-000024,PROD-0013,610,New Business,2023-09-11 16:30:35,2024-02-11 03:02:28,Closed Lost,96576.18,0
OPP-014843,ACC-000037,PROD-0084,421,Upsell,2024-12-04 03:27:01,2025-01-02 14:23:44,Closed Won,15982.59,1
OPP-014845,ACC-000025,PROD-0004,747,Cross-sell,2024-11-10 12:41:30,2024-11-14 12:44:56,Closed Lost,81643.95,0
OPP-014847,ACC-000019,PROD-0092,857,Cross-sell,2024-09-28 05:41:53,2024-09-29 16:11:26,Closed Won,40975,1
OPP-014852,ACC-000022,PROD-0086,630,Renewal,2024-04-17 03:41:39,2024-09-28 09:33:00,Closed Won,64204.68,1
OPP-014856,ACC-000061,PROD-0068,870,Expansion,2024-03-01 23:04:13,2024-05-09 18:56:38,Closed Lost,27679.7,0
OPP-014866,ACC-000052,PROD-0065,729,Upsell,2024-10-18 01:04:22,2024-12-23 02:31:25,Closed Won,78150.57,1
OPP-014875,ACC-000012,PROD-0079,426,Cross-sell,2024-08-09 10:55:20,2024-08-24 14:29:04,Closed Lost,24973.19,0
OPP-014876,ACC-000026,PROD-0082,581,New Business,2023-09-18 18:31:19,2024-01-24 05:48:28,Closed Won,83238.43,1
OPP-014877,ACC-000017,PROD-0100,875,Expansion,2024-10-06 20:46:21,2024-11-10 16:40:19,Closed Lost,98960.89,0
OPP-014883,ACC-000047,PROD-0084,130,Cross-sell,2023-06-08 01:41:52,2023-11-02 16:04:49,Closed Won,13017.58,1
OPP-014884,ACC-000009,PROD-0040,106,Upsell,2024-01-07 14:02:07,2024-01-16 05:48:53,Closed Won,37915.93,1
OPP-014897,ACC-000023,PROD-0024,887,Expansion,2025-03-08 02:00:34,2025-03-12 05:20:59,Closed Lost,76600.74,0
OPP-014903,ACC-000042,PROD-0089,244,New Business,2024-11-19 19:40:58,2024-11-27 09:43:10,Closed Won,92670.11,1
OPP-014905,ACC-000022,PROD-0041,559,Renewal,2024-06-07 05:39:04,2024-10-27 22:00:18,Closed Won,21134.32,1
OPP-014912,ACC-000034,PROD-0018,333,Upsell,2024-06-06 15:13:44,2024-07-26 07:54:28,Closed Won,94032.73,1
OPP-014914,ACC-000015,PROD-0007,607,Upsell,2024-03-31 18:44:20,2024-04-27 00:31:39,Closed Lost,26438.57,0
OPP-014920,ACC-000055,PROD-0004,397,New Business,2024-01-31 18:06:35,2024-05-11 05:09:39,Closed Lost,2424.15,0
OPP-014933,ACC-000052,PROD-0065,453,Cross-sell,2024-09-07 11:32:23,2025-03-04 18:02:57,Closed Won,86042.18,1
OPP-014935,ACC-000061,PROD-0044,20,Cross-sell,2024-06-12 15:39:34,2024-10-18 19:24:06,Closed Lost,76239.15,0
OPP-014948,ACC-000008,PROD-0008,397,New Business,2024-04-13 18:16:34,2024-05-21 00:38:44,Closed Lost,97795.41,0
OPP-014957,ACC-000005,PROD-0048,656,Expansion,2024-02-28 20:31:01,2024-07-07 17:32:48,Closed Lost,85206.45,0
OPP-014965,ACC-000031,PROD-0043,529,Cross-sell,2025-02-18 21:53:26,2025-06-21 00:16:09,Closed Lost,65662.89,0
OPP-014973,ACC-000018,PROD-0051,291,Renewal,2025-01-14 06:47:13,2025-02-09 10:14:33,Closed Lost,24551.69,0
OPP-014978,ACC-000044,PROD-0016,953,New Business,2024-09-05 06:58:29,2024-09-13 16:54:21,Closed Won,21475.65,1
OPP-014980,ACC-000047,PROD-0010,484,Expansion,2024-03-23 21:54:07,2024-07-06 05:51:25,Closed Lost,34102.04,0
OPP-014987,ACC-000054,PROD-0008,783,Renewal,2024-02-24 18:52:48,2024-07-28 15:45:21,Closed Lost,54831.73,0
OPP-014992,ACC-000036,PROD-0005,428,New Business,2025-03-31 07:07:04,2025-04-07 02:27:05,Closed Won,51813.11,1
OPP-015009,ACC-000043,PROD-0086,449,Renewal,2025-04-26 07:27:53,2025-08-10 12:17:46,Closed Lost,29002.34,0
OPP-015011,ACC-000002,PROD-0039,595,Expansion,2024-08-31 04:15:06,2024-11-06 17:01:48,Closed Lost,33836.76,0
OPP-015018,ACC-000056,PROD-0100,462,Renewal,2024-01-06 16:33:05,2024-03-24 05:02:12,Closed Lost,88937.97,0
OPP-015022,ACC-000006,PROD-0006,941,Cross-sell,2024-12-15 23:34:43,2025-04-14 16:51:01,Closed Won,21702.98,1
OPP-015025,ACC-000039,PROD-0014,778,Upsell,2024-03-16 03:19:23,2024-05-04 00:40:40,Closed Won,91083.91,1
OPP-015030,ACC-000025,PROD-0006,661,Expansion,2024-08-20 03:05:13,2024-12-10 23:41:21,Closed Won,28218.57,1
OPP-015040,ACC-000052,PROD-0003,736,Upsell,2025-04-29 00:45:06,2025-08-19 05:14:07,Closed Won,90618.7,1
OPP-015041,ACC-000010,PROD-0020,171,Upsell,2025-06-19 07:46:05,2025-07-10 08:15:39,Closed Lost,19772.83,0
OPP-015067,ACC-000035,PROD-0058,290,Renewal,2024-10-24 20:58:03,2025-03-08 03:59:52,Closed Lost,70924.99,0
OPP-015074,ACC-000006,PROD-0025,857,New Business,2024-07-06 11:23:13,2024-09-21 10:36:03,Closed Won,6474.75,1
OPP-015077,ACC-000016,PROD-0009,116,Cross-sell,2024-03-27 19:40:28,2024-07-01 21:31:31,Closed Won,24810.78,1
OPP-015078,ACC-000040,PROD-0033,696,Renewal,2023-09-12 17:01:39,2023-11-03 17:59:39,Closed Won,52258.14,1
OPP-015082,ACC-000019,PROD-0082,221,Cross-sell,2024-01-31 23:50:49,2024-04-04 05:12:43,Closed Won,81062.78,1
OPP-015092,ACC-000053,PROD-0095,662,New Business,2024-02-21 15:34:27,2024-03-16 22:42:40,Closed Lost,89789.9,0
OPP-015093,ACC-000013,PROD-0001,395,Upsell,2025-03-23 02:37:23,2025-08-02 06:20:22,Closed Lost,35857.64,0
OPP-015096,ACC-000010,PROD-0053,643,New Business,2024-12-30 02:55:32,2025-04-22 03:46:31,Closed Lost,9284.09,0
OPP-015108,ACC-000057,PROD-0010,190,Cross-sell,2023-09-16 18:14:45,2024-02-26 12:25:17,Closed Lost,98782.15,0
OPP-015111,ACC-000053,PROD-0032,944,Cross-sell,2023-12-19 15:24:09,2024-02-04 11:19:34,Closed Won,36653.75,1
OPP-015127,ACC-000053,PROD-0082,144,New Business,2024-08-03 22:18:04,2024-09-07 14:54:53,Closed Won,12364.96,1
OPP-015130,ACC-000005,PROD-0024,553,Renewal,2025-04-05 01:53:23,2025-05-17 17:22:52,Closed Lost,76705.77,0
OPP-015133,ACC-000021,PROD-0034,877,Upsell,2023-07-07 18:54:45,2023-11-27 02:54:01,Closed Won,12475.45,1
OPP-015134,ACC-000007,PROD-0061,511,Cross-sell,2025-02-01 14:14:59,2025-05-15 10:42:44,Closed Lost,24960.72,0
OPP-015138,ACC-000032,PROD-0070,405,New Business,2023-05-24 11:16:58,2023-11-06 19:50:12,Closed Won,76933.5,1
OPP-015141,ACC-000055,PROD-0062,27,Renewal,2024-02-17 21:44:30,2024-04-10 12:14:49,Closed Lost,94414.76,0
OPP-015142,ACC-000005,PROD-0007,531,Upsell,2025-02-02 17:27:14,2025-03-04 19:02:36,Closed Lost,62391.53,0
OPP-015144,ACC-000014,PROD-0040,643,Cross-sell,2025-03-02 03:38:00,2025-07-06 01:41:05,Closed Won,18342.79,1
OPP-015148,ACC-000025,PROD-0011,712,Cross-sell,2024-10-06 08:26:18,2025-03-10 05:32:34,Closed Won,29226.26,1
OPP-015174,ACC-000038,PROD-0089,862,New Business,2023-11-12 02:11:58,2024-04-27 09:33:41,Closed Won,95754.65,1
OPP-015179,ACC-000024,PROD-0015,944,Cross-sell,2025-04-11 10:14:26,2025-05-09 00:00:24,Closed Lost,32413.42,0
OPP-015180,ACC-000060,PROD-0011,775,Cross-sell,2025-06-20 07:32:30,2025-08-24 13:36:57,Closed Lost,52615.25,0
OPP-015183,ACC-000011,PROD-0091,845,Cross-sell,2025-05-16 16:50:28,2025-10-21 20:52:48,Closed Won,27989.37,1
OPP-015201,ACC-000041,PROD-0020,635,Upsell,2023-08-02 23:21:30,2023-12-19 02:01:49,Closed Lost,74009.72,0
OPP-015203,ACC-000036,PROD-0066,822,New Business,2023-08-30 03:40:31,2023-11-04 15:32:19,Closed Won,91805.05,1
OPP-015204,ACC-000033,PROD-0064,961,Cross-sell,2024-08-22 08:49:28,2025-02-12 19:18:10,Closed Won,94301.04,1
OPP-015214,ACC-000013,PROD-0091,721,Cross-sell,2024-07-09 16:13:17,2024-12-21 02:15:05,Closed Won,75558.27,1
OPP-015221,ACC-000006,PROD-0036,351,New Business,2025-05-12 23:08:07,2025-06-06 00:07:14,Closed Lost,25004.18,0
OPP-015237,ACC-000033,PROD-0010,815,Upsell,2023-12-26 09:44:42,2024-05-01 02:34:05,Closed Won,46792.13,1
OPP-015269,ACC-000022,PROD-0081,727,Cross-sell,2023-09-14 01:36:48,2023-12-25 23:19:14,Closed Won,9240.12,1
OPP-015282,ACC-000011,PROD-0081,167,Upsell,2023-05-27 01:49:28,2023-11-18 14:51:23,Closed Won,58009.41,1
OPP-015294,ACC-000035,PROD-0083,564,New Business,2024-08-19 04:16:03,2025-01-03 19:40:26,Closed Won,51362.35,1
OPP-015301,ACC-000026,PROD-0011,803,Expansion,2024-11-30 16:38:56,2025-05-08 16:08:49,Closed Lost,98037.81,0
OPP-015304,ACC-000035,PROD-0100,3,Cross-sell,2023-10-20 15:50:01,2024-03-26 12:07:27,Closed Won,62093.98,1
OPP-015307,ACC-000056,PROD-0050,469,Cross-sell,2024-08-16 12:48:07,2024-09-12 12:00:33,Closed Won,76639.48,1
OPP-015309,ACC-000058,PROD-0074,106,Upsell,2025-01-17 18:41:39,2025-01-30 23:54:07,Closed Lost,97773.97,0
OPP-015314,ACC-000050,PROD-0091,742,Expansion,2025-01-25 06:42:33,2025-05-31 13:18:58,Closed Lost,47183.28,0
OPP-015320,ACC-000008,PROD-0069,712,New Business,2024-08-18 11:24:56,2024-08-21 01:14:00,Closed Won,60233.24,1
OPP-015328,ACC-000001,PROD-0035,365,Expansion,2024-07-17 05:43:47,2024-11-02 13:42:45,Closed Won,7350.08,1
OPP-015335,ACC-000060,PROD-0064,770,Renewal,2024-06-29 13:31:53,2024-07-17 11:24:32,Closed Won,8822.96,1
OPP-015352,ACC-000018,PROD-0038,149,Renewal,2025-02-27 18:55:22,2025-06-19 16:59:43,Closed Won,34146.62,1
OPP-015359,ACC-000036,PROD-0055,193,New Business,2024-10-15 07:08:12,2025-03-31 07:09:44,Closed Lost,77739.65,0
OPP-015365,ACC-000056,PROD-0056,614,Expansion,2024-04-15 05:44:12,2024-08-01 18:37:50,Closed Lost,3841.61,0
OPP-015374,ACC-000002,PROD-0023,554,Expansion,2024-03-27 04:44:30,2024-06-27 05:22:47,Closed Won,53104.35,1
OPP-015384,ACC-000001,PROD-0017,90,Expansion,2024-04-11 16:39:57,2024-08-03 19:33:58,Closed Won,62305.11,1
OPP-015394,ACC-000059,PROD-0100,58,Renewal,2024-02-08 15:28:38,2024-03-22 05:14:54,Closed Lost,82135.71,0
OPP-015395,ACC-000015,PROD-0068,623,Upsell,2024-08-22 16:00:32,2024-11-11 15:47:22,Closed Won,37065.28,1
OPP-015411,ACC-000022,PROD-0047,329,Upsell,2025-04-21 13:22:21,2025-05-24 21:36:58,Closed Lost,33383.07,0
OPP-015414,ACC-000047,PROD-0049,626,Cross-sell,2024-06-23 19:43:04,2024-08-11 07:16:08,Closed Won,34387.33,1
OPP-015415,ACC-000053,PROD-0036,647,Cross-sell,2024-11-05 18:53:34,2025-02-26 22:43:40,Closed Won,23318.21,1
OPP-015417,ACC-000037,PROD-0057,361,Expansion,2025-04-18 03:54:47,2025-08-02 01:15:27,Closed Won,67420.11,1
OPP-015422,ACC-000051,PROD-0076,250,Expansion,2023-07-28 08:49:07,2023-12-17 02:33:59,Closed Won,18719.5,1
OPP-015424,ACC-000016,PROD-0046,516,Renewal,2023-06-17 20:38:35,2023-11-08 23:50:51,Closed Won,9059.46,1
OPP-015426,ACC-000014,PROD-0063,474,Upsell,2025-03-30 11:57:00,2025-07-05 05:58:15,Closed Lost,34506.93,0
OPP-015435,ACC-000056,PROD-0079,92,Expansion,2023-12-12 20:33:01,2024-05-19 06:58:54,Closed Lost,65933.61,0
OPP-015438,ACC-000006,PROD-0022,941,Renewal,2024-02-03 01:23:42,2024-06-21 23:49:27,Closed Won,64051.81,1
OPP-015442,ACC-000034,PROD-0076,763,Expansion,2025-04-16 05:19:09,2025-07-12 23:40:57,Closed Lost,56061.12,0
OPP-015445,ACC-000029,PROD-0010,963,Renewal,2025-02-04 19:22:03,2025-07-22 22:07:13,Closed Lost,98918.89,0
OPP-015455,ACC-000041,PROD-0018,515,Cross-sell,2024-04-29 06:52:17,2024-10-22 06:10:26,Closed Lost,18162.1,0
OPP-015462,ACC-000060,PROD-0059,25,Renewal,2024-07-19 03:12:58,2024-08-10 23:33:54,Closed Won,51880,1
OPP-015469,ACC-000026,PROD-0071,24,Renewal,2023-12-15 21:59:00,2024-04-03 07:54:25,Closed Lost,69218,0
OPP-015470,ACC-000029,PROD-0037,333,Renewal,2025-05-19 22:41:03,2025-08-29 17:08:33,Closed Lost,57020.65,0
OPP-015474,ACC-000002,PROD-0013,957,Renewal,2024-05-12 11:46:42,2024-10-06 15:50:34,Closed Lost,16117.08,0
OPP-015479,ACC-000050,PROD-0068,922,Renewal,2024-08-04 08:23:25,2025-01-05 20:47:12,Closed Won,40660.22,1
OPP-015483,ACC-000016,PROD-0071,718,Upsell,2023-10-27 19:53:04,2023-12-04 10:04:50,Closed Won,45922.61,1
OPP-015485,ACC-000039,PROD-0055,632,Cross-sell,2025-03-31 20:12:17,2025-04-10 11:25:46,Closed Won,67448.05,1
OPP-015496,ACC-000003,PROD-0030,790,Upsell,2023-08-19 16:06:16,2023-11-26 21:50:27,Closed Won,82496.2,1
OPP-015513,ACC-000035,PROD-0100,844,Upsell,2025-06-03 10:13:36,2025-06-16 05:57:09,Closed Won,41445.63,1
OPP-015517,ACC-000013,PROD-0017,174,Cross-sell,2024-09-06 14:22:48,2025-02-08 01:36:46,Closed Won,85531.86,1
OPP-015518,ACC-000011,PROD-0031,295,Upsell,2024-12-13 11:19:49,2025-05-12 17:07:11,Closed Lost,49535.76,0
OPP-015525,ACC-000025,PROD-0096,273,Expansion,2024-03-27 04:14:24,2024-04-13 02:26:01,Closed Won,44516.44,1
OPP-015526,ACC-000033,PROD-0090,650,Upsell,2024-12-15 02:55:46,2025-04-06 07:44:45,Closed Lost,49657.55,0
OPP-015529,ACC-000062,PROD-0077,87,Cross-sell,2023-12-07 00:29:38,2024-02-08 07:13:23,Closed Won,90635.87,1
OPP-015541,ACC-000002,PROD-0082,298,Renewal,2025-03-07 07:55:16,2025-03-26 11:59:07,Closed Won,14589.23,1
OPP-015545,ACC-000051,PROD-0085,794,Expansion,2024-03-23 07:12:47,2024-07-14 09:06:22,Closed Won,14331.83,1
OPP-015557,ACC-000020,PROD-0078,601,Cross-sell,2025-03-07 17:46:52,2025-07-29 10:45:59,Closed Won,12410.63,1
OPP-015569,ACC-000008,PROD-0009,154,New Business,2024-05-30 10:30:06,2024-09-23 16:20:31,Closed Lost,68807.02,0
OPP-015577,ACC-000008,PROD-0084,385,Expansion,2024-08-08 07:32:55,2024-09-07 18:55:44,Closed Won,38093,1
OPP-015582,ACC-000009,PROD-0076,526,Upsell,2025-06-02 22:28:48,2025-10-17 22:35:23,Closed Lost,29963.45,0
OPP-015585,ACC-000029,PROD-0074,744,Expansion,2023-06-23 08:04:42,2023-11-17 11:43:38,Closed Won,39556.86,1
OPP-015586,ACC-000031,PROD-0059,717,Expansion,2024-04-19 03:07:41,2024-05-17 05:52:28,Closed Won,37996.08,1
OPP-015588,ACC-000017,PROD-0031,970,New Business,2024-01-25 16:58:51,2024-06-24 11:51:27,Closed Won,26980.15,1
OPP-015600,ACC-000028,PROD-0026,320,Cross-sell,2024-07-23 15:33:44,2024-07-30 20:18:28,Closed Won,87168.93,1
OPP-015605,ACC-000031,PROD-0037,736,Cross-sell,2024-04-21 12:21:06,2024-09-13 17:01:25,Closed Won,10241.71,1
OPP-015606,ACC-000004,PROD-0059,281,Renewal,2025-06-05 08:00:45,2025-09-17 02:03:16,Closed Lost,29760.81,0
OPP-015616,ACC-000049,PROD-0088,617,Renewal,2023-12-03 23:06:14,2024-01-11 07:57:38,Closed Won,95948.42,1
OPP-015627,ACC-000029,PROD-0056,70,Upsell,2024-12-09 19:39:53,2025-02-07 08:35:39,Closed Lost,7923.66,0
OPP-015640,ACC-000053,PROD-0034,37,Renewal,2023-11-12 23:53:25,2024-03-25 15:05:43,Closed Won,51235.65,1
OPP-015656,ACC-000048,PROD-0035,805,Expansion,2024-01-03 06:45:51,2024-02-10 21:15:24,Closed Lost,85765.19,0
OPP-015666,ACC-000024,PROD-0064,285,New Business,2024-08-14 21:10:23,2024-12-21 02:25:23,Closed Lost,95734.3,0
OPP-015671,ACC-000014,PROD-0033,737,Cross-sell,2024-04-29 15:26:52,2024-08-19 02:34:28,Closed Lost,27600,0
OPP-015675,ACC-000036,PROD-0077,389,Upsell,2024-10-21 01:06:53,2025-03-05 22:00:05,Closed Lost,27711.69,0
OPP-015678,ACC-000019,PROD-0016,172,New Business,2024-12-28 19:47:50,2025-01-02 03:26:08,Closed Won,58093.17,1
OPP-015686,ACC-000029,PROD-0039,184,New Business,2023-10-30 11:50:34,2024-01-02 22:05:26,Closed Won,58163.89,1
OPP-015693,ACC-000029,PROD-0050,804,Upsell,2025-02-02 07:38:59,2025-02-08 13:40:31,Closed Won,94861.17,1
OPP-015695,ACC-000050,PROD-0090,598,Expansion,2025-04-08 04:34:56,2025-08-31 09:33:38,Closed Won,40503.54,1
OPP-015701,ACC-000061,PROD-0083,689,Expansion,2025-06-12 13:32:52,2025-06-24 00:20:44,Closed Won,72741.82,1
OPP-015706,ACC-000017,PROD-0093,595,Cross-sell,2023-11-11 15:53:39,2024-02-16 18:05:43,Closed Lost,76984.96,0
OPP-015725,ACC-000038,PROD-0031,873,New Business,2023-10-01 12:36:12,2024-02-05 18:15:43,Closed Won,16784,1
OPP-015732,ACC-000010,PROD-0090,195,Expansion,2025-01-04 11:08:35,2025-06-25 01:39:21,Closed Won,19096.65,1
OPP-015739,ACC-000005,PROD-0030,497,New Business,2025-03-05 13:29:14,2025-04-30 23:48:27,Closed Won,47713.82,1
OPP-015744,ACC-000061,PROD-0080,152,Cross-sell,2024-02-10 16:59:19,2024-04-22 05:33:41,Closed Lost,62104.89,0
OPP-015748,ACC-000035,PROD-0050,409,Renewal,2023-08-08 16:22:43,2023-11-27 06:48:18,Closed Lost,12308.99,0
OPP-015755,ACC-000015,PROD-0030,329,New Business,2025-04-15 20:46:03,2025-09-16 15:42:20,Closed Lost,39085.31,0
OPP-015762,ACC-000039,PROD-0068,347,New Business,2024-10-19 17:51:02,2024-12-27 07:47:52,Closed Won,77827.64,1
OPP-015766,ACC-000026,PROD-0055,915,Upsell,2025-01-28 21:53:10,2025-03-04 09:42:46,Closed Won,47870.59,1
OPP-015769,ACC-000060,PROD-0017,686,New Business,2023-07-13 13:27:00,2023-12-24 23:29:28,Closed Won,96846.05,1
OPP-015778,ACC-000021,PROD-0098,247,Expansion,2023-11-07 15:26:38,2023-11-20 04:15:39,Closed Lost,25120.41,0
OPP-015788,ACC-000008,PROD-0011,223,New Business,2024-08-15 23:15:50,2025-01-17 20:43:15,Closed Won,41379.26,1
OPP-015795,ACC-000038,PROD-0066,211,Cross-sell,2024-09-26 12:59:35,2024-10-15 00:20:00,Closed Lost,59162.35,0
OPP-015803,ACC-000043,PROD-0039,51,Expansion,2024-12-11 11:48:58,2025-05-02 14:46:38,Closed Won,51520.03,1
OPP-015811,ACC-000027,PROD-0068,457,Cross-sell,2024-07-20 17:32:33,2024-08-11 17:42:19,Closed Won,81081.11,1
OPP-015825,ACC-000030,PROD-0038,897,Upsell,2024-12-12 12:27:34,2025-05-31 12:01:16,Closed Won,54498.79,1
OPP-015844,ACC-000045,PROD-0015,756,Renewal,2023-09-26 23:33:22,2024-02-06 07:39:02,Closed Won,76850.78,1
OPP-015848,ACC-000036,PROD-0065,385,Expansion,2024-06-25 06:40:15,2024-09-17 16:12:56,Closed Lost,16824.93,0
OPP-015853,ACC-000061,PROD-0001,39,Expansion,2023-11-17 10:56:19,2023-11-19 12:24:54,Closed Won,78547.04,1
OPP-015856,ACC-000043,PROD-0013,154,New Business,2024-05-06 00:18:53,2024-10-10 01:36:40,Closed Lost,4474.5,0
OPP-015860,ACC-000009,PROD-0020,122,Cross-sell,2024-01-27 10:56:17,2024-04-15 15:05:46,Closed Lost,55312.34,0
OPP-015865,ACC-000012,PROD-0083,444,Expansion,2025-06-25 20:30:32,2025-09-20 04:36:59,Closed Lost,68994.03,0
OPP-015866,ACC-000025,PROD-0011,23,Expansion,2025-05-30 19:14:02,2025-07-20 03:59:24,Closed Lost,92816.7,0
OPP-015867,ACC-000001,PROD-0058,468,New Business,2025-01-20 20:57:47,2025-04-16 19:44:37,Closed Won,12759.08,1
OPP-015876,ACC-000013,PROD-0063,28,Renewal,2023-09-21 12:49:40,2023-11-08 05:51:42,Closed Won,10643.41,1
OPP-015889,ACC-000027,PROD-0002,560,Expansion,2023-12-31 00:57:16,2024-01-05 21:09:08,Closed Lost,13707.11,0
OPP-015909,ACC-000015,PROD-0019,532,Upsell,2023-11-03 03:04:18,2023-11-17 07:43:00,Closed Lost,41112.05,0
OPP-015911,ACC-000004,PROD-0002,412,Renewal,2024-07-13 03:14:08,2024-10-31 10:38:11,Closed Lost,95574,0
OPP-015915,ACC-000024,PROD-0060,643,Expansion,2024-07-01 15:31:01,2024-11-02 04:32:15,Closed Won,62453.87,1
OPP-015916,ACC-000054,PROD-0017,56,Renewal,2024-06-14 10:49:18,2024-08-06 19:02:41,Closed Lost,82144.78,0
OPP-015920,ACC-000020,PROD-0088,313,Expansion,2024-07-01 23:46:30,2024-07-15 18:19:35,Closed Lost,37157.05,0
OPP-015922,ACC-000009,PROD-0043,765,New Business,2024-10-29 04:25:53,2024-12-02 14:34:17,Closed Lost,54872.86,0
OPP-015925,ACC-000032,PROD-0047,84,Expansion,2024-02-02 00:59:45,2024-05-31 06:26:19,Closed Won,93430.84,1
OPP-015937,ACC-000030,PROD-0050,691,Renewal,2024-01-26 03:06:51,2024-05-08 21:18:30,Closed Won,24930.34,1
OPP-015944,ACC-000034,PROD-0002,842,New Business,2024-01-01 14:20:51,2024-03-27 20:18:59,Closed Lost,21853,0
OPP-015945,ACC-000002,PROD-0055,623,New Business,2024-05-27 22:11:07,2024-06-21 06:43:15,Closed Lost,95003.56,0
OPP-015970,ACC-000050,PROD-0066,522,Expansion,2024-06-02 17:11:33,2024-09-11 19:04:30,Closed Lost,61416.58,0
OPP-015971,ACC-000055,PROD-0091,488,Renewal,2024-05-03 23:07:44,2024-08-27 17:16:20,Closed Lost,28694.52,0
OPP-015984,ACC-000013,PROD-0067,696,Upsell,2024-12-27 08:27:55,2025-06-23 06:21:47,Closed Lost,67669.69,0
OPP-016002,ACC-000050,PROD-0054,704,Upsell,2025-01-25 01:30:16,2025-02-25 19:30:30,Closed Won,97830.92,1
OPP-016004,ACC-000035,PROD-0047,129,Cross-sell,2024-04-27 04:04:20,2024-09-03 04:27:52,Closed Lost,59825.13,0
OPP-016014,ACC-000054,PROD-0090,396,Cross-sell,2025-06-22 09:27:15,2025-10-07 08:49:21,Closed Lost,37503.26,0
OPP-016018,ACC-000045,PROD-0066,756,New Business,2024-05-26 16:00:10,2024-10-10 22:42:25,Closed Lost,62234.2,0
OPP-016020,ACC-000028,PROD-0007,757,Upsell,2024-02-09 06:24:02,2024-05-31 06:04:28,Closed Won,25276.37,1
OPP-016023,ACC-000058,PROD-0032,528,Cross-sell,2023-08-21 05:14:24,2024-02-10 01:24:37,Closed Won,47018.85,1
OPP-016025,ACC-000009,PROD-0051,895,Upsell,2023-12-23 21:24:27,2024-03-20 23:56:34,Closed Won,78838,1
OPP-016032,ACC-000055,PROD-0075,733,Expansion,2025-01-17 16:31:03,2025-05-03 01:27:27,Closed Won,73581.53,1
OPP-016033,ACC-000031,PROD-0042,146,New Business,2023-08-19 23:08:38,2023-12-20 12:19:55,Closed Won,43227.82,1
OPP-016040,ACC-000042,PROD-0046,731,Renewal,2024-12-23 22:32:22,2025-06-08 06:21:13,Closed Won,25646.94,1
OPP-016045,ACC-000046,PROD-0016,467,New Business,2025-04-17 14:33:49,2025-06-08 02:25:04,Closed Lost,9559.53,0
OPP-016057,ACC-000040,PROD-0018,221,Renewal,2024-08-17 03:41:32,2024-10-02 10:11:35,Closed Lost,15666.18,0
OPP-016058,ACC-000016,PROD-0080,827,Renewal,2023-12-02 17:25:07,2024-02-27 05:36:54,Closed Won,30831.08,1
OPP-016073,ACC-000054,PROD-0010,803,Renewal,2025-01-06 02:01:44,2025-06-19 16:47:42,Closed Won,74240.46,1
OPP-016077,ACC-000022,PROD-0046,919,New Business,2023-11-20 19:53:17,2023-12-08 08:36:48,Closed Lost,63574.63,0
OPP-016082,ACC-000054,PROD-0040,125,Upsell,2024-03-31 03:07:48,2024-08-08 20:09:35,Closed Lost,4974.54,0
OPP-016089,ACC-000051,PROD-0015,246,Renewal,2024-05-11 02:57:48,2024-10-17 19:07:18,Closed Lost,76476.32,0
OPP-016094,ACC-000045,PROD-0015,518,Cross-sell,2024-01-16 11:41:08,2024-05-26 16:02:00,Closed Won,87727.64,1
OPP-016099,ACC-000013,PROD-0035,458,Upsell,2024-07-30 16:37:48,2024-12-24 17:56:01,Closed Won,6865.65,1
OPP-016110,ACC-000029,PROD-0025,690,Expansion,2023-12-30 07:20:16,2024-03-09 04:05:08,Closed Lost,4762.67,0
OPP-016114,ACC-000054,PROD-0033,998,Upsell,2025-05-04 00:11:29,2025-10-05 12:03:09,Closed Won,98822.89,1
OPP-016121,ACC-000001,PROD-0084,284,Renewal,2025-04-26 00:45:45,2025-08-12 04:33:38,Closed Lost,95256.01,0
OPP-016126,ACC-000035,PROD-0004,737,Cross-sell,2024-05-10 21:26:43,2024-11-01 10:40:54,Closed Won,38123.08,1
OPP-016129,ACC-000036,PROD-0060,7,Cross-sell,2023-11-04 22:56:37,2024-02-22 08:17:11,Closed Lost,84405.54,0
OPP-016132,ACC-000004,PROD-0054,25,Expansion,2024-07-25 12:06:03,2024-10-07 18:51:03,Closed Lost,92844.2,0
OPP-016138,ACC-000019,PROD-0074,498,Cross-sell,2023-12-18 04:14:13,2024-05-22 02:33:12,Closed Lost,38534.91,0
OPP-016143,ACC-000051,PROD-0040,877,Cross-sell,2024-03-20 14:32:11,2024-06-06 22:05:16,Closed Won,7902.33,1
OPP-016148,ACC-000029,PROD-0048,290,Upsell,2024-01-24 00:19:26,2024-04-15 21:16:25,Closed Lost,54038.62,0
OPP-016150,ACC-000030,PROD-0069,935,Upsell,2024-03-18 05:45:31,2024-05-13 04:49:13,Closed Lost,94932.55,0
OPP-016151,ACC-000003,PROD-0010,439,New Business,2025-01-15 20:00:50,2025-05-15 06:00:12,Closed Lost,37679.09,0
OPP-016163,ACC-000053,PROD-0068,989,Renewal,2023-09-01 11:18:38,2023-11-02 03:10:14,Closed Lost,91148.83,0
OPP-016176,ACC-000009,PROD-0067,15,Upsell,2024-09-21 06:25:03,2024-11-08 11:36:58,Closed Lost,15498.24,0
OPP-016201,ACC-000042,PROD-0045,623,Upsell,2023-09-25 13:30:58,2023-12-22 00:10:43,Closed Lost,70486.94,0
OPP-016202,ACC-000052,PROD-0014,72,Upsell,2024-01-19 15:46:13,2024-05-11 10:57:39,Closed Lost,72761.53,0
OPP-016211,ACC-000027,PROD-0010,437,New Business,2025-01-07 11:02:50,2025-01-30 09:24:52,Closed Lost,33185.51,0
OPP-016213,ACC-000047,PROD-0025,554,Upsell,2025-04-20 13:15:24,2025-09-15 11:40:52,Closed Lost,17421.31,0
OPP-016219,ACC-000049,PROD-0012,218,Renewal,2024-03-18 22:16:29,2024-08-25 03:48:47,Closed Won,17986.78,1
OPP-016252,ACC-000025,PROD-0032,983,Expansion,2024-02-10 22:17:54,2024-03-01 20:02:08,Closed Lost,37390.84,0
OPP-016263,ACC-000054,PROD-0007,447,New Business,2025-01-31 10:22:56,2025-02-13 16:49:13,Closed Lost,90879.75,0
OPP-016264,ACC-000023,PROD-0037,68,Expansion,2023-06-28 18:19:18,2023-11-23 11:41:54,Closed Won,79768.24,1
OPP-016275,ACC-000018,PROD-0026,593,Expansion,2024-01-08 04:03:17,2024-04-22 16:26:08,Closed Lost,12569.48,0
OPP-016277,ACC-000036,PROD-0053,37,New Business,2024-09-10 07:54:28,2024-12-26 11:20:49,Closed Lost,26375.67,0
OPP-016278,ACC-000019,PROD-0027,7,Expansion,2024-03-03 23:59:06,2024-03-13 02:55:52,Closed Won,32277.27,1
OPP-016281,ACC-000040,PROD-0005,900,Expansion,2025-05-08 09:45:40,2025-09-28 01:24:40,Closed Won,77892.34,1
OPP-016283,ACC-000023,PROD-0017,106,Cross-sell,2025-03-05 07:41:14,2025-05-23 03:06:22,Closed Lost,83196.64,0
OPP-016285,ACC-000044,PROD-0067,233,Upsell,2025-01-13 02:26:46,2025-05-01 03:00:18,Closed Lost,92821.69,0
OPP-016301,ACC-000046,PROD-0066,203,Upsell,2023-10-24 14:54:57,2024-01-15 14:26:27,Closed Lost,55216.98,0
OPP-016302,ACC-000058,PROD-0050,841,Renewal,2024-02-11 05:19:40,2024-06-19 23:54:51,Closed Lost,99307.53,0
OPP-016303,ACC-000011,PROD-0076,165,Expansion,2023-10-12 22:52:32,2024-02-10 20:11:56,Closed Won,20467.38,1
OPP-016304,ACC-000002,PROD-0014,111,New Business,2024-11-29 17:35:34,2025-05-27 10:26:43,Closed Won,80375.31,1
OPP-016307,ACC-000006,PROD-0078,929,Upsell,2023-12-19 07:40:16,2024-03-06 04:21:40,Closed Won,9680.52,1
OPP-016309,ACC-000009,PROD-0013,105,Renewal,2024-02-14 10:45:41,2024-06-01 03:51:35,Closed Lost,19351.8,0
OPP-016311,ACC-000018,PROD-0045,751,Cross-sell,2025-06-12 18:11:30,2025-09-20 03:41:34,Closed Won,79026.64,1
OPP-016322,ACC-000055,PROD-0027,948,Upsell,2024-04-18 16:49:49,2024-04-29 06:35:14,Closed Lost,29000.19,0
OPP-016324,ACC-000039,PROD-0081,285,Cross-sell,2024-02-06 22:00:55,2024-03-05 02:04:41,Closed Lost,76141.57,0
OPP-016332,ACC-000028,PROD-0058,224,New Business,2024-10-23 21:14:03,2025-01-25 15:44:30,Closed Won,76352.94,1
OPP-016335,ACC-000029,PROD-0027,901,New Business,2024-06-15 07:25:57,2024-08-29 09:18:15,Closed Won,34581.45,1
OPP-016337,ACC-000041,PROD-0016,985,Renewal,2024-06-11 20:30:28,2024-06-21 11:50:20,Closed Lost,57882.36,0
OPP-016347,ACC-000008,PROD-0032,141,Cross-sell,2024-01-10 10:27:47,2024-04-24 20:52:26,Closed Lost,90074.5,0
OPP-016357,ACC-000017,PROD-0086,579,New Business,2024-03-30 14:41:47,2024-04-25 00:47:40,Closed Won,96049.02,1
OPP-016359,ACC-000051,PROD-0009,143,Cross-sell,2023-09-06 01:56:04,2023-12-28 13:31:22,Closed Won,29287.09,1
OPP-016367,ACC-000044,PROD-0095,339,Expansion,2024-01-07 12:01:50,2024-05-14 21:30:37,Closed Lost,67858.16,0
OPP-016369,ACC-000013,PROD-0082,394,Expansion,2023-12-04 18:20:31,2024-02-02 05:43:20,Closed Won,32185.68,1
OPP-016370,ACC-000038,PROD-0063,794,Renewal,2024-12-03 04:37:46,2024-12-30 13:54:27,Closed Lost,58109.96,0
OPP-016382,ACC-000004,PROD-0073,640,Expansion,2024-08-21 23:48:33,2025-02-06 06:59:22,Closed Won,62711.44,1
OPP-016387,ACC-000054,PROD-0047,148,Renewal,2023-08-10 10:00:06,2023-10-30 02:53:07,Closed Won,85592.38,1
OPP-016398,ACC-000013,PROD-0054,733,Cross-sell,2025-03-03 13:55:00,2025-05-14 07:09:12,Closed Won,87630.12,1
OPP-016399,ACC-000008,PROD-0002,895,Expansion,2023-07-29 19:20:43,2023-12-24 15:48:06,Closed Won,49999.11,1
OPP-016407,ACC-000039,PROD-0092,316,Expansion,2024-10-26 04:04:15,2024-12-26 01:53:05,Closed Won,37699.41,1
OPP-016419,ACC-000045,PROD-0048,526,Upsell,2025-02-18 22:23:46,2025-07-21 19:51:16,Closed Lost,47055.13,0
OPP-016425,ACC-000047,PROD-0087,355,Renewal,2024-10-27 08:29:26,2024-11-22 18:05:28,Closed Lost,6244.82,0
OPP-016427,ACC-000039,PROD-0082,291,Upsell,2024-03-08 17:33:49,2024-04-14 12:34:55,Closed Lost,65450.73,0
OPP-016430,ACC-000040,PROD-0053,625,Renewal,2024-06-20 21:55:52,2024-08-17 01:39:22,Closed Lost,2337.87,0
OPP-016436,ACC-000058,PROD-0065,689,New Business,2024-01-29 10:33:54,2024-04-06 19:48:41,Closed Won,40359.94,1
OPP-016439,ACC-000035,PROD-0093,876,New Business,2024-06-11 21:28:21,2024-10-22 00:26:50,Closed Lost,88990.39,0
OPP-016442,ACC-000044,PROD-0009,833,Expansion,2025-02-16 15:53:42,2025-03-25 22:09:26,Closed Lost,27706.11,0
OPP-016447,ACC-000030,PROD-0025,142,New Business,2024-09-24 08:30:40,2025-02-27 08:21:17,Closed Won,12641.24,1
OPP-016450,ACC-000003,PROD-0073,415,New Business,2025-03-28 16:59:43,2025-06-30 14:20:14,Closed Lost,18056.64,0
OPP-016451,ACC-000043,PROD-0002,929,Expansion,2024-06-10 14:02:46,2024-10-17 02:13:46,Closed Lost,38193.08,0
OPP-016454,ACC-000022,PROD-0047,233,New Business,2024-09-27 02:35:20,2024-11-28 11:16:48,Closed Won,15166.16,1
OPP-016462,ACC-000049,PROD-0053,388,New Business,2024-07-04 04:25:13,2024-07-24 14:03:23,Closed Lost,66166.26,0
OPP-016464,ACC-000050,PROD-0081,179,Renewal,2025-05-13 07:47:28,2025-10-26 17:24:19,Closed Lost,91857.43,0
OPP-016474,ACC-000001,PROD-0054,324,Expansion,2024-09-21 22:57:38,2025-03-17 13:56:37,Closed Lost,76824.21,0
OPP-016479,ACC-000051,PROD-0030,958,Cross-sell,2023-12-30 06:09:14,2024-04-09 12:08:53,Closed Won,21132.52,1
OPP-016483,ACC-000038,PROD-0094,992,Upsell,2023-11-13 16:23:52,2023-12-09 12:13:55,Closed Won,85513.95,1
OPP-016485,ACC-000050,PROD-0015,381,New Business,2025-03-18 05:52:53,2025-04-03 14:39:50,Closed Won,87822.33,1
OPP-016487,ACC-000026,PROD-0021,454,New Business,2023-12-13 05:08:58,2024-04-07 20:29:39,Closed Won,6711.95,1
OPP-016488,ACC-000052,PROD-0004,382,Upsell,2025-03-30 10:54:49,2025-06-09 01:00:54,Closed Won,67139.22,1
OPP-016494,ACC-000022,PROD-0031,48,New Business,2024-11-25 07:15:00,2025-01-18 08:26:27,Closed Won,97277.78,1
OPP-016499,ACC-000061,PROD-0020,431,Renewal,2024-11-10 17:19:34,2025-01-01 19:33:52,Closed Won,98434.46,1
OPP-016509,ACC-000058,PROD-0046,710,Cross-sell,2023-09-27 23:24:03,2023-11-16 18:12:38,Closed Lost,35812.37,0
OPP-016512,ACC-000045,PROD-0094,649,Cross-sell,2024-09-20 18:13:24,2025-03-12 12:16:57,Closed Lost,78843.43,0
OPP-016516,ACC-000058,PROD-0060,778,Upsell,2024-06-14 10:40:52,2024-10-07 18:25:07,Closed Won,98569.69,1
OPP-016519,ACC-000026,PROD-0011,93,New Business,2024-09-09 15:09:40,2024-12-22 23:48:43,Closed Won,40914.08,1
OPP-016522,ACC-000016,PROD-0014,167,New Business,2023-11-06 08:21:31,2024-01-14 09:07:42,Closed Lost,32010.19,0
OPP-016541,ACC-000030,PROD-0075,438,Expansion,2024-11-17 12:54:26,2025-04-13 15:26:43,Closed Lost,79469.17,0
OPP-016551,ACC-000047,PROD-0090,839,Cross-sell,2024-04-06 17:46:10,2024-07-07 11:11:28,Closed Won,24471.85,1
OPP-016556,ACC-000012,PROD-0085,682,Upsell,2025-03-26 16:32:16,2025-04-11 14:00:12,Closed Won,65530.54,1
OPP-016565,ACC-000045,PROD-0060,345,Expansion,2023-10-11 04:29:27,2024-02-08 13:33:27,Closed Lost,33224.45,0
OPP-016568,ACC-000024,PROD-0029,755,Renewal,2024-08-07 02:20:53,2024-11-11 11:45:18,Closed Lost,39763,0
OPP-016574,ACC-000057,PROD-0036,128,Renewal,2023-05-10 14:01:53,2023-11-02 13:47:23,Closed Won,75410.3,1
OPP-016575,ACC-000005,PROD-0025,165,Upsell,2024-10-12 05:53:57,2024-12-29 13:23:04,Closed Won,44646.2,1
OPP-016580,ACC-000058,PROD-0033,172,Renewal,2024-03-21 03:09:58,2024-07-31 21:17:24,Closed Lost,5997.08,0
OPP-016586,ACC-000059,PROD-0024,668,Renewal,2025-01-11 23:27:25,2025-04-30 18:21:30,Closed Lost,22231.92,0
OPP-016600,ACC-000011,PROD-0070,234,New Business,2024-10-28 12:47:25,2025-01-12 16:27:24,Closed Won,8901.99,1
OPP-016604,ACC-000060,PROD-0017,681,Upsell,2024-07-12 21:50:43,2024-11-14 06:45:07,Closed Won,19012.24,1
OPP-016608,ACC-000016,PROD-0090,996,Renewal,2024-01-30 10:26:59,2024-07-03 09:17:14,Closed Lost,2859.31,0
OPP-016611,ACC-000062,PROD-0072,537,Upsell,2023-10-23 16:40:56,2024-01-30 09:01:28,Closed Won,22346.78,1
OPP-016612,ACC-000060,PROD-0058,640,Renewal,2025-01-07 12:48:33,2025-02-05 15:44:55,Closed Lost,58695.81,0
OPP-016614,ACC-000018,PROD-0066,269,Expansion,2025-04-17 00:47:35,2025-06-01 14:02:53,Closed Lost,72327.67,0
OPP-016621,ACC-000026,PROD-0100,648,Renewal,2025-02-20 04:15:54,2025-08-18 23:39:20,Closed Won,15629.48,1
OPP-016654,ACC-000034,PROD-0024,775,Upsell,2024-06-02 00:24:35,2024-06-15 19:47:36,Closed Lost,58346,0
OPP-016655,ACC-000037,PROD-0049,25,Upsell,2023-07-06 15:10:01,2023-11-01 16:15:59,Closed Won,4697.53,1
OPP-016664,ACC-000034,PROD-0096,385,Upsell,2024-05-29 14:37:32,2024-10-04 00:05:25,Closed Lost,50491.83,0
OPP-016665,ACC-000021,PROD-0004,751,Cross-sell,2024-09-14 10:28:06,2025-03-11 04:59:56,Closed Won,51179.66,1
OPP-016666,ACC-000005,PROD-0039,110,New Business,2024-11-23 00:46:54,2025-04-14 00:18:45,Closed Lost,45491.03,0
OPP-016676,ACC-000049,PROD-0082,170,Cross-sell,2023-08-17 22:17:33,2023-11-26 10:40:47,Closed Lost,42021.43,0
OPP-016679,ACC-000014,PROD-0051,98,New Business,2025-03-17 11:47:11,2025-07-01 03:05:13,Closed Lost,95160.26,0
OPP-016680,ACC-000008,PROD-0090,25,Upsell,2024-08-13 21:14:01,2024-10-28 20:06:28,Closed Won,79737.81,1
OPP-016681,ACC-000016,PROD-0081,323,New Business,2024-11-28 09:29:02,2025-03-30 04:40:29,Closed Lost,16181.19,0
OPP-016685,ACC-000031,PROD-0050,524,Cross-sell,2023-09-26 07:34:45,2024-01-05 05:17:16,Closed Won,30225.97,1
OPP-016686,ACC-000019,PROD-0022,185,Upsell,2024-10-16 16:26:13,2024-11-16 18:48:21,Closed Lost,86989.18,0
OPP-016694,ACC-000053,PROD-0078,653,Renewal,2023-12-14 16:01:52,2024-04-30 04:36:36,Closed Lost,53309.69,0
OPP-016696,ACC-000038,PROD-0055,52,Renewal,2025-01-19 14:22:52,2025-04-23 16:16:24,Closed Won,37769.65,1
OPP-016699,ACC-000054,PROD-0029,604,Cross-sell,2025-01-23 01:43:00,2025-04-21 08:08:18,Closed Won,54511.35,1
OPP-016707,ACC-000020,PROD-0053,847,Cross-sell,2025-02-26 09:44:49,2025-07-18 22:39:51,Closed Lost,84714.14,0
OPP-016708,ACC-000048,PROD-0099,216,Renewal,2024-01-13 20:53:19,2024-04-28 19:33:15,Closed Won,43861.62,1
OPP-016711,ACC-000034,PROD-0056,793,Cross-sell,2024-07-06 06:04:02,2024-08-25 07:25:24,Closed Won,22897.74,1
OPP-016726,ACC-000045,PROD-0059,960,Upsell,2024-11-10 10:37:57,2024-12-01 11:35:41,Closed Lost,14285.88,0
OPP-016729,ACC-000009,PROD-0085,436,New Business,2024-03-28 05:00:52,2024-08-04 06:39:05,Closed Lost,50949.65,0
OPP-016730,ACC-000048,PROD-0024,588,Cross-sell,2023-10-30 12:14:24,2024-02-05 14:15:54,Closed Won,3186.75,1
OPP-016733,ACC-000060,PROD-0031,705,Expansion,2024-12-18 14:23:35,2025-01-19 02:36:30,Closed Won,80346.91,1
OPP-016737,ACC-000031,PROD-0005,723,Renewal,2023-09-09 19:54:34,2024-02-26 04:06:54,Closed Lost,55511.9,0
OPP-016741,ACC-000029,PROD-0010,108,Expansion,2023-11-10 21:54:11,2023-12-23 02:19:09,Closed Lost,5101.3,0
OPP-016746,ACC-000001,PROD-0026,439,Cross-sell,2024-12-17 12:24:17,2025-01-10 05:32:17,Closed Won,25694.83,1
OPP-016763,ACC-000060,PROD-0046,62,Upsell,2025-01-25 10:44:11,2025-05-29 01:10:34,Closed Won,16119.38,1
OPP-016765,ACC-000008,PROD-0081,316,Expansion,2024-05-06 16:03:28,2024-10-23 04:27:54,Closed Lost,89737.11,0
OPP-016768,ACC-000021,PROD-0017,719,Renewal,2024-11-25 11:52:44,2025-04-06 21:41:39,Closed Won,23562.96,1
OPP-016770,ACC-000022,PROD-0009,909,Expansion,2024-07-13 01:51:48,2024-09-27 01:50:36,Closed Won,28168.98,1
OPP-016775,ACC-000008,PROD-0065,716,New Business,2024-12-20 00:38:10,2025-02-16 09:38:02,Closed Lost,12825.31,0
OPP-016785,ACC-000058,PROD-0025,312,Expansion,2023-11-04 16:16:32,2023-12-31 20:48:17,Closed Lost,21346.76,0
OPP-016792,ACC-000053,PROD-0097,295,Expansion,2024-09-13 14:32:12,2024-09-23 19:16:19,Closed Won,28375.44,1
OPP-016797,ACC-000007,PROD-0079,734,Renewal,2024-09-07 07:50:22,2025-02-04 03:40:56,Closed Lost,7494.11,0
OPP-016799,ACC-000031,PROD-0026,200,Upsell,2023-10-31 11:34:22,2024-03-05 01:14:49,Closed Won,99016.38,1
OPP-016804,ACC-000035,PROD-0050,972,Upsell,2025-03-05 09:46:05,2025-06-28 17:18:58,Closed Won,60047.85,1
OPP-016810,ACC-000057,PROD-0017,964,Upsell,2024-08-10 18:26:54,2025-01-08 21:19:50,Closed Won,72150.04,1
OPP-016812,ACC-000055,PROD-0028,699,Renewal,2025-01-16 04:00:36,2025-06-12 02:42:18,Closed Lost,19498.36,0
OPP-016820,ACC-000006,PROD-0051,412,New Business,2024-08-24 12:44:42,2024-12-17 18:32:39,Closed Lost,77077.84,0
OPP-016823,ACC-000032,PROD-0005,979,Cross-sell,2025-01-14 06:54:02,2025-01-29 18:14:56,Closed Won,77366.78,1
OPP-016837,ACC-000019,PROD-0051,452,Expansion,2025-05-04 10:05:35,2025-09-08 02:45:08,Closed Lost,37935.8,0
OPP-016839,ACC-000004,PROD-0045,710,Expansion,2025-05-21 17:53:56,2025-08-02 18:44:13,Closed Lost,66013.5,0
OPP-016849,ACC-000030,PROD-0071,794,Upsell,2024-12-04 09:18:39,2025-03-02 04:34:45,Closed Won,77953.64,1
OPP-016850,ACC-000058,PROD-0042,299,Renewal,2023-10-18 00:02:52,2023-12-20 21:40:32,Closed Won,38499.61,1
OPP-016853,ACC-000004,PROD-0008,441,Expansion,2024-02-07 13:43:33,2024-07-16 09:37:31,Closed Won,93492.72,1
OPP-016865,ACC-000040,PROD-0079,280,Upsell,2023-11-18 03:20:31,2024-04-14 18:10:18,Closed Won,83327.09,1
OPP-016875,ACC-000049,PROD-0031,136,Upsell,2023-10-06 13:43:16,2024-02-25 11:20:05,Closed Lost,98105.47,0
OPP-016878,ACC-000025,PROD-0100,192,Upsell,2024-02-19 13:14:04,2024-05-09 05:51:58,Closed Won,58108.46,1
OPP-016882,ACC-000041,PROD-0004,491,Renewal,2024-10-29 21:21:21,2024-11-02 21:14:56,Closed Won,13442.75,1
OPP-016883,ACC-000048,PROD-0097,530,Cross-sell,2023-09-26 17:17:55,2023-11-12 04:11:23,Closed Won,65784.97,1
OPP-016891,ACC-000012,PROD-0098,972,New Business,2023-11-24 10:31:08,2023-12-18 09:53:55,Closed Won,30476.05,1
OPP-016893,ACC-000005,PROD-0092,872,Expansion,2023-09-28 13:26:47,2024-02-09 00:23:39,Closed Won,11591.31,1
OPP-016894,ACC-000057,PROD-0008,313,Renewal,2024-04-19 11:40:00,2024-08-22 22:11:29,Closed Lost,63558.87,0
OPP-016905,ACC-000060,PROD-0076,353,Expansion,2023-06-03 02:42:46,2023-11-14 23:32:20,Closed Lost,92983.64,0
OPP-016908,ACC-000036,PROD-0084,74,Expansion,2023-06-04 13:37:26,2023-11-26 16:58:42,Closed Lost,37346.72,0
OPP-016920,ACC-000028,PROD-0053,217,Cross-sell,2023-06-04 16:39:37,2023-11-17 14:32:45,Closed Lost,34921.34,0
OPP-016921,ACC-000046,PROD-0049,780,New Business,2024-03-04 21:20:28,2024-06-15 05:55:42,Closed Won,71694.82,1
OPP-016923,ACC-000035,PROD-0065,761,New Business,2023-11-14 01:17:14,2024-04-24 10:12:01,Closed Won,71342.02,1
OPP-016932,ACC-000049,PROD-0052,24,Renewal,2023-12-03 14:00:01,2024-02-14 03:32:19,Closed Won,50112.3,1
OPP-016945,ACC-000036,PROD-0048,142,Upsell,2024-06-29 09:47:24,2024-07-17 22:12:35,Closed Won,55518.18,1
OPP-016946,ACC-000053,PROD-0052,894,New Business,2024-05-05 21:05:15,2024-09-29 02:48:07,Closed Won,57684.64,1
OPP-016950,ACC-000024,PROD-0100,848,New Business,2024-01-19 22:30:29,2024-02-25 20:06:10,Closed Lost,1827.77,0
OPP-016951,ACC-000026,PROD-0055,335,Expansion,2024-10-28 13:32:35,2024-11-13 01:20:09,Closed Won,77956.05,1
OPP-016953,ACC-000010,PROD-0058,108,Renewal,2024-05-09 00:01:41,2024-10-11 19:24:38,Closed Lost,3809.09,0
OPP-016955,ACC-000010,PROD-0008,692,Cross-sell,2024-03-26 12:21:53,2024-07-12 14:11:43,Closed Won,31586.87,1
OPP-016978,ACC-000050,PROD-0064,657,Cross-sell,2024-08-07 18:43:04,2024-10-18 22:27:29,Closed Won,10645.59,1
OPP-016984,ACC-000021,PROD-0007,152,Expansion,2023-11-05 11:38:50,2024-01-12 18:58:25,Closed Won,55046.33,1
OPP-016988,ACC-000013,PROD-0025,618,Upsell,2023-07-23 17:05:42,2024-01-02 13:12:07,Closed Won,31087.3,1
OPP-016989,ACC-000042,PROD-0091,362,Expansion,2025-01-15 17:05:44,2025-01-25 12:32:30,Closed Lost,88720.65,0
OPP-016992,ACC-000007,PROD-0068,533,New Business,2024-10-21 11:40:50,2025-01-28 16:52:05,Closed Lost,73061.09,0
OPP-016995,ACC-000044,PROD-0081,997,Renewal,2025-01-31 02:41:53,2025-05-24 08:16:12,Closed Won,98810.52,1
OPP-016997,ACC-000040,PROD-0096,40,New Business,2025-01-30 13:21:36,2025-07-19 10:11:32,Closed Won,7147.06,1
OPP-017001,ACC-000029,PROD-0031,920,Renewal,2023-12-08 01:29:04,2023-12-12 13:39:30,Closed Lost,33969.22,0
OPP-017024,ACC-000055,PROD-0074,930,Renewal,2023-11-15 11:40:10,2024-03-14 03:15:34,Closed Won,95477.71,1
OPP-017027,ACC-000012,PROD-0099,832,Expansion,2024-07-22 19:00:44,2025-01-11 17:38:33,Closed Won,21498.62,1
OPP-017034,ACC-000002,PROD-0009,609,New Business,2025-05-15 22:59:19,2025-10-22 13:40:43,Closed Won,58458.39,1
OPP-017038,ACC-000050,PROD-0008,991,Expansion,2024-06-02 15:49:04,2024-07-24 11:58:33,Closed Lost,4549.52,0
OPP-017039,ACC-000051,PROD-0066,106,Upsell,2024-07-16 12:17:17,2024-10-13 09:40:07,Closed Lost,34421.55,0
OPP-017050,ACC-000054,PROD-0019,309,New Business,2024-10-10 11:58:08,2024-12-22 22:56:05,Closed Lost,1351.38,0
OPP-017058,ACC-000024,PROD-0022,53,New Business,2024-03-21 01:51:08,2024-08-04 14:50:15,Closed Won,91875.07,1
OPP-017059,ACC-000021,PROD-0016,969,Upsell,2024-09-10 09:46:12,2024-09-22 20:44:18,Closed Won,55929.65,1
OPP-017065,ACC-000061,PROD-0039,848,Renewal,2025-01-29 10:22:59,2025-04-30 11:56:58,Closed Won,6419.15,1
OPP-017067,ACC-000039,PROD-0071,834,Expansion,2024-12-03 14:38:58,2024-12-25 19:35:32,Closed Lost,20773.49,0
OPP-017068,ACC-000001,PROD-0069,219,Expansion,2024-12-17 14:54:47,2025-04-25 04:27:45,Closed Lost,16913.12,0
OPP-017073,ACC-000019,PROD-0095,782,Cross-sell,2025-03-26 18:40:49,2025-04-05 05:57:44,Closed Lost,32706.22,0
OPP-017078,ACC-000062,PROD-0058,254,Renewal,2025-02-26 22:40:29,2025-08-01 02:43:37,Closed Won,68648.55,1
OPP-017081,ACC-000021,PROD-0100,346,Renewal,2023-11-30 06:40:14,2023-12-27 17:14:31,Closed Won,52767.02,1
OPP-017085,ACC-000015,PROD-0081,994,Renewal,2024-12-07 08:06:56,2025-03-01 20:56:12,Closed Lost,59618.55,0
OPP-017103,ACC-000026,PROD-0003,314,Cross-sell,2024-06-18 15:04:00,2024-08-15 12:42:41,Closed Won,45821.15,1
OPP-017115,ACC-000014,PROD-0097,188,Cross-sell,2023-12-05 19:51:43,2024-01-17 06:05:29,Closed Won,31373.66,1
OPP-017117,ACC-000010,PROD-0094,634,New Business,2025-02-19 14:16:35,2025-05-11 14:55:05,Closed Lost,37320.14,0
OPP-017120,ACC-000036,PROD-0084,75,Upsell,2024-01-09 03:34:14,2024-02-29 01:42:02,Closed Won,97596.35,1
OPP-017125,ACC-000016,PROD-0058,939,New Business,2025-01-17 18:27:34,2025-06-10 01:06:01,Closed Lost,81770.98,0
OPP-017135,ACC-000005,PROD-0028,616,Upsell,2024-11-29 17:51:32,2025-01-30 02:32:47,Closed Lost,95674.51,0
OPP-017137,ACC-000015,PROD-0002,660,Upsell,2023-10-12 23:28:27,2023-10-30 00:36:57,Closed Won,64510.75,1
OPP-017142,ACC-000028,PROD-0086,424,New Business,2024-10-12 01:53:28,2024-10-26 19:29:07,Closed Won,25556.45,1
OPP-017149,ACC-000062,PROD-0072,166,Upsell,2024-02-02 09:01:45,2024-04-21 16:27:29,Closed Lost,1596.65,0
OPP-017156,ACC-000042,PROD-0031,240,New Business,2024-10-27 23:07:19,2025-03-31 11:54:04,Closed Lost,66594.6,0
OPP-017162,ACC-000029,PROD-0028,724,New Business,2024-12-29 09:19:16,2025-02-15 08:55:13,Closed Won,64807.51,1
OPP-017170,ACC-000018,PROD-0065,657,New Business,2023-10-24 05:46:54,2024-01-17 18:59:38,Closed Won,7873.35,1
OPP-017182,ACC-000002,PROD-0070,652,Renewal,2025-06-13 18:01:15,2025-09-27 23:39:13,Closed Won,36504.1,1
OPP-017190,ACC-000018,PROD-0049,567,Upsell,2024-11-18 21:37:51,2025-05-15 04:04:12,Closed Won,8699.47,1
OPP-017191,ACC-000030,PROD-0078,271,Upsell,2024-03-04 05:01:12,2024-08-17 05:25:12,Closed Won,96128.22,1
OPP-017193,ACC-000022,PROD-0044,761,Cross-sell,2025-05-19 23:34:09,2025-06-16 18:13:42,Closed Won,46692.63,1
OPP-017199,ACC-000009,PROD-0029,415,Cross-sell,2024-12-17 15:45:46,2025-03-14 22:30:25,Closed Lost,43013.61,0
OPP-017202,ACC-000016,PROD-0064,788,New Business,2024-06-27 06:23:56,2024-07-07 23:58:46,Closed Won,58456.5,1
OPP-017220,ACC-000008,PROD-0023,621,Upsell,2024-09-29 23:35:39,2024-12-03 00:07:05,Closed Won,89099.99,1
OPP-017223,ACC-000015,PROD-0058,167,Renewal,2023-08-04 00:26:11,2023-12-05 03:31:41,Closed Lost,42000.76,0
OPP-017234,ACC-000055,PROD-0006,169,New Business,2023-06-17 08:25:28,2023-11-16 14:24:15,Closed Lost,24133.65,0
OPP-017243,ACC-000030,PROD-0004,22,Cross-sell,2024-06-26 10:42:05,2024-09-21 21:24:53,Closed Lost,47916.43,0
OPP-017246,ACC-000006,PROD-0100,868,Cross-sell,2024-05-30 09:09:46,2024-10-14 19:58:08,Closed Won,62934.58,1
OPP-017251,ACC-000035,PROD-0052,320,Renewal,2024-02-18 05:38:05,2024-05-01 06:22:57,Closed Won,60980.08,1
OPP-017255,ACC-000055,PROD-0010,553,Renewal,2025-05-27 14:43:29,2025-07-19 15:55:29,Closed Lost,1375.42,0
OPP-017256,ACC-000003,PROD-0050,474,New Business,2024-06-17 20:38:23,2024-07-05 00:10:59,Closed Lost,77118.67,0
OPP-017257,ACC-000004,PROD-0060,496,Renewal,2024-05-23 22:27:05,2024-06-28 07:55:14,Closed Lost,95312.37,0
OPP-017259,ACC-000024,PROD-0098,633,Upsell,2025-04-15 18:01:09,2025-05-02 19:23:47,Closed Won,33743.62,1
OPP-017265,ACC-000027,PROD-0059,103,Renewal,2024-10-29 22:10:24,2025-04-03 01:57:05,Closed Won,88267.2,1
OPP-017276,ACC-000060,PROD-0026,597,Expansion,2024-06-19 10:03:03,2024-12-15 20:46:29,Closed Lost,11402.24,0
OPP-017284,ACC-000018,PROD-0078,690,Renewal,2025-03-24 06:52:23,2025-05-31 16:07:28,Closed Lost,29666.91,0
OPP-017288,ACC-000056,PROD-0031,576,New Business,2024-05-29 20:20:14,2024-09-22 01:33:01,Closed Lost,2812.48,0
OPP-017305,ACC-000015,PROD-0061,13,Upsell,2024-01-08 19:27:44,2024-04-25 18:07:04,Closed Won,63942.93,1
OPP-017307,ACC-000043,PROD-0090,130,Expansion,2025-06-13 10:36:58,2025-08-22 03:44:57,Closed Won,30578.09,1
OPP-017311,ACC-000025,PROD-0031,491,Upsell,2024-05-10 16:55:56,2024-07-21 19:20:59,Closed Won,62224.46,1
OPP-017312,ACC-000025,PROD-0056,906,New Business,2024-03-24 20:33:24,2024-03-31 07:16:50,Closed Won,81978.51,1
OPP-017320,ACC-000028,PROD-0030,732,Upsell,2024-05-16 02:11:31,2024-09-14 21:06:42,Closed Won,90884.37,1
OPP-017347,ACC-000044,PROD-0085,470,Upsell,2025-05-11 23:40:01,2025-05-31 04:47:04,Closed Won,21079.85,1
OPP-017349,ACC-000042,PROD-0090,803,Upsell,2024-04-09 10:25:28,2024-06-14 20:04:34,Closed Lost,53658.47,0
OPP-017352,ACC-000013,PROD-0086,803,Expansion,2024-02-11 10:13:22,2024-08-03 14:48:36,Closed Lost,33816.36,0
OPP-017356,ACC-000052,PROD-0063,120,New Business,2024-09-21 03:17:05,2025-02-14 18:44:14,Closed Won,30159.14,1
OPP-017361,ACC-000055,PROD-0093,467,Renewal,2023-11-26 12:05:09,2024-02-01 14:46:47,Closed Won,74191.49,1
OPP-017370,ACC-000026,PROD-0043,800,Renewal,2023-12-12 20:33:16,2023-12-16 09:21:48,Closed Lost,52960.35,0
OPP-017387,ACC-000010,PROD-0050,739,Renewal,2025-04-19 14:06:01,2025-06-06 12:12:18,Closed Won,33245.52,1
OPP-017395,ACC-000052,PROD-0017,763,Expansion,2025-04-10 18:30:51,2025-05-24 01:33:15,Closed Lost,22246.95,0
OPP-017430,ACC-000034,PROD-0071,486,New Business,2023-10-11 03:26:50,2023-11-30 14:46:00,Closed Lost,45426.84,0
OPP-017435,ACC-000022,PROD-0022,647,Cross-sell,2023-12-05 04:52:03,2024-04-20 14:33:06,Closed Lost,41417.6,0
OPP-017438,ACC-000050,PROD-0012,605,Cross-sell,2024-11-05 16:06:06,2024-12-19 15:32:19,Closed Won,79101.89,1
OPP-017444,ACC-000001,PROD-0095,875,Renewal,2024-08-16 19:36:34,2025-01-17 17:24:55,Closed Lost,90904.45,0
OPP-017449,ACC-000006,PROD-0058,504,Renewal,2025-04-18 22:52:25,2025-10-10 05:30:43,Closed Won,53060.25,1
OPP-017475,ACC-000006,PROD-0069,820,Renewal,2024-02-10 21:48:06,2024-02-13 04:04:17,Closed Won,26552,1
OPP-017478,ACC-000052,PROD-0063,288,New Business,2024-05-17 08:00:47,2024-07-22 06:57:02,Closed Lost,5830.06,0
OPP-017480,ACC-000004,PROD-0025,828,Upsell,2025-05-15 11:05:11,2025-08-13 02:42:36,Closed Won,64983.87,1
OPP-017487,ACC-000019,PROD-0043,9,Upsell,2023-10-20 03:22:07,2024-01-16 17:52:07,Closed Lost,25072.27,0
OPP-017489,ACC-000062,PROD-0073,727,New Business,2025-02-19 04:49:44,2025-06-10 00:41:10,Closed Won,53021.66,1
OPP-017490,ACC-000032,PROD-0027,117,Renewal,2025-02-24 15:05:26,2025-04-02 18:13:49,Closed Won,87238.95,1
OPP-017494,ACC-000058,PROD-0076,838,Cross-sell,2024-01-06 16:37:03,2024-06-05 10:02:44,Closed Lost,53739.88,0
OPP-017517,ACC-000031,PROD-0019,744,New Business,2024-06-12 01:35:32,2024-10-06 18:23:50,Closed Lost,67184.12,0
OPP-017527,ACC-000039,PROD-0015,808,Upsell,2024-09-08 15:52:22,2024-12-25 14:27:51,Closed Won,54126.39,1
OPP-017545,ACC-000029,PROD-0002,379,Renewal,2024-10-31 01:51:58,2024-11-25 06:02:42,Closed Lost,29799.59,0
OPP-017546,ACC-000031,PROD-0005,334,Expansion,2023-09-17 20:46:05,2024-01-08 02:26:45,Closed Lost,39020.95,0
OPP-017548,ACC-000006,PROD-0056,211,New Business,2023-07-27 22:44:38,2023-12-16 07:11:11,Closed Lost,11977.52,0
OPP-017559,ACC-000044,PROD-0094,675,Expansion,2023-10-08 11:45:17,2023-12-20 14:44:11,Closed Won,96679.67,1
OPP-017561,ACC-000043,PROD-0005,925,Cross-sell,2023-10-31 08:05:28,2024-02-16 06:04:41,Closed Won,96749.46,1
OPP-017564,ACC-000029,PROD-0024,9,New Business,2023-12-29 20:08:14,2024-06-18 20:36:40,Closed Won,84509.67,1
OPP-017567,ACC-000031,PROD-0081,182,Cross-sell,2023-06-18 23:34:55,2023-11-01 00:27:39,Closed Won,35987.32,1
OPP-017575,ACC-000026,PROD-0033,810,New Business,2024-07-03 16:48:59,2024-07-14 11:26:09,Closed Lost,19049.32,0
OPP-017577,ACC-000007,PROD-0001,65,New Business,2024-10-11 13:58:40,2024-12-17 12:57:06,Closed Lost,10684.91,0
OPP-017593,ACC-000056,PROD-0084,511,Cross-sell,2023-07-13 14:12:34,2024-01-05 04:51:13,Closed Lost,44252.96,0
OPP-017625,ACC-000001,PROD-0067,95,Upsell,2024-04-10 19:41:53,2024-05-22 20:59:54,Closed Lost,25081.22,0
OPP-017631,ACC-000040,PROD-0058,489,Upsell,2023-09-21 23:26:33,2024-02-15 04:18:56,Closed Won,85928.3,1
OPP-017637,ACC-000050,PROD-0018,846,Renewal,2024-07-06 08:35:13,2024-08-14 11:19:56,Closed Lost,16086.44,0
OPP-017640,ACC-000011,PROD-0046,806,Cross-sell,2024-05-09 05:41:41,2024-06-03 19:22:52,Closed Won,30910.16,1
OPP-017642,ACC-000037,PROD-0043,515,Cross-sell,2024-02-28 01:16:17,2024-07-20 17:37:27,Closed Won,20255.53,1
OPP-017653,ACC-000038,PROD-0026,645,Expansion,2024-07-16 07:10:17,2024-10-10 12:37:29,Closed Won,9149.6,1
OPP-017656,ACC-000021,PROD-0026,956,Expansion,2025-06-12 20:20:53,2025-07-08 13:06:22,Closed Won,32044.15,1
OPP-017657,ACC-000027,PROD-0059,273,Renewal,2024-06-12 22:04:51,2024-11-30 23:39:13,Closed Lost,29574,0
OPP-017661,ACC-000057,PROD-0040,737,Upsell,2024-07-17 17:12:13,2024-08-25 09:08:17,Closed Lost,10916.17,0
OPP-017673,ACC-000040,PROD-0003,383,Upsell,2024-05-23 07:18:52,2024-10-31 11:31:36,Closed Won,12889.66,1
OPP-017675,ACC-000007,PROD-0079,584,Upsell,2024-07-13 16:04:54,2024-12-15 15:56:58,Closed Won,55167.64,1
OPP-017679,ACC-000032,PROD-0050,960,Cross-sell,2025-01-05 02:23:53,2025-04-01 12:48:30,Closed Won,1628.92,1
OPP-017693,ACC-000027,PROD-0030,907,Renewal,2024-01-13 20:47:56,2024-02-01 06:38:21,Closed Lost,25979.19,0
OPP-017695,ACC-000047,PROD-0017,555,Expansion,2024-05-24 00:15:07,2024-11-12 13:28:32,Closed Won,20894.72,1
OPP-017696,ACC-000046,PROD-0028,319,Expansion,2024-12-12 10:52:33,2025-04-25 14:52:41,Closed Lost,5745.89,0
OPP-017701,ACC-000056,PROD-0053,56,Cross-sell,2025-03-03 14:19:02,2025-06-30 16:21:16,Closed Won,67294.02,1
OPP-017703,ACC-000037,PROD-0062,29,Cross-sell,2025-02-24 11:14:41,2025-03-28 08:48:14,Closed Lost,21425.88,0
OPP-017709,ACC-000027,PROD-0043,222,Renewal,2024-10-30 06:32:53,2024-11-05 22:29:51,Closed Won,95895.09,1
OPP-017723,ACC-000020,PROD-0045,186,Expansion,2024-11-24 14:15:54,2025-05-13 06:23:40,Closed Lost,42556.38,0
OPP-017739,ACC-000009,PROD-0028,978,Cross-sell,2025-04-12 13:48:38,2025-04-21 10:55:26,Closed Lost,87279.2,0
OPP-017767,ACC-000009,PROD-0039,473,New Business,2024-07-16 19:51:20,2024-08-30 11:07:31,Closed Lost,61189.21,0
OPP-017768,ACC-000003,PROD-0072,656,Expansion,2023-11-27 05:38:02,2024-02-17 04:12:46,Closed Won,67088.18,1
OPP-017782,ACC-000019,PROD-0065,1,Expansion,2025-03-29 19:27:56,2025-09-08 18:17:45,Closed Lost,23222.38,0
OPP-017792,ACC-000005,PROD-0096,330,Expansion,2025-01-05 23:43:04,2025-05-30 10:58:49,Closed Lost,31136.02,0
OPP-017795,ACC-000014,PROD-0092,580,Expansion,2023-11-07 10:22:05,2024-03-22 11:17:22,Closed Lost,90892.94,0
OPP-017800,ACC-000007,PROD-0037,98,Renewal,2024-05-18 15:18:45,2024-08-27 13:55:41,Closed Lost,69524.74,0
OPP-017803,ACC-000057,PROD-0070,314,New Business,2024-03-12 22:11:06,2024-09-02 00:34:09,Closed Won,81089.24,1
OPP-017810,ACC-000006,PROD-0075,105,New Business,2024-02-13 03:13:34,2024-03-04 04:20:25,Closed Lost,87391.06,0
OPP-017816,ACC-000062,PROD-0070,394,Cross-sell,2024-03-17 22:53:59,2024-05-04 13:51:23,Closed Lost,7709.88,0
OPP-017820,ACC-000014,PROD-0025,408,New Business,2024-12-24 10:10:26,2025-05-12 12:40:46,Closed Lost,6968.31,0
OPP-017824,ACC-000003,PROD-0090,986,Cross-sell,2023-12-02 10:11:09,2024-04-13 23:47:25,Closed Won,33735.12,1
OPP-017832,ACC-000011,PROD-0049,461,Expansion,2024-07-21 07:26:30,2024-09-15 00:24:53,Closed Won,98365.64,1
OPP-017851,ACC-000051,PROD-0047,673,Expansion,2023-09-28 08:21:10,2024-01-04 08:13:47,Closed Won,4931.59,1
OPP-017858,ACC-000021,PROD-0017,805,Upsell,2024-10-19 17:10:05,2025-03-11 00:47:42,Closed Lost,73459.54,0
OPP-017860,ACC-000022,PROD-0046,215,Cross-sell,2025-05-21 17:48:51,2025-10-03 16:39:00,Closed Lost,51936.92,0
OPP-017862,ACC-000007,PROD-0094,722,Upsell,2024-05-12 08:45:15,2024-07-04 12:20:54,Closed Won,97730.78,1
OPP-017869,ACC-000041,PROD-0013,435,Upsell,2024-07-21 21:51:17,2024-12-24 18:24:59,Closed Lost,98554.84,0
OPP-017881,ACC-000031,PROD-0049,975,Cross-sell,2023-11-22 05:00:59,2024-02-22 21:34:21,Closed Won,69075.98,1
OPP-017886,ACC-000006,PROD-0029,320,Expansion,2024-01-08 07:47:04,2024-06-08 04:29:51,Closed Won,62480.31,1
OPP-017887,ACC-000053,PROD-0033,523,Upsell,2023-08-18 15:05:22,2023-11-01 20:46:21,Closed Lost,55476.45,0
OPP-017899,ACC-000035,PROD-0086,830,Cross-sell,2023-10-08 10:06:35,2024-02-21 21:49:12,Closed Lost,61986.53,0
OPP-017900,ACC-000017,PROD-0045,53,Expansion,2025-05-09 12:04:07,2025-05-12 00:58:31,Closed Won,47386.43,1
OPP-017911,ACC-000049,PROD-0015,813,New Business,2024-09-21 20:09:36,2024-12-09 08:06:18,Closed Won,33039.25,1
OPP-017912,ACC-000043,PROD-0073,372,Cross-sell,2024-01-10 08:09:07,2024-02-08 00:41:40,Closed Won,39215.65,1
OPP-017915,ACC-000039,PROD-0041,21,Renewal,2023-12-09 21:59:55,2024-02-22 22:55:26,Closed Lost,48815,0
OPP-017928,ACC-000027,PROD-0075,935,Upsell,2024-10-17 11:23:32,2025-03-06 18:44:21,Closed Won,91678.61,1
OPP-017938,ACC-000010,PROD-0008,740,Upsell,2023-12-22 00:58:35,2024-01-29 23:40:06,Closed Lost,39322.25,0
OPP-017955,ACC-000025,PROD-0100,387,New Business,2024-10-07 05:20:09,2025-01-05 03:17:38,Closed Won,60730.96,1
OPP-017959,ACC-000019,PROD-0083,913,Cross-sell,2025-05-02 08:52:24,2025-05-06 21:05:41,Closed Lost,31645.42,0
OPP-017962,ACC-000006,PROD-0068,87,New Business,2024-05-29 15:17:52,2024-10-19 13:24:06,Closed Lost,61140.66,0
OPP-017965,ACC-000009,PROD-0002,676,New Business,2024-12-26 10:18:25,2025-03-06 14:38:07,Closed Won,27068.25,1
OPP-017966,ACC-000051,PROD-0004,189,New Business,2025-05-27 08:35:21,2025-06-29 18:55:20,Closed Lost,85980.49,0
OPP-017973,ACC-000047,PROD-0023,206,Cross-sell,2025-05-21 18:17:07,2025-09-07 22:00:24,Closed Lost,78030.76,0
OPP-017993,ACC-000004,PROD-0084,936,Upsell,2025-04-11 14:16:37,2025-08-22 09:18:25,Closed Lost,41525.1,0
OPP-018004,ACC-000009,PROD-0065,256,Cross-sell,2024-05-14 19:08:12,2024-05-20 17:06:48,Closed Lost,15005.92,0
OPP-018005,ACC-000057,PROD-0085,912,Expansion,2024-06-06 18:45:14,2024-09-18 12:14:38,Closed Lost,42543.73,0
OPP-018009,ACC-000052,PROD-0067,138,New Business,2024-08-24 04:26:42,2025-01-31 11:34:48,Closed Lost,96722.91,0
OPP-018016,ACC-000016,PROD-0075,971,Renewal,2023-12-12 09:12:31,2024-03-05 21:02:09,Closed Lost,95995.07,0
OPP-018024,ACC-000057,PROD-0084,37,Cross-sell,2025-05-13 19:16:03,2025-05-26 19:57:14,Closed Lost,47952.07,0
OPP-018025,ACC-000046,PROD-0044,357,Upsell,2024-03-27 15:22:28,2024-09-05 07:24:27,Closed Won,26998.25,1
OPP-018030,ACC-000030,PROD-0069,297,New Business,2024-06-20 09:32:10,2024-08-29 17:47:20,Closed Lost,99898.45,0
OPP-018037,ACC-000047,PROD-0044,362,Upsell,2025-06-08 12:06:12,2025-08-19 20:43:11,Closed Lost,90948.73,0
OPP-018056,ACC-000008,PROD-0062,893,Cross-sell,2024-04-22 20:03:24,2024-10-05 05:52:48,Closed Won,67713.32,1
OPP-018060,ACC-000020,PROD-0058,412,Expansion,2024-01-23 04:30:31,2024-03-22 15:50:52,Closed Won,82969.85,1
OPP-018063,ACC-000001,PROD-0068,422,Cross-sell,2024-06-08 00:31:58,2024-11-09 18:24:17,Closed Won,31946.13,1
OPP-018066,ACC-000043,PROD-0020,404,Expansion,2025-05-25 08:53:08,2025-07-07 15:03:10,Closed Won,11989.84,1
OPP-018067,ACC-000029,PROD-0043,499,New Business,2024-09-25 22:48:37,2024-12-13 05:36:22,Closed Won,75645.08,1
OPP-018085,ACC-000025,PROD-0040,160,Renewal,2023-09-11 09:48:09,2024-02-10 00:11:58,Closed Lost,44945.06,0
OPP-018088,ACC-000019,PROD-0080,599,New Business,2024-07-22 08:48:35,2024-07-28 13:39:19,Closed Lost,11426.48,0
OPP-018093,ACC-000052,PROD-0100,202,Expansion,2024-07-30 18:27:12,2024-12-01 07:54:27,Closed Lost,82537.18,0
OPP-018105,ACC-000013,PROD-0001,915,Upsell,2024-05-24 09:32:46,2024-07-05 19:10:13,Closed Won,73178.84,1
OPP-018111,ACC-000041,PROD-0081,61,Expansion,2024-03-18 16:17:44,2024-08-01 06:57:29,Closed Lost,8496.88,0
OPP-018112,ACC-000016,PROD-0018,49,Renewal,2024-10-08 01:23:29,2025-03-16 06:04:57,Closed Lost,90081.97,0
OPP-018115,ACC-000002,PROD-0024,173,New Business,2024-02-10 09:57:25,2024-03-19 07:54:22,Closed Lost,52351.92,0
OPP-018116,ACC-000008,PROD-0071,772,Renewal,2025-04-16 18:21:07,2025-07-28 04:02:18,Closed Lost,2164.35,0
OPP-018117,ACC-000015,PROD-0042,764,Expansion,2024-01-21 21:43:44,2024-05-19 22:51:31,Closed Lost,47209.72,0
OPP-018124,ACC-000026,PROD-0051,858,Renewal,2025-01-05 07:11:48,2025-06-28 23:24:42,Closed Lost,75582.88,0
OPP-018125,ACC-000055,PROD-0014,17,Cross-sell,2024-10-24 22:04:32,2025-04-05 09:35:48,Closed Won,75505.46,1
OPP-018137,ACC-000033,PROD-0024,735,Cross-sell,2025-05-08 03:58:42,2025-05-18 16:07:29,Closed Won,88299.91,1
OPP-018138,ACC-000030,PROD-0027,834,New Business,2023-11-01 20:57:49,2024-01-31 00:35:35,Closed Lost,77002.41,0
OPP-018148,ACC-000023,PROD-0083,13,Renewal,2023-08-23 02:20:17,2024-01-27 18:53:05,Closed Lost,47840.44,0
OPP-018150,ACC-000008,PROD-0050,781,Renewal,2025-01-07 13:36:23,2025-06-23 07:23:30,Closed Lost,6343.88,0
OPP-018161,ACC-000018,PROD-0098,378,Upsell,2024-03-26 05:50:41,2024-09-07 09:19:46,Closed Lost,63559.29,0
OPP-018162,ACC-000061,PROD-0056,808,Expansion,2024-12-29 00:45:16,2025-04-16 12:49:12,Closed Won,22183.17,1
OPP-018164,ACC-000052,PROD-0079,94,Cross-sell,2023-11-12 19:45:36,2024-03-24 10:24:04,Closed Lost,7405.88,0
OPP-018166,ACC-000053,PROD-0065,175,Upsell,2024-03-06 12:52:15,2024-04-12 01:10:36,Closed Lost,99972.62,0
OPP-018167,ACC-000012,PROD-0051,558,Cross-sell,2024-06-29 10:33:34,2024-07-17 20:18:53,Closed Lost,69134.79,0
OPP-018179,ACC-000018,PROD-0096,247,Renewal,2023-10-06 07:37:36,2024-03-22 05:19:24,Closed Lost,65832.64,0
OPP-018194,ACC-000001,PROD-0073,282,New Business,2024-07-08 17:39:19,2024-10-16 10:46:35,Closed Lost,68298.33,0
OPP-018198,ACC-000045,PROD-0087,685,Expansion,2024-09-12 11:06:10,2025-01-09 09:55:24,Closed Lost,30787.78,0
OPP-018205,ACC-000021,PROD-0093,145,Upsell,2023-11-24 22:28:46,2023-12-25 21:29:25,Closed Won,34037.33,1
OPP-018207,ACC-000031,PROD-0046,463,Upsell,2024-12-16 16:44:12,2025-04-25 19:52:48,Closed Lost,6785.44,0
OPP-018209,ACC-000024,PROD-0034,503,Expansion,2024-03-05 07:36:50,2024-08-20 08:35:14,Closed Won,44526.31,1
OPP-018212,ACC-000019,PROD-0068,56,New Business,2024-08-12 04:38:42,2024-10-20 21:11:16,Closed Won,75010.47,1
OPP-018216,ACC-000016,PROD-0046,505,Cross-sell,2024-12-25 00:47:56,2025-06-16 13:10:21,Closed Lost,21003.77,0
OPP-018221,ACC-000059,PROD-0055,609,New Business,2024-04-12 18:31:35,2024-04-23 08:19:21,Closed Won,18260.18,1
OPP-018227,ACC-000012,PROD-0042,402,Expansion,2024-11-07 08:19:42,2025-03-28 13:22:15,Closed Won,67703.96,1
OPP-018229,ACC-000043,PROD-0064,42,Upsell,2025-03-02 12:22:23,2025-08-05 14:45:43,Closed Lost,30364.19,0
OPP-018233,ACC-000032,PROD-0024,670,New Business,2024-03-30 19:45:33,2024-04-23 02:29:16,Closed Won,72138.45,1
OPP-018248,ACC-000044,PROD-0072,720,Upsell,2025-02-18 12:29:55,2025-06-08 01:07:01,Closed Won,23315.3,1
OPP-018250,ACC-000062,PROD-0068,393,New Business,2024-10-10 02:19:15,2024-11-03 18:59:49,Closed Won,86548.28,1
OPP-018251,ACC-000018,PROD-0058,934,Renewal,2024-04-08 06:49:59,2024-07-27 08:28:23,Closed Won,65560.14,1
OPP-018255,ACC-000040,PROD-0033,895,New Business,2025-04-08 18:36:47,2025-08-15 22:23:44,Closed Won,72976.64,1
OPP-018257,ACC-000057,PROD-0011,788,Cross-sell,2024-10-14 03:11:12,2024-12-28 23:07:33,Closed Won,2412.98,1
OPP-018263,ACC-000006,PROD-0057,214,Expansion,2024-04-25 00:19:55,2024-07-12 13:11:18,Closed Lost,8472.92,0
OPP-018265,ACC-000060,PROD-0063,723,New Business,2025-01-05 02:12:59,2025-05-25 22:06:10,Closed Lost,42739.04,0
OPP-018267,ACC-000032,PROD-0027,978,Expansion,2024-04-13 22:54:29,2024-06-24 21:40:44,Closed Lost,60384.42,0
OPP-018280,ACC-000018,PROD-0006,201,Upsell,2025-06-22 19:32:55,2025-10-23 09:53:42,Closed Won,20558.3,1
OPP-018288,ACC-000019,PROD-0095,751,Cross-sell,2023-11-25 04:10:49,2024-04-22 23:59:22,Closed Lost,41020.26,0
OPP-018290,ACC-000003,PROD-0003,436,Expansion,2024-05-09 09:34:43,2024-07-15 20:26:37,Closed Won,46120.38,1
OPP-018295,ACC-000033,PROD-0012,827,Expansion,2025-06-17 11:21:38,2025-10-26 16:14:05,Closed Won,54240.56,1
OPP-018297,ACC-000028,PROD-0046,262,Cross-sell,2023-12-10 17:12:50,2024-04-29 16:50:06,Closed Won,74811.89,1
OPP-018299,ACC-000021,PROD-0093,133,New Business,2024-01-04 20:56:10,2024-02-15 22:41:26,Closed Lost,33449.58,0
OPP-018302,ACC-000057,PROD-0084,696,Expansion,2023-10-26 11:54:22,2024-01-31 22:28:05,Closed Lost,48717.72,0
OPP-018304,ACC-000059,PROD-0094,896,Expansion,2024-11-29 20:50:38,2025-01-05 18:22:00,Closed Won,99781.75,1
OPP-018307,ACC-000040,PROD-0085,853,Upsell,2024-11-27 15:42:01,2024-11-28 18:09:38,Closed Lost,71762.82,0
OPP-018328,ACC-000029,PROD-0061,682,Cross-sell,2024-07-15 13:00:48,2024-10-08 00:56:31,Closed Lost,56979.32,0
OPP-018329,ACC-000032,PROD-0030,277,New Business,2025-05-05 21:30:21,2025-09-04 08:19:58,Closed Lost,97647.54,0
OPP-018331,ACC-000004,PROD-0074,713,New Business,2023-10-02 23:23:31,2024-01-21 23:36:38,Closed Lost,77151.4,0
OPP-018335,ACC-000023,PROD-0091,365,Renewal,2023-11-25 10:27:12,2024-03-07 00:50:04,Closed Lost,44094.53,0
OPP-018345,ACC-000055,PROD-0016,387,Cross-sell,2024-01-19 15:45:27,2024-06-18 06:30:24,Closed Won,89003.41,1
OPP-018350,ACC-000021,PROD-0044,442,Renewal,2024-09-28 09:35:54,2024-10-04 21:34:17,Closed Lost,67249.22,0
OPP-018355,ACC-000009,PROD-0079,377,Expansion,2023-10-07 07:13:08,2024-02-06 00:15:33,Closed Lost,48849.17,0
OPP-018362,ACC-000013,PROD-0009,61,Expansion,2024-03-14 17:48:53,2024-04-25 03:11:15,Closed Lost,82767.84,0
OPP-018364,ACC-000028,PROD-0035,593,Expansion,2024-05-27 14:03:38,2024-09-16 14:12:58,Closed Lost,4369.25,0
OPP-018384,ACC-000052,PROD-0005,800,Renewal,2024-03-14 00:21:24,2024-05-19 00:58:09,Closed Lost,1303.49,0
OPP-018396,ACC-000058,PROD-0081,70,Upsell,2024-12-04 01:31:56,2025-02-16 11:46:24,Closed Won,17408.21,1
OPP-018398,ACC-000040,PROD-0077,392,New Business,2023-11-20 05:23:41,2024-03-24 12:24:06,Closed Lost,55696.39,0
OPP-018413,ACC-000015,PROD-0061,823,Expansion,2023-10-22 19:41:12,2024-03-01 00:35:17,Closed Won,45501.02,1
OPP-018414,ACC-000043,PROD-0021,823,New Business,2024-09-25 02:21:35,2024-12-19 14:48:39,Closed Won,63120.49,1
OPP-018421,ACC-000022,PROD-0079,653,Renewal,2025-06-01 22:58:55,2025-08-02 01:24:02,Closed Won,93361.51,1
OPP-018422,ACC-000028,PROD-0036,955,Cross-sell,2025-04-03 01:58:03,2025-04-21 08:51:46,Closed Lost,55735.26,0
OPP-018426,ACC-000039,PROD-0069,132,New Business,2025-04-11 22:57:32,2025-06-19 10:41:59,Closed Won,2846.06,1
OPP-018430,ACC-000030,PROD-0073,720,Cross-sell,2025-02-20 06:35:40,2025-04-26 11:25:21,Closed Lost,23531.7,0
OPP-018452,ACC-000003,PROD-0025,809,New Business,2023-11-23 22:35:09,2024-03-30 04:08:58,Closed Won,57409.99,1
OPP-018463,ACC-000021,PROD-0005,497,Cross-sell,2023-06-22 09:39:55,2023-11-10 00:31:19,Closed Won,55825.23,1
OPP-018480,ACC-000039,PROD-0054,88,Cross-sell,2023-11-14 20:47:51,2024-04-27 01:47:34,Closed Lost,37812.57,0
OPP-018481,ACC-000009,PROD-0028,602,Upsell,2023-11-30 21:45:58,2024-04-28 03:42:14,Closed Won,82974.84,1
OPP-018491,ACC-000013,PROD-0065,286,Upsell,2024-09-11 10:25:09,2024-11-02 06:08:49,Closed Won,37728.24,1
OPP-018493,ACC-000049,PROD-0058,823,Expansion,2025-04-28 10:09:44,2025-06-25 03:43:33,Closed Won,82701.89,1
OPP-018494,ACC-000034,PROD-0096,304,Expansion,2024-08-29 09:36:34,2024-10-12 09:26:21,Closed Lost,80612.32,0
OPP-018498,ACC-000005,PROD-0027,461,Upsell,2024-10-30 21:41:59,2024-11-15 01:52:33,Closed Lost,98712.27,0
OPP-018499,ACC-000027,PROD-0047,433,Renewal,2024-11-09 10:42:34,2025-05-03 13:34:39,Closed Lost,97812.12,0
OPP-018502,ACC-000027,PROD-0030,894,New Business,2023-11-30 01:57:28,2024-03-27 06:22:52,Closed Won,66501.51,1
OPP-018506,ACC-000008,PROD-0019,742,Expansion,2024-01-28 05:30:53,2024-03-16 07:27:04,Closed Lost,49811.63,0
OPP-018514,ACC-000017,PROD-0040,556,Renewal,2025-03-28 00:42:53,2025-05-20 09:19:28,Closed Won,83528.64,1
OPP-018519,ACC-000049,PROD-0046,86,Cross-sell,2024-09-19 17:55:38,2025-01-30 00:24:58,Closed Won,81138.76,1
OPP-018520,ACC-000035,PROD-0038,655,Cross-sell,2025-01-18 10:49:56,2025-05-27 02:27:26,Closed Lost,32275.74,0
OPP-018521,ACC-000014,PROD-0095,465,Renewal,2024-06-19 09:00:46,2024-10-07 09:07:37,Closed Lost,90590.34,0
OPP-018525,ACC-000053,PROD-0044,429,Expansion,2024-01-06 06:20:17,2024-03-10 23:48:18,Closed Won,45817.44,1
OPP-018531,ACC-000034,PROD-0048,774,New Business,2024-07-26 13:28:49,2024-09-07 23:53:11,Closed Won,44882.45,1
OPP-018535,ACC-000033,PROD-0020,124,Expansion,2023-10-04 20:04:04,2024-02-07 14:32:44,Closed Won,96784.71,1
OPP-018536,ACC-000036,PROD-0058,668,Renewal,2024-10-07 13:25:52,2025-03-28 21:25:07,Closed Won,53047.14,1
OPP-018540,ACC-000056,PROD-0039,842,Renewal,2025-06-18 02:43:58,2025-08-10 11:12:01,Closed Lost,64002.26,0
OPP-018553,ACC-000039,PROD-0062,675,Renewal,2025-02-24 04:33:31,2025-05-29 03:38:08,Closed Lost,39701.63,0
OPP-018554,ACC-000041,PROD-0094,317,New Business,2024-09-23 19:21:22,2024-10-03 05:23:23,Closed Lost,77930.15,0
OPP-018558,ACC-000048,PROD-0050,442,Expansion,2025-02-10 12:38:06,2025-05-23 05:21:22,Closed Won,17544.65,1
OPP-018563,ACC-000031,PROD-0081,653,Upsell,2024-07-05 03:19:37,2024-12-05 10:45:05,Closed Lost,6002.88,0
OPP-018568,ACC-000015,PROD-0099,416,Cross-sell,2024-11-22 21:02:53,2025-03-17 14:09:56,Closed Lost,9564.25,0
OPP-018578,ACC-000009,PROD-0045,533,Renewal,2025-02-05 07:01:33,2025-04-06 09:34:13,Closed Lost,59736.53,0
OPP-018588,ACC-000024,PROD-0094,413,Renewal,2024-08-16 22:08:33,2025-02-03 18:16:04,Closed Lost,34296.89,0
OPP-018594,ACC-000005,PROD-0011,994,Renewal,2024-08-11 13:13:28,2025-01-27 06:42:18,Closed Lost,8117.76,0
OPP-018598,ACC-000037,PROD-0030,240,Expansion,2025-03-02 05:52:56,2025-05-11 10:04:35,Closed Won,34739.57,1
OPP-018604,ACC-000034,PROD-0009,822,Expansion,2023-12-20 05:19:15,2024-02-24 17:38:02,Closed Lost,56070.1,0
OPP-018606,ACC-000016,PROD-0050,605,Expansion,2024-05-16 02:16:52,2024-10-27 03:01:15,Closed Lost,70303.46,0
OPP-018612,ACC-000016,PROD-0097,36,Renewal,2023-12-06 17:28:34,2024-04-04 01:52:37,Closed Lost,42736.63,0
OPP-018628,ACC-000006,PROD-0055,877,New Business,2023-11-01 02:26:02,2024-01-13 03:21:24,Closed Lost,14013.85,0
OPP-018630,ACC-000028,PROD-0083,538,Renewal,2025-04-03 09:35:30,2025-05-14 03:34:45,Closed Won,7974.36,1
OPP-018634,ACC-000011,PROD-0016,557,Expansion,2025-01-06 02:08:18,2025-03-27 04:44:23,Closed Lost,57121.08,0
OPP-018636,ACC-000049,PROD-0012,519,New Business,2025-06-16 14:35:29,2025-10-25 20:30:21,Closed Lost,75574.24,0
OPP-018652,ACC-000044,PROD-0077,187,Renewal,2024-07-12 01:14:39,2024-11-02 13:39:22,Closed Lost,6986.57,0
OPP-018654,ACC-000040,PROD-0053,881,Upsell,2023-08-21 04:25:02,2024-01-13 03:49:54,Closed Won,61917.43,1
OPP-018661,ACC-000058,PROD-0023,479,Renewal,2023-10-15 20:32:21,2024-03-26 06:11:20,Closed Lost,13887.76,0
OPP-018664,ACC-000057,PROD-0025,297,Cross-sell,2024-11-09 01:51:32,2025-05-04 03:38:59,Closed Won,16006.95,1
OPP-018671,ACC-000038,PROD-0071,978,Upsell,2025-02-24 02:06:16,2025-04-20 13:42:03,Closed Won,6639.28,1
OPP-018681,ACC-000018,PROD-0070,44,Renewal,2024-04-22 23:38:23,2024-07-27 14:36:05,Closed Lost,96761.71,0
OPP-018683,ACC-000042,PROD-0069,783,New Business,2025-04-10 00:03:51,2025-06-05 13:08:12,Closed Lost,59308.34,0
OPP-018696,ACC-000037,PROD-0065,109,Upsell,2024-11-12 21:55:41,2025-04-16 14:00:10,Closed Lost,23996.18,0
OPP-018702,ACC-000002,PROD-0051,775,Cross-sell,2023-11-14 01:54:40,2024-03-12 10:23:45,Closed Lost,66931.39,0
OPP-018709,ACC-000024,PROD-0092,819,Cross-sell,2024-09-08 03:38:54,2024-11-13 13:07:45,Closed Won,19005.34,1
OPP-018710,ACC-000014,PROD-0048,975,Renewal,2024-08-05 07:51:52,2025-01-22 16:20:03,Closed Lost,32161.53,0
OPP-018711,ACC-000026,PROD-0003,148,New Business,2024-09-11 16:50:54,2025-02-07 01:00:02,Closed Won,39405.5,1
OPP-018740,ACC-000058,PROD-0051,196,Cross-sell,2024-06-07 22:58:41,2024-07-02 19:31:38,Closed Won,9142.34,1
OPP-018741,ACC-000016,PROD-0057,730,Upsell,2024-05-04 21:21:00,2024-10-27 19:51:55,Closed Won,36245.62,1
OPP-018743,ACC-000029,PROD-0038,781,New Business,2024-10-27 09:45:43,2025-01-25 00:14:50,Closed Won,93058.14,1
OPP-018746,ACC-000034,PROD-0016,411,Upsell,2024-12-16 20:24:05,2024-12-19 22:17:44,Closed Lost,66755.63,0
OPP-018754,ACC-000023,PROD-0010,362,New Business,2024-09-07 01:27:00,2025-02-13 02:10:33,Closed Won,42849.4,1
OPP-018768,ACC-000028,PROD-0081,186,Upsell,2023-11-09 11:42:22,2024-04-07 22:13:13,Closed Lost,89005.99,0
OPP-018777,ACC-000030,PROD-0083,986,Renewal,2024-11-10 12:40:56,2024-12-07 02:57:40,Closed Won,39570.02,1
OPP-018783,ACC-000037,PROD-0040,232,Cross-sell,2023-12-18 22:39:07,2024-05-25 03:11:33,Closed Won,95259.06,1
OPP-018786,ACC-000001,PROD-0014,806,Upsell,2025-05-23 12:04:57,2025-10-21 03:12:40,Closed Won,42001.3,1
OPP-018800,ACC-000046,PROD-0044,605,New Business,2024-12-14 13:56:08,2025-06-04 04:51:12,Closed Won,15314.62,1
OPP-018806,ACC-000056,PROD-0048,710,Renewal,2025-03-31 10:00:07,2025-07-16 12:42:40,Closed Lost,26616.94,0
OPP-018811,ACC-000029,PROD-0026,320,Cross-sell,2025-05-23 14:48:08,2025-08-25 02:27:38,Closed Lost,49254.02,0
OPP-018819,ACC-000019,PROD-0098,334,Expansion,2024-02-20 06:42:06,2024-07-23 00:48:06,Closed Won,63204.83,1
OPP-018821,ACC-000060,PROD-0059,907,Renewal,2024-01-17 18:12:05,2024-07-04 04:38:59,Closed Won,34706.07,1
OPP-018826,ACC-000059,PROD-0092,174,Expansion,2024-03-18 11:54:05,2024-07-02 16:03:07,Closed Lost,33463.16,0
OPP-018837,ACC-000048,PROD-0022,67,Cross-sell,2023-08-23 06:55:07,2024-02-09 15:42:39,Closed Won,68363.63,1
OPP-018838,ACC-000007,PROD-0070,909,Expansion,2025-06-14 00:55:19,2025-06-27 11:35:54,Closed Lost,49833.45,0
OPP-018852,ACC-000010,PROD-0081,115,Renewal,2024-07-09 13:48:46,2024-08-29 00:54:19,Closed Won,95701.59,1
OPP-018855,ACC-000040,PROD-0071,847,Cross-sell,2024-07-28 08:46:03,2024-12-19 23:04:33,Closed Won,76302.1,1
OPP-018858,ACC-000049,PROD-0027,489,Expansion,2024-02-27 21:28:44,2024-04-05 07:52:54,Closed Lost,59504.2,0
OPP-018869,ACC-000007,PROD-0066,44,New Business,2023-10-01 07:42:23,2023-12-30 05:37:35,Closed Lost,52320.56,0
OPP-018877,ACC-000039,PROD-0046,353,Cross-sell,2024-12-03 17:38:08,2025-06-01 00:49:09,Closed Won,93090.94,1
OPP-018878,ACC-000018,PROD-0059,490,Renewal,2024-08-25 09:21:16,2024-12-23 15:41:26,Closed Won,45414.17,1
OPP-018882,ACC-000004,PROD-0055,314,Cross-sell,2025-04-24 19:42:10,2025-05-10 04:15:35,Closed Won,10842.8,1
OPP-018886,ACC-000044,PROD-0012,177,Renewal,2025-02-28 02:58:50,2025-08-08 04:51:57,Closed Lost,11555.87,0
OPP-018888,ACC-000030,PROD-0062,962,Expansion,2024-06-10 00:29:15,2024-06-18 00:30:35,Closed Lost,68476.11,0
OPP-018889,ACC-000020,PROD-0010,664,Cross-sell,2024-11-19 03:00:15,2025-03-22 07:39:33,Closed Lost,55139.68,0
OPP-018892,ACC-000052,PROD-0003,715,New Business,2024-01-13 22:38:10,2024-02-13 06:34:58,Closed Lost,42799.53,0
OPP-018895,ACC-000045,PROD-0054,37,Cross-sell,2023-12-28 14:53:46,2024-04-27 21:37:55,Closed Won,32458.94,1
OPP-018896,ACC-000048,PROD-0068,82,Expansion,2024-02-12 10:29:46,2024-04-02 08:03:30,Closed Lost,94488.6,0
OPP-018902,ACC-000010,PROD-0011,116,Renewal,2024-08-13 16:40:00,2025-02-02 16:33:31,Closed Won,91385.85,1
OPP-018904,ACC-000004,PROD-0008,912,Upsell,2024-09-27 21:34:23,2024-10-20 03:22:35,Closed Lost,57074.73,0
OPP-018911,ACC-000041,PROD-0091,367,Renewal,2024-09-03 05:31:51,2024-10-23 15:42:48,Closed Won,80106.2,1
OPP-018932,ACC-000060,PROD-0070,786,New Business,2025-02-07 23:55:40,2025-03-18 08:22:45,Closed Won,54032.47,1
OPP-018948,ACC-000010,PROD-0082,564,Renewal,2025-01-13 09:22:42,2025-01-17 23:41:44,Closed Won,91473.24,1
OPP-018950,ACC-000048,PROD-0081,333,Cross-sell,2025-01-24 10:13:58,2025-05-06 02:55:13,Closed Lost,23690.86,0
OPP-018961,ACC-000024,PROD-0012,54,Upsell,2024-11-29 05:24:24,2025-01-01 12:00:06,Closed Lost,30054.07,0
OPP-018963,ACC-000005,PROD-0017,642,Upsell,2025-02-23 19:36:57,2025-05-08 11:28:20,Closed Lost,67486.97,0
OPP-018967,ACC-000047,PROD-0003,595,Upsell,2024-09-30 10:36:35,2025-01-07 23:40:11,Closed Won,82446.01,1
OPP-018974,ACC-000024,PROD-0072,659,Expansion,2024-11-03 17:21:01,2025-03-17 03:05:58,Closed Won,88537.19,1
OPP-018983,ACC-000054,PROD-0066,147,Renewal,2024-03-10 11:35:59,2024-07-17 05:47:16,Closed Lost,10889.58,0
OPP-018987,ACC-000005,PROD-0028,895,Renewal,2024-08-22 19:13:39,2024-10-24 06:22:31,Closed Lost,76524.42,0
OPP-019011,ACC-000027,PROD-0056,66,Renewal,2024-01-23 18:20:49,2024-02-19 17:59:56,Closed Won,95849.83,1
OPP-019016,ACC-000041,PROD-0009,965,New Business,2025-06-08 07:26:19,2025-07-09 22:13:27,Closed Won,40161.28,1
OPP-019018,ACC-000038,PROD-0082,761,New Business,2024-01-05 00:49:02,2024-03-01 12:55:00,Closed Lost,74981.62,0
OPP-019032,ACC-000058,PROD-0042,573,New Business,2023-12-19 00:04:04,2024-03-07 02:33:49,Closed Won,32712.24,1
OPP-019048,ACC-000061,PROD-0054,966,Upsell,2024-09-27 07:41:00,2024-11-02 06:00:36,Closed Lost,60198.55,0
OPP-019054,ACC-000032,PROD-0093,409,Renewal,2024-02-22 03:34:56,2024-06-02 00:43:47,Closed Won,39211.76,1
OPP-019056,ACC-000014,PROD-0044,339,Cross-sell,2024-05-02 13:15:52,2024-08-18 14:09:30,Closed Won,99435.07,1
OPP-019063,ACC-000017,PROD-0071,227,Expansion,2024-04-10 14:45:42,2024-07-25 03:28:01,Closed Lost,79630.24,0
OPP-019064,ACC-000035,PROD-0095,765,Upsell,2024-09-21 15:08:16,2025-03-06 22:38:18,Closed Lost,8694.68,0
OPP-019070,ACC-000045,PROD-0083,756,Upsell,2025-02-09 12:59:23,2025-03-26 03:00:01,Closed Won,29264.89,1
OPP-019072,ACC-000009,PROD-0025,620,Cross-sell,2025-02-16 14:32:28,2025-03-20 02:22:20,Closed Lost,2154.72,0
OPP-019085,ACC-000045,PROD-0078,366,Renewal,2023-08-31 22:40:42,2024-01-08 15:17:59,Closed Won,41043.74,1
OPP-019089,ACC-000018,PROD-0094,292,Upsell,2023-10-12 19:59:31,2023-11-12 16:04:12,Closed Lost,69736.97,0
OPP-019094,ACC-000050,PROD-0095,613,Upsell,2023-08-13 12:34:13,2023-10-31 11:31:31,Closed Won,69408.68,1
OPP-019101,ACC-000031,PROD-0077,254,Renewal,2023-10-01 04:48:54,2023-12-04 15:25:29,Closed Won,22524.67,1
OPP-019114,ACC-000059,PROD-0003,400,Upsell,2024-11-13 23:01:43,2025-01-29 08:29:04,Closed Lost,5702.99,0
OPP-019119,ACC-000011,PROD-0012,937,New Business,2025-06-16 01:32:02,2025-09-21 17:34:50,Closed Lost,82741.91,0
OPP-019121,ACC-000055,PROD-0004,925,Expansion,2024-03-16 02:34:02,2024-06-26 22:31:46,Closed Lost,36687.25,0
OPP-019123,ACC-000041,PROD-0032,765,Renewal,2025-01-10 21:31:06,2025-03-13 19:21:55,Closed Lost,31245.13,0
OPP-019127,ACC-000003,PROD-0047,138,Upsell,2024-08-16 01:43:14,2024-10-31 08:36:42,Closed Lost,43024.95,0
OPP-019128,ACC-000038,PROD-0093,599,Expansion,2024-03-15 08:51:20,2024-06-02 09:02:14,Closed Lost,21691.75,0
OPP-019137,ACC-000046,PROD-0030,329,Upsell,2024-07-27 14:37:30,2024-08-22 17:12:43,Closed Lost,4941.95,0
OPP-019168,ACC-000061,PROD-0080,442,Renewal,2024-10-10 14:04:46,2025-03-27 22:41:44,Closed Lost,76566.27,0
OPP-019173,ACC-000047,PROD-0072,579,Expansion,2023-06-30 08:05:51,2023-12-15 20:34:29,Closed Lost,43105.2,0
OPP-019180,ACC-000057,PROD-0031,779,Upsell,2024-01-31 06:11:38,2024-05-26 14:43:15,Closed Won,47333.04,1
OPP-019184,ACC-000039,PROD-0061,346,Expansion,2024-06-05 11:12:07,2024-09-16 18:28:55,Closed Won,11980.37,1
OPP-019186,ACC-000024,PROD-0047,659,Upsell,2024-04-05 22:24:24,2024-05-08 04:10:43,Closed Lost,21595.15,0
OPP-019188,ACC-000022,PROD-0068,14,Cross-sell,2024-06-17 08:34:27,2024-07-27 00:44:19,Closed Lost,51956.11,0
OPP-019207,ACC-000016,PROD-0040,964,New Business,2025-06-21 23:31:01,2025-07-31 04:14:41,Closed Won,79535.59,1
OPP-019208,ACC-000047,PROD-0088,956,Expansion,2024-09-02 13:01:53,2024-10-04 20:42:51,Closed Lost,69518.99,0
OPP-019212,ACC-000007,PROD-0062,978,New Business,2023-10-21 14:28:06,2024-01-07 12:06:01,Closed Lost,22509.36,0
OPP-019214,ACC-000058,PROD-0026,267,New Business,2025-03-15 16:20:29,2025-04-04 09:25:01,Closed Lost,30759.12,0
OPP-019217,ACC-000025,PROD-0007,895,Expansion,2024-03-06 01:14:59,2024-03-16 01:33:04,Closed Lost,5669.73,0
OPP-019226,ACC-000019,PROD-0069,658,New Business,2025-06-20 12:53:41,2025-08-29 12:36:37,Closed Won,67932.16,1
OPP-019227,ACC-000061,PROD-0039,644,Cross-sell,2023-11-04 20:40:57,2024-03-18 16:10:45,Closed Won,54839.46,1
OPP-019229,ACC-000025,PROD-0086,20,Upsell,2025-06-04 08:40:49,2025-08-25 12:22:28,Closed Won,49371.86,1
OPP-019231,ACC-000001,PROD-0006,684,Expansion,2024-12-08 08:31:32,2025-04-07 23:02:05,Closed Lost,65521.71,0
OPP-019237,ACC-000030,PROD-0096,730,Upsell,2024-02-03 10:47:07,2024-02-16 13:48:46,Closed Won,84329.12,1
OPP-019248,ACC-000058,PROD-0037,731,Expansion,2025-06-17 19:27:26,2025-08-05 04:53:07,Closed Lost,61657,0
OPP-019257,ACC-000015,PROD-0094,398,New Business,2023-08-16 18:47:39,2023-12-14 02:52:05,Closed Lost,17281.33,0
OPP-019258,ACC-000054,PROD-0057,949,Expansion,2025-04-15 17:34:21,2025-06-30 13:30:04,Closed Lost,86196.13,0
OPP-019260,ACC-000036,PROD-0063,555,New Business,2024-11-06 04:17:29,2025-04-27 14:16:10,Closed Won,87714.37,1
OPP-019271,ACC-000052,PROD-0070,73,Upsell,2025-03-31 16:31:35,2025-08-02 05:41:35,Closed Lost,72151.17,0
OPP-019272,ACC-000024,PROD-0056,309,Renewal,2023-10-19 01:17:41,2024-04-14 08:25:14,Closed Won,70613.96,1
OPP-019289,ACC-000051,PROD-0072,718,Cross-sell,2024-04-24 18:52:54,2024-08-02 00:16:25,Closed Lost,3188.13,0
OPP-019295,ACC-000017,PROD-0070,601,Expansion,2024-07-16 05:33:30,2024-11-12 10:38:59,Closed Won,95986.43,1
OPP-019297,ACC-000034,PROD-0082,144,Cross-sell,2024-05-09 01:59:25,2024-08-23 01:12:08,Closed Won,86093.73,1
OPP-019298,ACC-000058,PROD-0052,706,New Business,2025-02-06 16:17:09,2025-05-17 08:12:42,Closed Won,79639.76,1
OPP-019299,ACC-000056,PROD-0036,851,New Business,2024-08-07 06:43:57,2024-09-20 17:44:34,Closed Lost,35317.14,0
OPP-019303,ACC-000014,PROD-0034,240,Cross-sell,2023-06-14 20:17:00,2023-11-05 23:45:32,Closed Won,28570.44,1
OPP-019305,ACC-000056,PROD-0014,327,Expansion,2024-08-02 23:34:29,2025-01-17 05:28:06,Closed Lost,40493.38,0
OPP-019317,ACC-000043,PROD-0002,281,Upsell,2025-04-19 22:05:41,2025-07-23 13:40:31,Closed Lost,50777.22,0
OPP-019327,ACC-000025,PROD-0007,610,New Business,2024-12-31 23:24:41,2025-04-24 23:44:00,Closed Lost,1118,0
OPP-019331,ACC-000047,PROD-0034,502,Expansion,2025-06-19 00:09:52,2025-10-02 12:28:50,Closed Won,79661.5,1
OPP-019335,ACC-000031,PROD-0095,154,New Business,2024-04-09 19:40:10,2024-09-15 17:32:35,Closed Lost,42187.18,0
OPP-019339,ACC-000052,PROD-0074,146,Renewal,2024-02-18 12:37:18,2024-03-15 06:30:53,Closed Lost,29503.37,0
OPP-019344,ACC-000014,PROD-0030,39,Renewal,2025-05-24 23:29:05,2025-08-31 16:25:02,Closed Lost,31709.89,0
OPP-019350,ACC-000038,PROD-0086,476,Expansion,2025-02-13 00:24:14,2025-05-28 13:29:13,Closed Won,14782.18,1
OPP-019351,ACC-000037,PROD-0054,209,Upsell,2024-03-23 19:52:59,2024-05-11 18:45:09,Closed Won,55487.8,1
OPP-019352,ACC-000010,PROD-0045,894,New Business,2023-10-17 00:20:01,2024-02-29 12:55:05,Closed Lost,32443.65,0
OPP-019354,ACC-000040,PROD-0035,38,Expansion,2024-04-19 23:56:40,2024-07-26 14:21:45,Closed Lost,78316.22,0
OPP-019356,ACC-000022,PROD-0031,463,New Business,2024-08-12 11:02:56,2024-12-22 15:22:20,Closed Won,14989.93,1
OPP-019359,ACC-000025,PROD-0037,590,Renewal,2024-12-26 08:42:14,2025-05-18 11:31:55,Closed Won,50499.4,1
OPP-019370,ACC-000054,PROD-0053,885,New Business,2024-09-26 23:15:02,2024-10-31 03:18:20,Closed Lost,26364.05,0
OPP-019372,ACC-000016,PROD-0081,288,Cross-sell,2025-03-10 21:07:00,2025-05-19 14:25:08,Closed Won,98623.35,1
OPP-019373,ACC-000039,PROD-0062,87,Expansion,2023-12-08 09:49:05,2024-05-18 11:15:21,Closed Won,47435.52,1
OPP-019379,ACC-000045,PROD-0012,99,New Business,2024-01-06 00:57:21,2024-04-25 20:23:50,Closed Won,88982.53,1
OPP-019380,ACC-000007,PROD-0040,804,Expansion,2025-04-12 20:41:06,2025-05-15 10:01:31,Closed Won,60764.21,1
OPP-019388,ACC-000008,PROD-0046,810,New Business,2024-03-13 06:44:59,2024-03-16 00:50:38,Closed Won,58572.93,1
OPP-019402,ACC-000049,PROD-0033,762,New Business,2024-09-28 16:44:21,2025-01-27 13:45:50,Closed Lost,69941,0
OPP-019413,ACC-000029,PROD-0049,723,Renewal,2024-10-25 03:05:34,2025-02-18 17:20:26,Closed Lost,7781.12,0
OPP-019431,ACC-000006,PROD-0064,251,Renewal,2024-11-25 09:48:34,2025-03-04 06:56:17,Closed Won,48016.13,1
OPP-019432,ACC-000014,PROD-0055,997,Upsell,2025-02-03 07:25:40,2025-04-04 00:06:11,Closed Won,91578.32,1
OPP-019438,ACC-000061,PROD-0047,131,Cross-sell,2023-09-12 18:59:13,2024-01-14 02:35:52,Closed Won,78790.54,1
OPP-019444,ACC-000052,PROD-0016,667,Renewal,2024-12-05 10:04:54,2025-03-19 23:03:27,Closed Lost,47764.2,0
OPP-019448,ACC-000004,PROD-0031,114,Upsell,2023-12-23 05:15:43,2024-04-05 20:30:13,Closed Lost,54900,0
OPP-019454,ACC-000041,PROD-0030,195,Cross-sell,2024-01-24 07:04:47,2024-02-26 15:47:46,Closed Lost,89314.43,0
OPP-019455,ACC-000024,PROD-0025,768,Expansion,2024-04-23 07:44:11,2024-08-26 14:23:52,Closed Won,93645.21,1
OPP-019470,ACC-000019,PROD-0051,667,Cross-sell,2024-01-19 11:33:06,2024-07-13 13:55:35,Closed Won,98476.06,1
OPP-019477,ACC-000038,PROD-0087,617,Upsell,2025-01-13 11:14:26,2025-03-04 12:44:02,Closed Won,21390.19,1
OPP-019483,ACC-000041,PROD-0077,95,Renewal,2025-03-22 08:20:44,2025-07-06 03:10:31,Closed Lost,26220.44,0
OPP-019485,ACC-000015,PROD-0073,469,Upsell,2023-11-08 13:55:45,2023-12-16 11:10:42,Closed Lost,21371.46,0
OPP-019486,ACC-000055,PROD-0048,679,Cross-sell,2025-03-18 17:38:01,2025-07-27 00:08:19,Closed Won,91250.15,1
OPP-019487,ACC-000002,PROD-0088,520,Renewal,2024-11-29 07:35:03,2024-12-08 07:21:08,Closed Won,9734.78,1
OPP-019492,ACC-000008,PROD-0050,429,Upsell,2023-11-01 14:55:47,2023-12-18 15:14:56,Closed Lost,57537.35,0
OPP-019494,ACC-000004,PROD-0015,11,New Business,2024-01-08 21:06:01,2024-05-31 23:16:19,Closed Won,39815,1
OPP-019498,ACC-000026,PROD-0010,344,Renewal,2024-08-26 13:53:46,2024-09-17 03:49:41,Closed Won,79875.49,1
OPP-019501,ACC-000062,PROD-0013,73,Renewal,2025-03-04 01:40:23,2025-04-20 00:08:01,Closed Won,22551.59,1
OPP-019519,ACC-000028,PROD-0072,25,Renewal,2025-04-08 23:18:25,2025-09-25 19:11:06,Closed Lost,7569.28,0
OPP-019521,ACC-000019,PROD-0049,399,Expansion,2024-01-11 02:37:55,2024-03-21 05:12:14,Closed Won,8695.79,1
OPP-019522,ACC-000038,PROD-0029,443,Renewal,2024-03-26 14:54:37,2024-05-06 02:23:01,Closed Won,71967.89,1
OPP-019524,ACC-000003,PROD-0070,346,Renewal,2025-05-14 00:15:11,2025-07-23 10:01:38,Closed Lost,6897.59,0
OPP-019529,ACC-000045,PROD-0003,463,Cross-sell,2024-10-02 11:02:08,2025-01-21 05:40:46,Closed Lost,42148.16,0
OPP-019543,ACC-000005,PROD-0015,503,Upsell,2025-05-18 09:23:44,2025-10-06 09:33:41,Closed Won,99057.9,1
OPP-019548,ACC-000039,PROD-0100,188,Cross-sell,2023-10-01 04:06:50,2024-01-01 20:16:42,Closed Won,56100.81,1
OPP-019551,ACC-000060,PROD-0073,147,Cross-sell,2025-03-23 18:54:30,2025-07-27 14:17:21,Closed Won,68212.64,1
OPP-019552,ACC-000017,PROD-0039,707,Renewal,2024-11-27 23:49:07,2024-12-05 18:33:18,Closed Lost,13117.5,0
OPP-019568,ACC-000058,PROD-0060,220,New Business,2024-01-09 08:20:43,2024-01-18 17:58:43,Closed Won,14803.75,1
OPP-019576,ACC-000020,PROD-0002,65,Cross-sell,2025-06-10 22:02:34,2025-08-28 18:13:44,Closed Lost,48012.47,0
OPP-019577,ACC-000043,PROD-0068,371,Upsell,2024-12-21 01:37:41,2025-06-18 01:02:30,Closed Won,95988.38,1
OPP-019582,ACC-000011,PROD-0002,336,Renewal,2024-11-02 18:01:58,2025-04-03 20:19:44,Closed Won,10629.63,1
OPP-019585,ACC-000025,PROD-0009,684,Upsell,2025-05-12 10:59:51,2025-07-19 07:03:11,Closed Won,71895.27,1
OPP-019587,ACC-000055,PROD-0076,120,Renewal,2024-01-12 12:47:39,2024-04-07 05:34:38,Closed Won,96407.08,1
OPP-019592,ACC-000058,PROD-0042,393,Expansion,2024-10-03 19:15:31,2024-11-08 10:00:44,Closed Won,78381.64,1
OPP-019599,ACC-000043,PROD-0072,584,Upsell,2024-03-11 07:47:09,2024-07-16 01:25:49,Closed Won,43252.11,1
OPP-019600,ACC-000054,PROD-0057,315,Upsell,2024-04-18 16:49:37,2024-06-15 23:08:17,Closed Lost,24501.32,0
OPP-019619,ACC-000008,PROD-0076,378,Cross-sell,2025-02-05 01:18:23,2025-07-16 01:50:30,Closed Won,3425.98,1
OPP-019625,ACC-000049,PROD-0066,90,Cross-sell,2023-07-28 08:39:28,2024-01-06 14:46:23,Closed Won,36064.94,1
OPP-019629,ACC-000027,PROD-0008,612,Cross-sell,2024-08-03 11:55:29,2024-10-11 00:18:56,Closed Lost,31237.56,0
OPP-019636,ACC-000008,PROD-0057,705,Upsell,2025-04-25 20:25:53,2025-08-20 13:40:33,Closed Lost,40672.62,0
OPP-019653,ACC-000061,PROD-0065,854,New Business,2024-10-10 10:55:17,2024-12-03 00:28:28,Closed Lost,78626.43,0
OPP-019663,ACC-000002,PROD-0073,535,Upsell,2024-05-12 07:32:00,2024-07-14 16:34:06,Closed Lost,35093.75,0
OPP-019691,ACC-000005,PROD-0087,78,Expansion,2024-03-13 16:49:16,2024-03-23 20:37:10,Closed Won,16586.18,1
OPP-019705,ACC-000041,PROD-0040,267,Expansion,2024-10-10 10:02:25,2024-11-07 19:49:43,Closed Lost,31605.19,0
OPP-019709,ACC-000062,PROD-0005,367,Expansion,2024-08-08 09:12:55,2024-12-31 17:28:36,Closed Lost,61065.4,0
OPP-019714,ACC-000042,PROD-0060,13,Cross-sell,2024-11-05 23:19:49,2025-04-19 21:08:31,Closed Won,38218.9,1
OPP-019717,ACC-000037,PROD-0062,785,Cross-sell,2023-12-17 11:21:21,2024-02-14 18:45:47,Closed Won,14313.28,1
OPP-019719,ACC-000030,PROD-0010,83,Cross-sell,2024-12-01 07:17:49,2025-03-23 04:42:15,Closed Lost,92853.24,0
OPP-019731,ACC-000006,PROD-0030,541,Renewal,2023-08-30 16:13:48,2023-12-13 10:19:16,Closed Won,74272.34,1
OPP-019737,ACC-000038,PROD-0063,82,Renewal,2024-11-02 22:25:39,2024-11-17 06:20:55,Closed Won,84142.89,1
OPP-019738,ACC-000051,PROD-0095,545,New Business,2024-06-01 22:25:36,2024-07-11 23:20:14,Closed Won,52077.42,1
OPP-019740,ACC-000035,PROD-0098,792,New Business,2024-12-31 22:32:08,2025-05-07 01:14:11,Closed Won,93477.56,1
OPP-019742,ACC-000059,PROD-0086,503,Cross-sell,2025-05-25 07:48:33,2025-09-20 00:05:28,Closed Lost,93315.29,0
OPP-019749,ACC-000029,PROD-0083,485,Cross-sell,2023-08-23 15:48:18,2023-12-06 12:50:34,Closed Lost,65767.79,0
OPP-019752,ACC-000047,PROD-0056,34,Cross-sell,2024-12-11 02:27:15,2025-06-07 12:10:45,Closed Lost,62587.08,0
OPP-019753,ACC-000034,PROD-0042,100,New Business,2023-11-10 13:20:55,2023-11-24 19:43:50,Closed Won,17329.22,1
OPP-019757,ACC-000014,PROD-0031,603,Expansion,2023-10-20 13:36:34,2024-01-21 20:17:06,Closed Won,21972.52,1
OPP-019769,ACC-000046,PROD-0002,558,New Business,2024-06-06 19:04:18,2024-08-06 03:52:28,Closed Lost,33543.01,0
OPP-019792,ACC-000048,PROD-0015,341,Cross-sell,2025-03-10 01:41:22,2025-05-24 03:40:57,Closed Won,24425.68,1
OPP-019795,ACC-000013,PROD-0026,862,Expansion,2024-08-13 16:44:31,2024-11-15 17:55:58,Closed Lost,75481.49,0
OPP-019797,ACC-000011,PROD-0014,607,Expansion,2024-08-24 16:55:50,2024-11-07 06:43:55,Closed Won,53410.43,1
OPP-019798,ACC-000013,PROD-0074,651,Expansion,2025-06-17 17:42:15,2025-07-20 07:24:23,Closed Won,51771.35,1
OPP-019800,ACC-000025,PROD-0002,246,New Business,2024-12-06 10:07:32,2025-02-22 14:33:55,Closed Won,71332.9,1
OPP-019807,ACC-000013,PROD-0046,591,Cross-sell,2023-12-28 11:18:37,2024-04-24 20:57:22,Closed Won,36313.41,1
OPP-019810,ACC-000017,PROD-0034,508,Expansion,2025-04-09 01:19:50,2025-06-22 01:56:47,Closed Won,7298.87,1
OPP-019814,ACC-000047,PROD-0021,540,Expansion,2025-05-06 01:10:08,2025-07-12 08:27:53,Closed Lost,27269.08,0
OPP-019816,ACC-000020,PROD-0078,22,Cross-sell,2023-12-28 06:52:47,2024-04-18 23:06:45,Closed Lost,69532.44,0
OPP-019817,ACC-000011,PROD-0024,711,Expansion,2023-12-25 15:19:27,2024-05-28 02:22:24,Closed Won,55201.91,1
OPP-019823,ACC-000011,PROD-0045,723,New Business,2023-10-03 10:02:34,2024-01-28 01:38:04,Closed Lost,42664.67,0
OPP-019829,ACC-000038,PROD-0072,547,Expansion,2023-10-01 21:43:10,2024-03-26 19:36:59,Closed Won,34615.29,1
OPP-019836,ACC-000062,PROD-0024,944,Renewal,2024-06-26 14:52:57,2024-07-14 02:56:18,Closed Lost,62856.28,0
OPP-019849,ACC-000034,PROD-0025,830,Renewal,2024-08-15 02:22:01,2024-11-24 00:34:32,Closed Won,26258.74,1
OPP-019850,ACC-000008,PROD-0015,929,New Business,2024-10-16 18:57:49,2025-01-26 02:58:23,Closed Lost,43040.76,0
OPP-019855,ACC-000003,PROD-0028,388,Cross-sell,2025-04-28 03:21:21,2025-10-09 03:06:55,Closed Lost,12634.82,0
OPP-019858,ACC-000034,PROD-0030,691,Expansion,2024-07-27 13:45:19,2024-10-25 11:21:23,Closed Lost,75693.64,0
OPP-019867,ACC-000017,PROD-0001,887,Renewal,2024-10-14 16:40:54,2025-04-06 11:36:13,Closed Lost,10051.99,0
OPP-019873,ACC-000008,PROD-0083,17,Upsell,2024-09-12 05:36:00,2024-12-23 04:30:22,Closed Lost,51160.72,0
OPP-019875,ACC-000030,PROD-0039,944,Upsell,2023-09-11 17:49:40,2024-02-03 19:19:10,Closed Won,14629.62,1
OPP-019888,ACC-000040,PROD-0041,317,Upsell,2025-04-22 07:32:47,2025-08-29 23:22:04,Closed Won,15084.77,1
OPP-019889,ACC-000049,PROD-0078,684,New Business,2025-02-01 08:46:01,2025-06-04 22:22:21,Closed Lost,18074.44,0
OPP-019894,ACC-000059,PROD-0042,525,Upsell,2023-09-28 01:25:43,2024-01-12 00:05:54,Closed Won,81857.86,1
OPP-019896,ACC-000049,PROD-0017,19,Renewal,2024-01-29 17:51:46,2024-07-24 22:12:19,Closed Won,48651.93,1
OPP-019902,ACC-000041,PROD-0072,453,Expansion,2025-06-06 10:05:45,2025-08-10 03:27:40,Closed Lost,57754.35,0
OPP-019903,ACC-000005,PROD-0050,979,New Business,2024-09-06 14:36:03,2024-12-29 08:23:26,Closed Lost,4966.81,0
OPP-019907,ACC-000015,PROD-0042,692,Cross-sell,2024-12-09 05:43:11,2024-12-29 10:32:27,Closed Won,3514.06,1
OPP-019908,ACC-000045,PROD-0012,641,Expansion,2024-11-06 15:37:02,2024-12-29 06:41:19,Closed Won,18681.82,1
OPP-019912,ACC-000022,PROD-0035,605,Expansion,2023-08-08 14:36:56,2024-01-04 07:01:58,Closed Lost,97687.55,0
OPP-019919,ACC-000060,PROD-0007,272,Upsell,2024-07-30 13:25:27,2024-09-11 19:41:23,Closed Won,1944.31,1
OPP-019923,ACC-000033,PROD-0055,454,Expansion,2023-09-27 01:04:37,2024-01-03 16:11:23,Closed Won,88348.1,1
OPP-019927,ACC-000032,PROD-0083,119,New Business,2023-10-09 19:16:40,2023-11-01 22:54:53,Closed Won,29924.34,1
OPP-019933,ACC-000051,PROD-0095,82,Cross-sell,2025-01-14 14:23:41,2025-04-30 05:14:51,Closed Lost,21260.16,0
OPP-019941,ACC-000001,PROD-0055,856,Renewal,2024-12-25 01:17:40,2024-12-30 10:54:57,Closed Lost,28709.89,0
OPP-019948,ACC-000060,PROD-0070,600,Renewal,2024-07-21 06:19:19,2024-11-10 12:02:12,Closed Lost,11206.62,0
OPP-019959,ACC-000045,PROD-0035,822,Renewal,2025-02-25 18:39:14,2025-05-20 08:20:53,Closed Won,80721.73,1
OPP-019962,ACC-000003,PROD-0004,161,Cross-sell,2023-12-24 15:36:28,2024-02-03 23:40:49,Closed Lost,90505.02,0
OPP-019978,ACC-000006,PROD-0047,484,New Business,2023-06-20 10:14:03,2023-11-13 20:50:15,Closed Lost,91472.21,0
OPP-019981,ACC-000051,PROD-0096,354,Expansion,2025-01-17 11:04:59,2025-05-28 08:33:02,Closed Won,66185.04,1
OPP-019991,ACC-000052,PROD-0042,725,Renewal,2024-11-02 13:05:17,2025-02-25 01:01:22,Closed Lost,23239.35,0
OPP-020003,ACC-000058,PROD-0074,8,Renewal,2025-03-05 01:45:08,2025-05-06 06:27:12,Closed Won,7868.86,1
OPP-020010,ACC-000021,PROD-0075,440,Expansion,2023-12-07 04:47:54,2023-12-19 16:05:17,Closed Won,16088.97,1
OPP-020012,ACC-000009,PROD-0082,973,Cross-sell,2023-10-01 15:16:21,2023-12-05 08:16:59,Closed Lost,25518.77,0
OPP-020018,ACC-000019,PROD-0063,904,Renewal,2023-08-17 20:24:03,2024-01-05 02:41:47,Closed Won,66288.37,1
OPP-020024,ACC-000035,PROD-0060,471,Expansion,2025-03-25 13:08:24,2025-04-21 21:13:01,Closed Won,48899.18,1
OPP-020033,ACC-000046,PROD-0084,603,New Business,2024-11-14 16:15:52,2025-04-17 12:01:59,Closed Lost,93444.87,0
OPP-020040,ACC-000053,PROD-0020,160,Upsell,2025-05-19 23:52:17,2025-08-14 09:49:04,Closed Won,59998.21,1
OPP-020042,ACC-000010,PROD-0045,897,New Business,2024-06-04 18:30:55,2024-08-12 11:28:37,Closed Lost,71463.4,0
OPP-020045,ACC-000003,PROD-0088,631,Expansion,2024-01-15 23:50:06,2024-04-03 20:21:57,Closed Lost,35435.91,0
OPP-020051,ACC-000060,PROD-0026,694,Expansion,2024-11-19 23:11:21,2025-03-21 02:27:21,Closed Lost,65486.08,0
OPP-020059,ACC-000020,PROD-0062,558,Upsell,2024-09-07 15:19:07,2025-02-19 01:14:42,Closed Lost,76579.76,0
OPP-020065,ACC-000034,PROD-0003,935,Upsell,2024-04-27 15:18:00,2024-06-15 11:11:20,Closed Lost,20890.43,0
OPP-020084,ACC-000031,PROD-0001,628,Upsell,2024-05-18 02:49:04,2024-09-15 05:40:31,Closed Lost,5755.38,0
OPP-020086,ACC-000037,PROD-0063,561,Expansion,2024-04-18 21:13:51,2024-05-15 21:49:39,Closed Lost,53213.35,0
OPP-020089,ACC-000012,PROD-0070,132,Upsell,2025-05-13 18:46:33,2025-06-30 09:10:59,Closed Lost,23440.11,0
OPP-020094,ACC-000003,PROD-0083,539,New Business,2025-02-16 04:08:40,2025-03-19 22:22:44,Closed Lost,22380.5,0
OPP-020095,ACC-000041,PROD-0028,13,Cross-sell,2023-10-22 17:42:05,2024-02-16 04:16:42,Closed Won,48000.43,1
OPP-020111,ACC-000057,PROD-0063,151,Expansion,2024-05-24 12:14:08,2024-08-13 13:16:01,Closed Lost,72013.86,0
OPP-020113,ACC-000014,PROD-0015,661,Upsell,2025-04-16 06:25:01,2025-05-07 15:01:16,Closed Lost,80382.58,0
OPP-020118,ACC-000010,PROD-0030,904,Expansion,2024-03-10 09:33:18,2024-08-31 12:54:56,Closed Won,95742.84,1
OPP-020123,ACC-000034,PROD-0020,638,Upsell,2024-03-10 17:17:27,2024-09-06 04:21:22,Closed Won,17409.25,1
OPP-020126,ACC-000008,PROD-0035,438,Renewal,2025-01-05 04:35:09,2025-02-26 18:22:34,Closed Lost,3601.65,0
OPP-020145,ACC-000005,PROD-0066,374,Expansion,2025-03-14 17:45:34,2025-04-04 15:12:16,Closed Lost,74759.65,0
OPP-020153,ACC-000009,PROD-0043,418,Cross-sell,2023-12-15 00:50:47,2024-01-29 16:20:09,Closed Lost,64457.64,0
OPP-020156,ACC-000011,PROD-0043,862,Renewal,2024-11-13 09:24:02,2024-12-25 10:39:50,Closed Won,46546.57,1
OPP-020157,ACC-000014,PROD-0051,632,Cross-sell,2025-06-06 22:34:34,2025-06-12 03:16:31,Closed Won,28810.32,1
OPP-020165,ACC-000053,PROD-0031,396,Expansion,2024-06-12 11:38:20,2024-11-07 07:39:11,Closed Lost,23316.39,0
OPP-020167,ACC-000016,PROD-0056,302,New Business,2025-05-23 18:28:22,2025-09-29 18:55:11,Closed Lost,65529.11,0
OPP-020168,ACC-000047,PROD-0062,415,New Business,2025-02-23 22:48:34,2025-06-22 18:45:32,Closed Won,62749.23,1
OPP-020171,ACC-000017,PROD-0087,646,Upsell,2025-05-27 12:49:04,2025-05-29 05:33:57,Closed Won,81499.99,1
OPP-020176,ACC-000047,PROD-0069,775,Upsell,2024-09-26 16:14:29,2025-03-13 07:43:32,Closed Won,18016.39,1
OPP-020180,ACC-000053,PROD-0063,464,Upsell,2024-09-29 08:43:05,2024-11-21 17:14:58,Closed Won,35573.66,1
OPP-020203,ACC-000036,PROD-0028,657,Upsell,2023-11-04 07:26:59,2024-02-22 01:00:32,Closed Lost,46993.01,0
OPP-020213,ACC-000001,PROD-0075,773,New Business,2024-09-29 23:50:56,2025-03-10 23:16:06,Closed Lost,49795.38,0
OPP-020221,ACC-000013,PROD-0075,138,New Business,2023-09-18 14:02:52,2024-03-12 13:41:30,Closed Lost,6812.09,0
OPP-020223,ACC-000023,PROD-0064,878,Expansion,2023-08-25 13:38:43,2023-11-30 09:08:17,Closed Lost,15283.71,0
OPP-020232,ACC-000045,PROD-0066,849,Upsell,2024-08-09 03:46:50,2024-09-24 14:28:09,Closed Won,99217.82,1
OPP-020252,ACC-000004,PROD-0080,185,Expansion,2025-03-16 06:29:22,2025-06-06 15:46:55,Closed Won,87556.49,1
OPP-020260,ACC-000046,PROD-0028,233,Renewal,2025-06-02 16:35:47,2025-07-24 13:26:48,Closed Won,46533.48,1
OPP-020266,ACC-000002,PROD-0096,772,Renewal,2025-04-18 00:49:11,2025-05-05 12:54:48,Closed Won,20346.85,1
OPP-020267,ACC-000057,PROD-0091,599,New Business,2024-02-03 01:24:18,2024-02-10 19:49:07,Closed Lost,19134.17,0
OPP-020276,ACC-000027,PROD-0026,685,Renewal,2024-09-18 00:35:50,2024-11-12 07:09:16,Closed Won,58196.79,1
OPP-020290,ACC-000006,PROD-0070,282,Expansion,2024-10-23 11:25:59,2024-12-10 02:50:13,Closed Lost,25446.58,0
OPP-020293,ACC-000018,PROD-0017,241,Cross-sell,2024-03-23 19:41:54,2024-04-08 10:32:39,Closed Won,80575.59,1
OPP-020296,ACC-000056,PROD-0085,930,Cross-sell,2023-07-18 10:52:44,2023-12-05 05:05:44,Closed Won,83234.79,1
OPP-020297,ACC-000008,PROD-0041,66,Expansion,2024-02-10 16:33:27,2024-04-11 19:14:29,Closed Won,45375.55,1
OPP-020299,ACC-000001,PROD-0057,158,Renewal,2024-03-09 21:50:25,2024-04-07 22:59:34,Closed Lost,84945.94,0
OPP-020301,ACC-000035,PROD-0004,353,Renewal,2024-09-06 16:05:44,2024-10-31 11:13:55,Closed Lost,40377.35,0
OPP-020305,ACC-000029,PROD-0035,575,Cross-sell,2024-08-05 21:10:37,2024-12-27 16:17:24,Closed Won,23321.81,1
OPP-020311,ACC-000033,PROD-0070,868,Cross-sell,2025-03-04 03:46:38,2025-06-24 16:22:41,Closed Lost,67446.21,0
OPP-020319,ACC-000019,PROD-0045,482,Upsell,2024-11-12 03:43:24,2024-12-11 03:31:31,Closed Lost,40075.83,0
OPP-020326,ACC-000060,PROD-0061,647,Expansion,2024-03-27 14:39:15,2024-08-06 09:09:13,Closed Won,17378.25,1
OPP-020343,ACC-000010,PROD-0030,661,New Business,2023-10-24 23:52:33,2024-01-11 13:00:39,Closed Won,2290.39,1
OPP-020353,ACC-000057,PROD-0057,795,Upsell,2024-10-21 09:05:22,2025-03-25 06:02:45,Closed Lost,52841.81,0
OPP-020370,ACC-000002,PROD-0083,865,Renewal,2023-07-07 16:41:32,2023-11-03 03:48:04,Closed Lost,79661.72,0
OPP-020377,ACC-000047,PROD-0078,377,Expansion,2023-11-20 07:05:20,2023-11-23 16:31:26,Closed Lost,96553.51,0
OPP-020381,ACC-000060,PROD-0053,402,New Business,2024-02-09 11:06:55,2024-05-10 01:45:50,Closed Lost,4807.68,0
OPP-020386,ACC-000044,PROD-0040,414,Upsell,2024-04-10 01:36:32,2024-07-07 17:36:58,Closed Won,95970.76,1
OPP-020392,ACC-000037,PROD-0048,915,Upsell,2024-12-12 12:27:04,2025-02-25 10:31:26,Closed Lost,61919.35,0
OPP-020393,ACC-000010,PROD-0088,384,Renewal,2023-11-25 09:35:37,2023-12-04 09:51:45,Closed Won,95381.53,1
OPP-020399,ACC-000032,PROD-0099,918,Cross-sell,2024-04-11 05:06:15,2024-06-26 21:55:31,Closed Won,79782.83,1
OPP-020404,ACC-000048,PROD-0060,250,New Business,2024-11-28 22:54:01,2025-05-08 21:16:56,Closed Won,88493.03,1
OPP-020407,ACC-000057,PROD-0018,438,Cross-sell,2025-05-30 22:13:09,2025-10-16 18:48:13,Closed Lost,73675.65,0
OPP-020410,ACC-000051,PROD-0075,293,Renewal,2024-08-26 12:43:43,2024-11-14 15:52:31,Closed Lost,49574.85,0
OPP-020417,ACC-000047,PROD-0021,479,Renewal,2023-10-26 13:14:40,2024-04-01 09:36:00,Closed Lost,80343.52,0
OPP-020426,ACC-000015,PROD-0061,606,Renewal,2024-12-31 05:55:04,2025-02-14 01:12:36,Closed Lost,51324.89,0
OPP-020436,ACC-000035,PROD-0099,781,Cross-sell,2024-03-31 02:53:56,2024-06-17 06:30:15,Closed Lost,36126.47,0
OPP-020441,ACC-000007,PROD-0056,884,Renewal,2025-05-14 08:02:46,2025-09-06 10:59:16,Closed Won,56640.37,1
OPP-020446,ACC-000018,PROD-0040,57,Expansion,2024-08-09 13:51:27,2025-02-04 00:45:53,Closed Lost,72000.35,0
OPP-020449,ACC-000009,PROD-0021,708,Cross-sell,2024-08-06 05:57:37,2024-08-10 13:16:05,Closed Lost,99510.22,0
OPP-020450,ACC-000051,PROD-0049,836,Expansion,2023-12-21 18:15:33,2024-02-13 11:59:37,Closed Lost,33732.64,0
OPP-020452,ACC-000056,PROD-0011,895,Cross-sell,2024-12-28 12:18:38,2025-03-26 03:10:58,Closed Won,50191.34,1
OPP-020453,ACC-000033,PROD-0017,347,New Business,2024-11-18 23:13:19,2025-05-02 13:52:58,Closed Won,52907.49,1
OPP-020454,ACC-000054,PROD-0054,130,New Business,2023-07-05 14:53:33,2023-12-25 03:22:40,Closed Won,83076.29,1
OPP-020460,ACC-000045,PROD-0050,648,New Business,2024-05-11 05:17:34,2024-06-16 16:25:03,Closed Won,53140.92,1
OPP-020462,ACC-000016,PROD-0003,49,Upsell,2024-03-21 04:33:02,2024-07-21 15:38:17,Closed Won,28914.05,1
OPP-020481,ACC-000016,PROD-0062,806,Upsell,2025-01-03 12:32:06,2025-05-18 21:41:00,Closed Lost,69981.91,0
OPP-020483,ACC-000040,PROD-0027,327,Renewal,2023-12-23 07:43:52,2024-04-07 04:32:45,Closed Won,91179.56,1
OPP-020495,ACC-000062,PROD-0016,444,Renewal,2023-12-18 19:27:52,2024-05-31 05:34:30,Closed Lost,94489.89,0
OPP-020504,ACC-000011,PROD-0032,425,Cross-sell,2024-06-24 19:53:37,2024-08-20 06:35:12,Closed Lost,51809.53,0
OPP-020507,ACC-000039,PROD-0009,690,Renewal,2024-11-25 22:53:56,2025-03-11 00:11:25,Closed Lost,7636.91,0
OPP-020511,ACC-000032,PROD-0091,468,Expansion,2023-07-12 15:00:21,2023-10-29 14:09:56,Closed Lost,50186.13,0
OPP-020514,ACC-000062,PROD-0010,290,Cross-sell,2025-05-09 13:38:29,2025-08-18 07:38:03,Closed Lost,27978.68,0
OPP-020522,ACC-000059,PROD-0043,885,Renewal,2023-09-22 22:29:36,2023-11-15 05:12:57,Closed Lost,36828.58,0
OPP-020527,ACC-000012,PROD-0088,586,New Business,2024-09-04 09:58:58,2024-10-20 05:13:18,Closed Lost,67750.51,0
OPP-020536,ACC-000041,PROD-0015,842,Cross-sell,2024-02-16 06:14:16,2024-07-30 14:36:41,Closed Won,68204.32,1
OPP-020537,ACC-000003,PROD-0023,470,New Business,2023-11-26 18:28:57,2023-12-23 03:15:36,Closed Won,67253.32,1
OPP-020542,ACC-000051,PROD-0013,929,Upsell,2023-12-03 00:36:48,2024-04-25 03:10:31,Closed Lost,31476.76,0
OPP-020544,ACC-000017,PROD-0090,500,Upsell,2024-09-27 13:07:01,2025-01-09 06:50:19,Closed Won,97957.43,1
OPP-020550,ACC-000005,PROD-0003,375,Renewal,2024-08-06 03:36:26,2024-12-06 13:50:36,Closed Lost,55154.27,0
OPP-020552,ACC-000035,PROD-0087,195,Cross-sell,2025-01-13 12:48:10,2025-02-21 20:39:45,Closed Won,17829,1
OPP-020558,ACC-000052,PROD-0050,344,Expansion,2023-08-29 14:44:37,2023-11-23 11:31:36,Closed Lost,35300.1,0
OPP-020566,ACC-000053,PROD-0022,994,Cross-sell,2023-12-07 09:08:28,2024-03-19 20:47:35,Closed Won,68328.76,1
OPP-020572,ACC-000015,PROD-0008,759,Upsell,2024-07-12 09:05:02,2024-12-26 12:51:19,Closed Won,64325.03,1
OPP-020578,ACC-000059,PROD-0051,778,Expansion,2024-07-31 16:45:57,2024-11-05 04:06:16,Closed Won,1678.83,1
OPP-020581,ACC-000055,PROD-0087,66,Upsell,2024-08-25 01:45:43,2024-09-23 21:17:00,Closed Lost,31581.03,0
OPP-020588,ACC-000005,PROD-0061,869,Renewal,2025-03-24 12:08:47,2025-05-04 22:08:11,Closed Lost,39391.18,0
OPP-020598,ACC-000030,PROD-0063,371,New Business,2024-11-11 21:19:48,2025-01-08 12:42:27,Closed Lost,91462.56,0
OPP-020600,ACC-000045,PROD-0099,746,New Business,2024-07-12 05:24:23,2024-09-29 12:56:56,Closed Lost,11310.43,0
OPP-020606,ACC-000008,PROD-0062,647,Upsell,2023-09-08 09:29:34,2023-12-19 13:57:31,Closed Won,42905.2,1
OPP-020609,ACC-000046,PROD-0084,197,Upsell,2024-10-19 09:04:27,2025-02-07 16:44:35,Closed Won,33967.79,1
OPP-020622,ACC-000028,PROD-0080,573,Expansion,2024-09-10 06:25:54,2025-02-02 05:31:28,Closed Won,73653.01,1
OPP-020629,ACC-000001,PROD-0087,342,Renewal,2025-06-18 05:01:02,2025-09-15 21:36:33,Closed Lost,93994.6,0
OPP-020632,ACC-000038,PROD-0016,40,Renewal,2023-12-19 15:13:39,2024-04-29 08:49:08,Closed Won,52002.45,1
OPP-020634,ACC-000053,PROD-0030,879,Renewal,2024-10-11 21:43:26,2025-02-01 23:31:46,Closed Lost,91744.53,0
OPP-020636,ACC-000015,PROD-0065,412,Cross-sell,2023-06-12 21:28:32,2023-11-04 14:11:03,Closed Won,9373.85,1
OPP-020646,ACC-000035,PROD-0037,522,New Business,2023-10-20 14:24:54,2024-04-02 05:25:34,Closed Lost,56535.57,0
OPP-020648,ACC-000059,PROD-0029,952,Expansion,2025-03-05 18:56:51,2025-08-30 10:38:51,Closed Lost,74174.46,0
OPP-020649,ACC-000044,PROD-0094,425,Expansion,2023-10-27 06:13:39,2024-01-18 20:04:14,Closed Lost,50884.5,0
OPP-020662,ACC-000042,PROD-0045,702,Expansion,2024-05-26 14:10:02,2024-07-09 03:19:53,Closed Won,50373.57,1
OPP-020671,ACC-000029,PROD-0076,648,Expansion,2025-06-11 14:34:39,2025-07-01 06:32:06,Closed Lost,86091.72,0
OPP-020672,ACC-000053,PROD-0009,745,Cross-sell,2023-09-19 15:10:24,2024-03-09 23:21:51,Closed Won,62119.42,1
OPP-020680,ACC-000020,PROD-0061,344,Upsell,2024-06-11 03:12:59,2024-08-01 10:53:11,Closed Won,24251.8,1
OPP-020684,ACC-000062,PROD-0079,56,Upsell,2023-12-06 05:03:42,2024-05-11 11:57:42,Closed Lost,9495.68,0
OPP-020691,ACC-000020,PROD-0031,845,Expansion,2025-02-04 16:24:20,2025-06-14 18:16:30,Closed Won,80678.2,1
OPP-020705,ACC-000039,PROD-0031,87,Upsell,2023-12-08 10:06:59,2024-04-05 07:55:04,Closed Won,55743.46,1
OPP-020706,ACC-000020,PROD-0090,192,Upsell,2024-01-12 08:05:37,2024-03-01 22:57:44,Closed Lost,95714.91,0
OPP-020714,ACC-000011,PROD-0063,948,New Business,2024-07-15 00:23:43,2024-07-26 10:30:31,Closed Lost,53134.09,0
OPP-020721,ACC-000036,PROD-0071,9,Cross-sell,2024-07-22 15:13:06,2024-07-26 17:55:57,Closed Won,67149.07,1
OPP-020724,ACC-000015,PROD-0097,854,Expansion,2024-10-06 17:04:29,2025-01-20 09:20:44,Closed Won,69073.94,1
OPP-020725,ACC-000044,PROD-0009,68,Renewal,2025-05-12 14:18:09,2025-05-31 09:11:58,Closed Won,77833.69,1
OPP-020726,ACC-000003,PROD-0089,893,New Business,2024-06-02 11:00:33,2024-09-09 21:46:48,Closed Won,98767.68,1
OPP-020729,ACC-000004,PROD-0019,553,Expansion,2024-04-07 09:06:04,2024-05-21 13:59:23,Closed Lost,70677.35,0
OPP-020734,ACC-000031,PROD-0013,212,Renewal,2024-10-02 03:43:14,2024-11-28 06:29:33,Closed Lost,13802.38,0
OPP-020737,ACC-000054,PROD-0058,413,Renewal,2025-04-12 04:47:41,2025-06-28 03:22:08,Closed Won,31275.11,1
OPP-020749,ACC-000053,PROD-0033,266,Renewal,2024-11-06 06:42:32,2025-05-03 12:23:53,Closed Won,24874.05,1
OPP-020751,ACC-000032,PROD-0014,770,New Business,2024-03-14 09:16:40,2024-04-21 19:06:27,Closed Won,98673.11,1
OPP-020777,ACC-000005,PROD-0033,125,Renewal,2023-11-22 10:21:12,2023-11-26 21:46:06,Closed Won,87942.54,1
OPP-020781,ACC-000048,PROD-0003,582,Upsell,2025-04-14 15:22:43,2025-07-01 20:14:54,Closed Lost,8042.27,0
OPP-020807,ACC-000002,PROD-0015,643,Cross-sell,2025-05-03 00:15:23,2025-05-28 16:49:44,Closed Lost,62874.04,0
OPP-020817,ACC-000025,PROD-0096,502,Renewal,2024-04-10 20:49:36,2024-10-04 11:51:59,Closed Won,26961.02,1
OPP-020822,ACC-000030,PROD-0061,799,Expansion,2023-08-10 19:30:37,2024-01-01 14:51:20,Closed Lost,14583.36,0
OPP-020831,ACC-000042,PROD-0075,383,Renewal,2025-05-17 13:28:44,2025-10-11 22:59:52,Closed Lost,31794.84,0
OPP-020855,ACC-000039,PROD-0057,514,Cross-sell,2024-02-25 21:46:28,2024-04-06 16:56:49,Closed Won,75057.17,1
OPP-020858,ACC-000054,PROD-0049,347,Renewal,2023-08-01 14:02:10,2024-01-13 17:37:33,Closed Lost,59751.83,0
OPP-020862,ACC-000001,PROD-0089,92,Upsell,2023-11-12 21:56:20,2024-02-03 19:55:45,Closed Won,29529.77,1
OPP-020866,ACC-000054,PROD-0054,933,New Business,2023-10-07 06:57:15,2023-11-10 02:54:35,Closed Won,79114.78,1
OPP-020882,ACC-000008,PROD-0016,971,Expansion,2024-06-25 13:33:13,2024-11-30 16:53:04,Closed Lost,89130.79,0
OPP-020895,ACC-000062,PROD-0019,892,Renewal,2025-03-25 13:11:38,2025-06-20 08:44:09,Closed Won,87118.99,1
OPP-020898,ACC-000005,PROD-0090,364,Expansion,2023-10-24 09:47:34,2024-01-19 05:39:07,Closed Won,65309.53,1
OPP-020899,ACC-000003,PROD-0035,268,New Business,2023-08-30 19:38:44,2024-02-14 02:06:10,Closed Lost,50856.89,0
OPP-020902,ACC-000014,PROD-0078,830,Upsell,2024-02-22 05:10:59,2024-04-20 04:46:03,Closed Lost,76659.18,0
OPP-020930,ACC-000046,PROD-0036,402,Renewal,2023-10-27 08:51:33,2023-11-26 22:54:35,Closed Lost,25132.17,0
OPP-020935,ACC-000058,PROD-0051,284,Expansion,2024-03-14 10:12:00,2024-06-07 11:18:15,Closed Lost,53108.31,0
OPP-020936,ACC-000034,PROD-0050,120,Upsell,2025-01-28 20:49:01,2025-03-19 22:50:49,Closed Won,90678.96,1
OPP-020937,ACC-000031,PROD-0037,459,Expansion,2024-01-23 18:53:49,2024-06-16 03:24:49,Closed Won,70607.87,1
OPP-020942,ACC-000027,PROD-0028,654,Expansion,2024-10-31 01:03:35,2024-12-04 10:57:09,Closed Lost,5075.13,0
OPP-020946,ACC-000014,PROD-0095,466,Renewal,2024-06-05 22:26:59,2024-07-30 14:37:27,Closed Lost,76572.79,0
OPP-020955,ACC-000044,PROD-0017,671,New Business,2024-07-05 22:02:45,2024-11-02 20:18:43,Closed Won,17072.7,1
OPP-020956,ACC-000023,PROD-0079,720,Cross-sell,2023-08-03 12:14:57,2024-01-01 19:51:48,Closed Won,35145.94,1
OPP-020958,ACC-000041,PROD-0052,81,Upsell,2023-10-31 15:17:34,2023-11-17 05:33:16,Closed Won,15641.28,1
OPP-020959,ACC-000030,PROD-0066,765,Cross-sell,2023-10-01 18:10:00,2023-10-31 06:04:45,Closed Won,7042.18,1
OPP-020970,ACC-000005,PROD-0004,92,Upsell,2024-11-05 04:06:14,2024-12-31 23:57:07,Closed Won,22424.34,1
OPP-020971,ACC-000056,PROD-0064,556,Expansion,2023-08-14 23:35:18,2024-02-01 18:44:04,Closed Lost,64734,0
OPP-020974,ACC-000006,PROD-0067,460,Expansion,2024-12-02 02:27:24,2025-01-06 19:35:08,Closed Won,88519.79,1
OPP-020978,ACC-000004,PROD-0062,934,Expansion,2023-09-09 10:04:13,2023-11-03 06:02:37,Closed Lost,63601.44,0
OPP-020979,ACC-000029,PROD-0082,495,Renewal,2023-12-26 22:59:10,2024-05-31 13:38:40,Closed Won,29216.6,1
OPP-020986,ACC-000009,PROD-0055,850,New Business,2024-10-13 03:26:33,2024-10-17 16:39:50,Closed Lost,73439.39,0
OPP-020990,ACC-000061,PROD-0038,663,Cross-sell,2024-12-18 01:14:34,2025-01-07 14:48:07,Closed Won,70368.45,1
OPP-021003,ACC-000045,PROD-0048,84,Cross-sell,2024-07-30 16:42:08,2024-09-05 21:47:59,Closed Won,33181.7,1
OPP-021005,ACC-000060,PROD-0017,379,New Business,2025-02-28 11:46:45,2025-03-07 04:21:44,Closed Won,76229.58,1
OPP-021021,ACC-000052,PROD-0045,14,Upsell,2024-03-21 16:00:18,2024-09-08 01:11:40,Closed Won,69482.34,1
OPP-021022,ACC-000006,PROD-0019,697,New Business,2023-08-22 10:18:25,2023-11-06 04:46:21,Closed Won,75104.52,1
OPP-021027,ACC-000035,PROD-0012,922,Upsell,2024-06-18 05:23:33,2024-07-28 09:07:25,Closed Lost,59648.67,0
OPP-021041,ACC-000044,PROD-0049,702,Renewal,2025-06-25 06:15:56,2025-06-28 19:48:41,Closed Lost,32019.41,0
OPP-021050,ACC-000023,PROD-0098,175,Expansion,2024-09-05 23:40:34,2025-01-18 22:39:04,Closed Lost,79156.96,0
OPP-021057,ACC-000059,PROD-0058,76,Expansion,2024-09-24 04:26:53,2025-01-29 20:04:02,Closed Won,73259.3,1
OPP-021072,ACC-000030,PROD-0031,181,Upsell,2024-02-11 19:09:14,2024-07-07 16:15:35,Closed Lost,92809.73,0
OPP-021077,ACC-000007,PROD-0010,595,New Business,2024-03-31 05:26:54,2024-05-26 13:09:24,Closed Won,45304.86,1
OPP-021080,ACC-000010,PROD-0019,601,Expansion,2023-06-23 12:02:58,2023-12-01 00:24:11,Closed Won,52653.81,1
OPP-021094,ACC-000008,PROD-0005,789,New Business,2023-09-30 01:37:48,2023-11-02 05:36:28,Closed Lost,93614.25,0
OPP-021105,ACC-000040,PROD-0062,731,Cross-sell,2025-01-18 23:51:39,2025-04-16 03:22:32,Closed Won,70039.03,1
OPP-021121,ACC-000026,PROD-0070,184,Expansion,2024-06-04 20:27:54,2024-09-13 06:29:28,Closed Won,42316.62,1
OPP-021123,ACC-000032,PROD-0091,11,New Business,2024-10-21 00:18:26,2025-02-18 13:04:07,Closed Lost,54735.95,0
OPP-021125,ACC-000027,PROD-0084,86,Cross-sell,2025-01-15 08:56:21,2025-02-15 09:33:40,Closed Won,81882.34,1
OPP-021127,ACC-000036,PROD-0027,233,Expansion,2025-04-16 23:24:55,2025-05-27 08:32:38,Closed Lost,71644.78,0
OPP-021128,ACC-000062,PROD-0085,293,Expansion,2024-05-15 00:22:50,2024-09-08 16:38:44,Closed Won,93200.2,1
OPP-021130,ACC-000033,PROD-0099,770,Upsell,2024-09-18 08:17:01,2025-01-11 12:55:43,Closed Won,57267.92,1
OPP-021131,ACC-000016,PROD-0071,789,Upsell,2024-03-09 01:23:24,2024-05-23 15:52:44,Closed Lost,83982.47,0
OPP-021135,ACC-000042,PROD-0075,995,Expansion,2024-10-14 07:52:07,2024-11-07 17:58:21,Closed Lost,55712.24,0
OPP-021136,ACC-000023,PROD-0045,940,Upsell,2023-10-08 09:38:25,2023-11-16 20:13:34,Closed Lost,76874.36,0
OPP-021139,ACC-000036,PROD-0074,731,Expansion,2025-01-19 14:02:21,2025-03-05 14:28:04,Closed Lost,52285.47,0
OPP-021141,ACC-000008,PROD-0035,498,Expansion,2023-05-24 14:20:02,2023-11-12 03:32:22,Closed Won,48173.54,1
OPP-021143,ACC-000034,PROD-0038,838,New Business,2025-02-28 15:33:22,2025-03-22 05:44:57,Closed Won,59182.83,1
OPP-021144,ACC-000006,PROD-0066,929,Cross-sell,2025-04-26 03:52:07,2025-10-19 11:51:57,Closed Won,50717.59,1
OPP-021152,ACC-000007,PROD-0016,235,Renewal,2024-07-15 08:00:02,2024-10-30 22:43:01,Closed Lost,82948.94,0
OPP-021156,ACC-000018,PROD-0025,877,Upsell,2025-03-06 14:44:14,2025-06-12 19:14:32,Closed Lost,39653.09,0
OPP-021159,ACC-000058,PROD-0051,191,Renewal,2024-04-05 09:08:24,2024-05-26 06:20:56,Closed Lost,53941.51,0
OPP-021161,ACC-000034,PROD-0014,905,Cross-sell,2025-03-08 03:50:00,2025-05-05 02:03:32,Closed Lost,46505.9,0
OPP-021178,ACC-000059,PROD-0031,386,Renewal,2024-09-26 12:01:41,2024-12-10 18:15:56,Closed Won,91924.08,1
OPP-021184,ACC-000002,PROD-0046,976,Cross-sell,2024-04-28 18:14:34,2024-07-30 10:40:01,Closed Lost,49648.2,0
OPP-021186,ACC-000009,PROD-0066,306,Upsell,2024-11-23 15:28:11,2025-02-18 13:35:40,Closed Lost,32000.26,0
OPP-021192,ACC-000034,PROD-0039,272,Upsell,2024-02-16 07:27:01,2024-06-30 07:31:09,Closed Lost,50792.19,0
OPP-021197,ACC-000061,PROD-0019,541,Renewal,2025-06-14 15:14:04,2025-08-25 10:45:10,Closed Won,42392.63,1
OPP-021200,ACC-000026,PROD-0042,774,New Business,2025-03-22 16:15:05,2025-04-20 06:11:39,Closed Won,56343.43,1
OPP-021203,ACC-000021,PROD-0099,257,New Business,2024-08-14 14:20:12,2024-09-07 00:19:35,Closed Lost,66793.78,0
OPP-021220,ACC-000028,PROD-0031,880,Renewal,2023-09-18 12:42:59,2024-02-15 10:28:02,Closed Lost,11671.32,0
OPP-021223,ACC-000024,PROD-0028,508,Cross-sell,2024-10-25 00:13:18,2024-11-25 09:45:15,Closed Lost,24966.37,0
OPP-021228,ACC-000039,PROD-0021,815,Renewal,2024-06-11 23:10:21,2024-07-04 19:29:22,Closed Lost,49919.82,0
OPP-021231,ACC-000020,PROD-0011,877,Upsell,2025-03-04 09:27:31,2025-04-17 12:39:57,Closed Lost,78177.34,0
OPP-021235,ACC-000058,PROD-0078,89,Upsell,2025-02-16 04:51:29,2025-04-15 01:34:03,Closed Lost,94302.67,0
OPP-021243,ACC-000006,PROD-0060,331,New Business,2024-12-07 01:41:14,2024-12-22 13:19:17,Closed Won,48078.27,1
OPP-021244,ACC-000011,PROD-0014,685,Upsell,2024-12-14 03:37:00,2024-12-18 03:42:48,Closed Won,48419.13,1
OPP-021246,ACC-000003,PROD-0001,664,Expansion,2025-02-20 15:56:29,2025-04-07 01:26:56,Closed Lost,28619.15,0
OPP-021254,ACC-000020,PROD-0064,892,New Business,2024-09-26 20:41:21,2025-03-03 16:06:40,Closed Lost,3901.23,0
OPP-021255,ACC-000060,PROD-0060,256,New Business,2024-07-12 05:01:20,2024-10-28 00:26:19,Closed Won,12192.68,1
OPP-021266,ACC-000009,PROD-0018,901,New Business,2024-02-08 02:37:31,2024-07-25 14:10:29,Closed Won,89948.83,1
OPP-021275,ACC-000060,PROD-0031,36,Expansion,2024-12-23 16:27:22,2025-01-16 16:40:00,Closed Won,15435.73,1
OPP-021276,ACC-000049,PROD-0076,725,New Business,2025-03-27 07:49:22,2025-08-23 02:35:30,Closed Won,76360.85,1
OPP-021282,ACC-000019,PROD-0020,700,Upsell,2023-08-22 22:32:01,2024-01-30 05:14:08,Closed Won,67479.55,1
OPP-021285,ACC-000015,PROD-0001,734,New Business,2024-11-02 12:05:19,2025-01-24 22:20:17,Closed Lost,49567.97,0
OPP-021297,ACC-000013,PROD-0086,821,Cross-sell,2023-10-24 18:24:25,2024-03-23 08:51:48,Closed Won,51615.75,1
OPP-021301,ACC-000033,PROD-0057,634,Upsell,2025-05-08 11:47:03,2025-08-13 03:50:09,Closed Lost,5544.27,0
OPP-021303,ACC-000013,PROD-0049,703,Expansion,2024-12-03 11:34:50,2024-12-23 14:31:59,Closed Lost,66788.83,0
OPP-021306,ACC-000004,PROD-0071,985,Cross-sell,2024-01-04 15:21:13,2024-03-17 21:32:23,Closed Lost,58716.43,0
OPP-021308,ACC-000034,PROD-0097,32,Renewal,2023-11-19 19:57:27,2024-02-25 11:38:35,Closed Lost,30860.11,0
OPP-021328,ACC-000021,PROD-0079,277,Expansion,2024-11-01 18:33:42,2024-12-29 14:43:48,Closed Won,66340.5,1
OPP-021331,ACC-000022,PROD-0076,523,Cross-sell,2024-08-18 05:47:52,2025-01-29 20:29:08,Closed Won,65602.18,1
OPP-021344,ACC-000032,PROD-0092,387,New Business,2025-01-03 03:10:14,2025-04-11 05:31:37,Closed Won,92885.39,1
OPP-021347,ACC-000030,PROD-0080,188,Expansion,2024-11-30 21:16:47,2025-01-22 01:37:32,Closed Lost,52880.94,0
OPP-021352,ACC-000062,PROD-0083,899,Renewal,2024-03-20 16:02:38,2024-08-14 19:35:36,Closed Won,41590.6,1
OPP-021372,ACC-000009,PROD-0076,321,Cross-sell,2024-06-28 19:18:18,2024-09-26 22:29:14,Closed Won,53657.49,1
OPP-021383,ACC-000037,PROD-0045,44,Cross-sell,2024-05-28 01:44:41,2024-09-08 14:45:48,Closed Won,97389.75,1
OPP-021386,ACC-000051,PROD-0095,166,Expansion,2025-04-16 13:55:59,2025-07-14 03:07:53,Closed Won,98200.69,1
OPP-021389,ACC-000060,PROD-0086,19,Expansion,2023-09-08 10:51:05,2024-02-18 09:07:57,Closed Won,2953.85,1
OPP-021398,ACC-000049,PROD-0028,27,New Business,2024-04-07 12:14:50,2024-09-28 18:59:00,Closed Won,99036.69,1
OPP-021400,ACC-000039,PROD-0089,920,Upsell,2024-05-24 20:59:48,2024-07-05 01:06:04,Closed Won,20084.08,1
OPP-021406,ACC-000001,PROD-0074,992,New Business,2024-06-29 22:29:03,2024-08-10 00:58:14,Closed Lost,8300.01,0
OPP-021420,ACC-000004,PROD-0089,590,Cross-sell,2023-08-20 10:20:07,2024-01-30 17:53:27,Closed Lost,39442.98,0
OPP-021422,ACC-000002,PROD-0069,368,Renewal,2024-01-28 02:33:04,2024-02-08 05:26:22,Closed Lost,21409.11,0
OPP-021425,ACC-000025,PROD-0022,856,Renewal,2024-05-07 05:03:56,2024-09-19 23:43:30,Closed Won,13916.89,1
OPP-021430,ACC-000020,PROD-0004,804,Expansion,2025-05-25 10:43:52,2025-09-05 01:33:29,Closed Lost,46264.34,0
OPP-021432,ACC-000003,PROD-0052,227,Expansion,2024-05-19 00:28:17,2024-07-04 09:51:11,Closed Won,42424.82,1
OPP-021435,ACC-000019,PROD-0089,48,New Business,2024-06-10 13:00:19,2024-08-15 12:23:44,Closed Lost,18157.4,0
OPP-021451,ACC-000051,PROD-0050,728,Upsell,2023-12-13 00:20:15,2024-03-04 04:55:05,Closed Lost,86714.67,0
OPP-021452,ACC-000021,PROD-0037,377,Cross-sell,2024-08-24 13:05:19,2024-09-10 19:39:43,Closed Won,39389.21,1
OPP-021453,ACC-000012,PROD-0088,6,Renewal,2025-05-04 03:19:20,2025-07-07 16:59:08,Closed Lost,23440.3,0
OPP-021454,ACC-000037,PROD-0082,753,Upsell,2024-01-10 16:58:28,2024-06-25 11:45:30,Closed Won,29489.47,1
OPP-021461,ACC-000034,PROD-0022,877,Cross-sell,2024-04-13 00:02:26,2024-09-04 06:44:54,Closed Lost,95502.84,0
OPP-021470,ACC-000025,PROD-0033,741,New Business,2025-03-29 10:57:12,2025-06-28 10:25:47,Closed Won,82346.21,1
OPP-021478,ACC-000059,PROD-0055,608,Upsell,2025-02-08 20:05:52,2025-02-24 18:49:28,Closed Won,16006.65,1
OPP-021479,ACC-000060,PROD-0008,974,New Business,2023-12-26 23:21:39,2024-05-12 18:23:58,Closed Won,86015.39,1
OPP-021482,ACC-000056,PROD-0090,717,Renewal,2025-01-09 18:07:31,2025-06-11 11:02:36,Closed Won,22826.86,1
OPP-021483,ACC-000043,PROD-0047,506,Upsell,2023-09-25 04:32:51,2023-11-15 14:42:23,Closed Won,83458.69,1
OPP-021507,ACC-000022,PROD-0007,332,New Business,2025-04-06 11:45:18,2025-07-11 15:46:00,Closed Lost,17036.67,0
OPP-021521,ACC-000056,PROD-0004,25,Cross-sell,2025-01-19 00:55:56,2025-05-07 07:42:32,Closed Lost,57971.55,0
OPP-021534,ACC-000037,PROD-0040,315,Cross-sell,2023-12-23 13:59:43,2024-06-07 21:28:17,Closed Lost,75353.78,0
OPP-021539,ACC-000018,PROD-0019,195,Renewal,2025-04-24 07:49:05,2025-05-30 07:31:51,Closed Won,47193.45,1
OPP-021542,ACC-000003,PROD-0055,566,Expansion,2023-11-28 22:07:24,2024-05-02 05:45:23,Closed Won,50048.24,1
OPP-021543,ACC-000009,PROD-0033,186,Expansion,2023-10-30 08:02:34,2023-11-03 00:53:15,Closed Won,5058.83,1
OPP-021550,ACC-000033,PROD-0024,172,Expansion,2025-01-06 02:34:27,2025-01-22 03:26:03,Closed Lost,44587.41,0
OPP-021558,ACC-000043,PROD-0030,495,Expansion,2025-04-01 02:24:56,2025-09-21 08:24:39,Closed Won,79890.28,1
OPP-021559,ACC-000020,PROD-0080,906,Upsell,2024-09-20 08:56:33,2024-09-25 03:00:42,Closed Won,68673.44,1
OPP-021562,ACC-000004,PROD-0083,152,Cross-sell,2024-12-01 23:55:00,2024-12-18 14:32:17,Closed Lost,72014.51,0
OPP-021564,ACC-000018,PROD-0061,388,Cross-sell,2025-06-02 17:23:13,2025-07-11 09:34:37,Closed Won,56366.51,1
OPP-021585,ACC-000032,PROD-0052,143,New Business,2023-12-12 19:10:37,2024-01-26 06:31:05,Closed Lost,91091.64,0
OPP-021586,ACC-000014,PROD-0039,103,Cross-sell,2025-02-12 08:50:51,2025-03-07 08:04:58,Closed Won,81789.76,1
OPP-021596,ACC-000009,PROD-0077,959,Renewal,2023-11-08 01:20:49,2023-11-10 02:11:01,Closed Won,41428.26,1
OPP-021606,ACC-000033,PROD-0065,416,Cross-sell,2025-03-28 02:54:35,2025-06-05 01:04:05,Closed Lost,63219.92,0
OPP-021608,ACC-000023,PROD-0053,46,New Business,2024-08-03 07:12:20,2024-12-01 06:49:08,Closed Won,81749.61,1
OPP-021614,ACC-000037,PROD-0019,722,New Business,2024-01-22 06:25:51,2024-03-05 18:58:09,Closed Won,47177.32,1
OPP-021619,ACC-000030,PROD-0084,255,Renewal,2024-06-21 02:15:10,2024-07-22 18:36:11,Closed Won,36172.35,1
OPP-021626,ACC-000007,PROD-0049,247,New Business,2025-04-18 14:34:37,2025-08-08 19:02:55,Closed Won,56398.54,1
OPP-021628,ACC-000011,PROD-0046,290,Renewal,2024-12-26 21:17:55,2025-03-13 03:43:24,Closed Won,95336.38,1
OPP-021640,ACC-000023,PROD-0066,470,Expansion,2024-07-18 18:19:51,2024-10-09 06:39:12,Closed Lost,54328.14,0
OPP-021643,ACC-000044,PROD-0002,517,Expansion,2024-03-27 21:56:32,2024-06-01 05:06:32,Closed Won,86148.93,1
OPP-021644,ACC-000024,PROD-0081,845,Cross-sell,2024-12-29 17:01:01,2025-02-02 00:56:34,Closed Won,64041.3,1
OPP-021646,ACC-000014,PROD-0063,249,Expansion,2025-02-28 05:10:19,2025-04-02 11:44:26,Closed Won,37333.97,1
OPP-021656,ACC-000024,PROD-0016,958,Renewal,2023-12-26 11:42:49,2024-03-09 00:58:39,Closed Won,31766.78,1
OPP-021660,ACC-000038,PROD-0015,97,Expansion,2023-08-23 02:18:17,2024-02-06 22:17:31,Closed Lost,60464.32,0
OPP-021670,ACC-000006,PROD-0098,355,New Business,2024-09-11 03:38:15,2024-12-01 07:20:49,Closed Won,2055.16,1
OPP-021671,ACC-000006,PROD-0062,244,Renewal,2025-02-02 13:04:16,2025-07-22 16:23:57,Closed Lost,62900.68,0
OPP-021676,ACC-000031,PROD-0072,531,Upsell,2024-07-13 01:57:17,2024-08-03 03:17:13,Closed Lost,99121.56,0
OPP-021677,ACC-000038,PROD-0014,997,New Business,2023-11-23 08:07:25,2024-05-05 22:00:49,Closed Won,50406.14,1
OPP-021687,ACC-000011,PROD-0027,794,New Business,2024-12-31 14:22:53,2025-02-28 17:11:17,Closed Won,5275.21,1
OPP-021689,ACC-000048,PROD-0068,222,Expansion,2024-12-13 20:11:03,2025-01-30 02:15:38,Closed Won,87772.59,1
OPP-021710,ACC-000014,PROD-0022,694,Expansion,2024-12-07 05:20:18,2025-02-18 21:25:15,Closed Lost,44178.74,0
OPP-021711,ACC-000042,PROD-0097,393,New Business,2025-05-05 18:56:35,2025-09-10 09:22:17,Closed Won,77755.95,1
OPP-021719,ACC-000026,PROD-0043,177,New Business,2024-08-04 15:11:16,2024-09-18 13:33:08,Closed Won,20396.52,1
OPP-021723,ACC-000014,PROD-0008,364,Expansion,2024-07-17 19:29:04,2024-11-28 10:15:50,Closed Lost,80579.4,0
OPP-021730,ACC-000026,PROD-0008,906,Expansion,2023-11-06 18:39:44,2024-04-12 18:42:48,Closed Won,63050.18,1
OPP-021731,ACC-000003,PROD-0092,966,Upsell,2023-11-15 21:48:55,2024-01-11 05:15:07,Closed Lost,73017.62,0
OPP-021732,ACC-000033,PROD-0075,552,Renewal,2024-06-12 10:31:24,2024-11-12 13:16:54,Closed Won,70187.39,1
OPP-021734,ACC-000008,PROD-0064,944,Upsell,2024-02-22 13:59:37,2024-04-01 04:25:34,Closed Won,50090.69,1
OPP-021735,ACC-000023,PROD-0060,705,Cross-sell,2024-09-13 12:08:43,2025-02-12 03:28:17,Closed Lost,84446.19,0
OPP-021742,ACC-000039,PROD-0051,889,Expansion,2025-05-26 09:37:06,2025-06-28 02:14:18,Closed Lost,21534.86,0
OPP-021746,ACC-000058,PROD-0025,555,Renewal,2024-12-10 17:31:52,2025-03-26 02:00:48,Closed Lost,2483.33,0
OPP-021749,ACC-000045,PROD-0090,338,Renewal,2024-08-31 09:46:47,2025-01-23 04:22:55,Closed Lost,50927.25,0
OPP-021771,ACC-000051,PROD-0058,542,Cross-sell,2025-03-18 03:54:15,2025-07-15 22:45:56,Closed Won,74191.35,1
OPP-021773,ACC-000041,PROD-0058,537,Expansion,2024-02-08 14:41:22,2024-03-06 14:41:45,Closed Lost,53931.16,0
OPP-021788,ACC-000012,PROD-0063,8,Renewal,2025-05-06 15:18:31,2025-05-10 12:41:21,Closed Won,21781.1,1
OPP-021791,ACC-000030,PROD-0062,357,Upsell,2024-10-14 07:07:26,2025-04-01 15:28:12,Closed Lost,6505.15,0
OPP-021794,ACC-000023,PROD-0046,67,Expansion,2023-11-25 09:03:22,2024-01-04 19:48:04,Closed Won,19706.28,1
OPP-021798,ACC-000027,PROD-0005,354,Cross-sell,2024-02-20 00:34:11,2024-07-24 18:03:57,Closed Lost,61606.07,0
OPP-021819,ACC-000049,PROD-0059,485,Expansion,2024-03-02 13:15:07,2024-08-28 18:33:15,Closed Lost,29106.44,0
OPP-021827,ACC-000006,PROD-0074,123,Renewal,2025-04-11 16:36:54,2025-08-11 05:48:11,Closed Won,42243.02,1
OPP-021831,ACC-000021,PROD-0051,430,Upsell,2024-10-01 05:09:03,2024-11-15 14:21:28,Closed Won,72756.37,1
OPP-021835,ACC-000057,PROD-0032,139,Renewal,2024-01-05 21:46:56,2024-02-06 15:41:46,Closed Lost,26079.58,0
OPP-021836,ACC-000038,PROD-0039,467,Renewal,2024-04-18 14:31:29,2024-09-10 15:41:15,Closed Lost,62693.77,0
OPP-021860,ACC-000039,PROD-0074,822,Upsell,2024-03-18 12:57:49,2024-04-08 22:36:48,Closed Won,98282.44,1
OPP-021863,ACC-000025,PROD-0022,809,Upsell,2024-04-28 11:06:23,2024-10-09 19:55:26,Closed Won,87862.81,1
OPP-021866,ACC-000023,PROD-0052,171,Upsell,2025-02-10 02:26:49,2025-05-07 20:31:46,Closed Lost,35931.92,0
OPP-021868,ACC-000008,PROD-0075,761,Renewal,2025-05-23 14:05:54,2025-09-16 09:39:41,Closed Won,41648.88,1
OPP-021877,ACC-000006,PROD-0038,551,Upsell,2025-02-23 11:43:02,2025-03-21 23:35:01,Closed Won,60962.61,1
OPP-021880,ACC-000057,PROD-0073,418,Renewal,2023-10-23 14:21:11,2023-12-09 11:26:13,Closed Lost,32852.98,0
OPP-021881,ACC-000053,PROD-0040,709,Upsell,2024-07-02 17:11:19,2024-12-09 16:19:14,Closed Won,83254.19,1
OPP-021885,ACC-000051,PROD-0010,253,Renewal,2024-05-12 18:41:04,2024-07-15 04:13:08,Closed Lost,19673.46,0
OPP-021886,ACC-000061,PROD-0098,325,New Business,2024-06-20 14:58:47,2024-10-04 10:10:00,Closed Lost,78303.87,0
OPP-021889,ACC-000003,PROD-0060,193,New Business,2024-01-02 04:38:58,2024-02-07 05:03:38,Closed Lost,36751.51,0
OPP-021890,ACC-000025,PROD-0042,914,Expansion,2024-08-14 20:04:26,2024-08-17 06:40:14,Closed Won,21024.81,1
OPP-021893,ACC-000024,PROD-0019,132,Expansion,2023-10-19 16:13:38,2024-01-22 11:38:53,Closed Lost,62235.36,0
OPP-021897,ACC-000047,PROD-0036,871,Cross-sell,2024-03-09 12:43:39,2024-05-23 17:55:34,Closed Won,9986.53,1
OPP-021904,ACC-000023,PROD-0064,726,Upsell,2024-09-17 09:22:39,2024-10-21 10:21:35,Closed Lost,14584.91,0
OPP-021905,ACC-000018,PROD-0059,358,Cross-sell,2023-12-30 09:56:55,2024-04-23 21:32:00,Closed Lost,4449.91,0
OPP-021906,ACC-000047,PROD-0062,484,Renewal,2023-11-12 16:33:40,2024-02-05 04:29:55,Closed Lost,5362.92,0
OPP-021910,ACC-000013,PROD-0041,151,Upsell,2024-02-12 20:12:56,2024-02-24 22:35:58,Closed Won,53730.51,1
OPP-021915,ACC-000058,PROD-0027,293,Renewal,2024-04-27 09:49:15,2024-06-23 16:33:18,Closed Lost,50960.12,0
OPP-021919,ACC-000056,PROD-0092,863,Upsell,2023-09-13 23:59:05,2023-11-18 18:24:36,Closed Lost,34098.77,0
OPP-021920,ACC-000014,PROD-0025,932,New Business,2024-03-13 09:39:11,2024-06-20 03:55:44,Closed Lost,71756.4,0
OPP-021921,ACC-000044,PROD-0070,459,New Business,2024-10-30 23:23:52,2025-04-02 06:54:38,Closed Lost,7198.67,0
OPP-021925,ACC-000041,PROD-0057,259,Renewal,2023-09-30 12:39:12,2023-11-07 19:55:46,Closed Lost,52727.65,0
OPP-021927,ACC-000017,PROD-0091,827,Expansion,2024-08-19 06:50:05,2024-12-03 10:20:30,Closed Lost,9443.11,0
OPP-021932,ACC-000001,PROD-0056,552,Cross-sell,2024-11-12 14:18:13,2025-02-14 09:08:02,Closed Lost,98713.11,0
OPP-021942,ACC-000048,PROD-0086,273,Expansion,2024-10-20 13:55:14,2024-11-23 06:10:13,Closed Won,87583.59,1
OPP-021953,ACC-000024,PROD-0100,167,Cross-sell,2024-10-31 04:04:31,2025-02-22 21:10:46,Closed Lost,25395.71,0
OPP-021966,ACC-000029,PROD-0097,743,Upsell,2024-11-15 19:50:26,2025-03-25 16:51:06,Closed Lost,58147.92,0
OPP-021967,ACC-000061,PROD-0080,586,Upsell,2025-06-18 05:17:36,2025-10-20 15:32:30,Closed Won,23846.52,1
OPP-021973,ACC-000025,PROD-0001,456,Cross-sell,2023-11-03 19:19:37,2024-01-23 15:36:26,Closed Won,84801.44,1
OPP-021976,ACC-000050,PROD-0084,465,Cross-sell,2024-09-21 22:26:33,2024-11-10 20:37:26,Closed Lost,94543.27,0
OPP-021977,ACC-000017,PROD-0080,620,Renewal,2025-03-27 20:46:34,2025-05-02 20:56:32,Closed Won,61536.29,1
OPP-021978,ACC-000035,PROD-0015,21,Cross-sell,2024-03-28 06:47:39,2024-03-31 18:02:17,Closed Won,84893.76,1
OPP-021985,ACC-000045,PROD-0075,657,Renewal,2025-05-30 22:32:50,2025-07-24 01:16:31,Closed Lost,10256.48,0
OPP-021990,ACC-000046,PROD-0034,327,New Business,2024-01-07 08:27:40,2024-01-10 13:47:49,Closed Lost,16293.33,0
OPP-021991,ACC-000038,PROD-0097,825,New Business,2024-11-03 18:46:22,2024-11-07 09:25:47,Closed Won,93131.39,1
OPP-021997,ACC-000037,PROD-0031,647,Cross-sell,2025-01-10 05:22:26,2025-05-25 21:53:46,Closed Lost,81360.99,0
OPP-022003,ACC-000051,PROD-0055,879,Expansion,2025-04-14 00:29:50,2025-06-20 13:33:13,Closed Lost,92119.59,0
OPP-022012,ACC-000033,PROD-0084,444,Upsell,2025-01-17 04:20:53,2025-03-14 12:43:56,Closed Lost,56261.86,0
OPP-022016,ACC-000020,PROD-0083,976,Upsell,2024-07-16 16:00:17,2024-08-31 15:20:08,Closed Lost,24643.97,0
OPP-022017,ACC-000060,PROD-0052,429,Upsell,2024-02-08 04:48:56,2024-02-23 17:44:25,Closed Won,64940.23,1
OPP-022019,ACC-000008,PROD-0080,472,New Business,2024-09-21 14:12:33,2024-10-08 23:33:06,Closed Won,75129.86,1
OPP-022024,ACC-000050,PROD-0078,163,New Business,2024-09-25 21:00:34,2024-11-04 20:46:08,Closed Lost,77014.22,0
OPP-022025,ACC-000051,PROD-0075,402,New Business,2023-10-13 11:32:07,2024-02-11 17:09:20,Closed Won,93243.34,1
OPP-022043,ACC-000010,PROD-0014,227,Cross-sell,2024-04-17 09:51:25,2024-04-25 15:33:23,Closed Won,9841.18,1
OPP-022051,ACC-000036,PROD-0093,586,Upsell,2024-09-03 02:41:51,2024-11-24 06:39:00,Closed Won,76238.99,1
OPP-022052,ACC-000034,PROD-0005,89,Expansion,2025-01-09 09:55:08,2025-06-22 15:07:58,Closed Won,1084.12,1
OPP-022062,ACC-000052,PROD-0096,597,New Business,2023-09-23 06:02:59,2024-02-09 17:56:02,Closed Won,49758.41,1
OPP-022095,ACC-000044,PROD-0056,210,Upsell,2024-07-13 22:22:39,2024-08-03 04:24:42,Closed Lost,9087.14,0
OPP-022107,ACC-000057,PROD-0062,382,Cross-sell,2024-04-16 12:06:11,2024-10-08 05:59:07,Closed Won,72466.29,1
OPP-022109,ACC-000040,PROD-0041,685,New Business,2023-09-19 13:57:46,2023-11-29 21:03:43,Closed Lost,40227.51,0
OPP-022123,ACC-000048,PROD-0036,142,Expansion,2024-02-22 10:02:37,2024-03-03 03:46:20,Closed Won,61168.46,1
OPP-022133,ACC-000027,PROD-0035,595,Renewal,2023-09-01 07:26:58,2023-12-18 04:52:03,Closed Won,39578.33,1
OPP-022140,ACC-000050,PROD-0027,288,Expansion,2024-02-09 17:04:29,2024-05-30 08:27:00,Closed Won,62450.28,1
OPP-022161,ACC-000028,PROD-0038,929,Renewal,2024-12-29 11:29:47,2025-03-15 23:04:06,Closed Lost,74779.84,0
OPP-022165,ACC-000003,PROD-0027,942,New Business,2023-12-01 11:01:57,2024-04-28 04:52:33,Closed Won,75656.35,1
OPP-022172,ACC-000047,PROD-0080,976,New Business,2024-08-29 10:39:44,2024-10-13 05:04:36,Closed Won,84761.02,1
OPP-022174,ACC-000025,PROD-0022,989,Cross-sell,2024-09-22 20:17:38,2024-10-20 09:54:00,Closed Lost,86752.57,0
OPP-022176,ACC-000005,PROD-0040,836,Cross-sell,2023-11-14 14:06:59,2024-03-04 20:20:57,Closed Lost,44211.26,0
OPP-022183,ACC-000043,PROD-0068,567,Upsell,2024-08-11 17:04:39,2024-12-27 19:43:54,Closed Won,22274.09,1
OPP-022190,ACC-000002,PROD-0062,668,Upsell,2023-08-15 15:08:09,2024-02-02 10:07:15,Closed Won,80838.67,1
OPP-022192,ACC-000013,PROD-0087,199,Expansion,2024-02-25 18:02:36,2024-08-16 17:24:28,Closed Lost,74012.44,0
OPP-022195,ACC-000062,PROD-0011,165,Expansion,2024-08-24 02:27:21,2024-10-16 03:02:20,Closed Lost,1230.43,0
OPP-022198,ACC-000006,PROD-0014,501,Cross-sell,2024-07-30 13:11:01,2024-09-23 15:12:50,Closed Lost,70682.06,0
OPP-022203,ACC-000002,PROD-0052,759,Upsell,2024-01-21 22:19:51,2024-01-26 00:54:44,Closed Lost,74492.14,0
OPP-022204,ACC-000017,PROD-0094,188,Cross-sell,2025-01-16 01:19:31,2025-06-21 00:39:44,Closed Lost,83481,0
OPP-022206,ACC-000052,PROD-0090,873,Upsell,2023-12-18 23:31:24,2024-05-19 15:18:19,Closed Won,78950.87,1
OPP-022211,ACC-000002,PROD-0035,920,New Business,2024-05-07 10:16:26,2024-07-30 09:49:39,Closed Won,23769.3,1
OPP-022218,ACC-000059,PROD-0035,354,Upsell,2024-08-16 12:32:31,2024-09-04 17:58:34,Closed Lost,63775.98,0
OPP-022223,ACC-000061,PROD-0013,132,Upsell,2025-05-06 19:35:21,2025-08-17 06:51:00,Closed Won,8645.83,1
OPP-022231,ACC-000016,PROD-0008,874,Expansion,2023-10-18 21:36:38,2024-03-14 00:14:37,Closed Won,4056.65,1
OPP-022234,ACC-000058,PROD-0093,809,Cross-sell,2024-04-06 03:32:00,2024-09-20 09:25:50,Closed Lost,76454.51,0
OPP-022242,ACC-000014,PROD-0064,35,Cross-sell,2025-03-21 16:39:37,2025-06-05 23:28:14,Closed Won,83878.67,1
OPP-022248,ACC-000016,PROD-0080,702,Renewal,2025-04-28 17:42:34,2025-09-28 14:47:08,Closed Won,43127.4,1
OPP-022254,ACC-000046,PROD-0069,10,Renewal,2024-06-10 16:10:43,2024-06-28 14:13:26,Closed Won,50789.56,1
OPP-022267,ACC-000047,PROD-0008,439,Renewal,2025-06-03 17:41:30,2025-10-17 20:15:07,Closed Lost,20327.04,0
OPP-022269,ACC-000032,PROD-0016,106,Expansion,2023-12-11 16:48:09,2024-05-24 10:02:30,Closed Lost,78947.34,0
OPP-022272,ACC-000015,PROD-0001,863,Expansion,2023-09-09 17:45:02,2023-11-09 13:26:22,Closed Won,3657.65,1
OPP-022284,ACC-000041,PROD-0027,362,Upsell,2024-09-10 03:49:45,2025-03-01 11:39:23,Closed Lost,78080.45,0
OPP-022287,ACC-000019,PROD-0023,760,New Business,2025-04-25 18:44:01,2025-05-03 20:51:32,Closed Won,73768.08,1
OPP-022289,ACC-000016,PROD-0035,142,Upsell,2024-06-29 03:08:13,2024-08-17 06:48:04,Closed Won,90696.16,1
OPP-022292,ACC-000015,PROD-0084,913,New Business,2025-05-19 17:41:28,2025-08-11 05:25:46,Closed Lost,44110.21,0
OPP-022302,ACC-000020,PROD-0022,602,Renewal,2024-12-19 09:28:51,2025-03-08 22:49:39,Closed Lost,62874.42,0
OPP-022303,ACC-000028,PROD-0079,942,Cross-sell,2023-06-30 06:00:03,2023-11-14 08:09:58,Closed Won,48466.98,1
OPP-022309,ACC-000060,PROD-0046,73,New Business,2025-06-16 23:05:06,2025-07-14 07:12:36,Closed Lost,43828.72,0
OPP-022315,ACC-000024,PROD-0019,1000,Renewal,2025-02-19 20:10:57,2025-05-24 03:35:24,Closed Won,73140.84,1
OPP-022333,ACC-000008,PROD-0095,238,Expansion,2025-01-02 10:04:42,2025-01-12 11:40:24,Closed Lost,91892.59,0
OPP-022336,ACC-000026,PROD-0009,267,Renewal,2024-09-07 21:03:54,2024-10-18 17:34:53,Closed Won,45159.24,1
OPP-022374,ACC-000011,PROD-0009,575,New Business,2023-11-17 02:36:30,2024-02-08 04:00:30,Closed Lost,96983.07,0
OPP-022382,ACC-000018,PROD-0018,793,Cross-sell,2024-07-26 03:52:42,2024-10-21 03:23:29,Closed Lost,37159.87,0
OPP-022388,ACC-000007,PROD-0084,831,Cross-sell,2025-01-21 19:31:34,2025-02-03 16:42:09,Closed Lost,55284.27,0
OPP-022389,ACC-000039,PROD-0011,987,Expansion,2024-09-25 03:09:14,2024-10-09 16:06:38,Closed Won,18330.18,1
OPP-022393,ACC-000023,PROD-0002,898,Upsell,2025-06-13 17:24:36,2025-10-24 00:34:19,Closed Lost,59391.94,0
OPP-022394,ACC-000001,PROD-0043,754,Renewal,2025-04-20 22:43:10,2025-10-09 18:13:53,Closed Won,79188.42,1
OPP-022403,ACC-000043,PROD-0094,232,New Business,2024-02-10 01:02:59,2024-02-26 14:18:21,Closed Lost,80361.83,0
OPP-022404,ACC-000036,PROD-0056,567,Renewal,2024-05-08 21:24:16,2024-08-27 22:11:11,Closed Won,7451.62,1
OPP-022406,ACC-000059,PROD-0040,45,Upsell,2023-10-10 00:11:19,2023-11-11 00:37:22,Closed Lost,38712.55,0
OPP-022409,ACC-000031,PROD-0026,858,Renewal,2023-11-18 09:06:01,2023-12-19 06:24:44,Closed Won,26156.81,1
OPP-022420,ACC-000024,PROD-0058,291,Cross-sell,2023-06-09 08:05:56,2023-10-31 13:16:25,Closed Lost,60034.52,0
OPP-022421,ACC-000017,PROD-0033,598,Cross-sell,2025-05-19 01:46:55,2025-05-21 06:05:50,Closed Won,35145.44,1
OPP-022438,ACC-000021,PROD-0095,974,Expansion,2024-05-30 17:34:29,2024-10-07 20:05:11,Closed Lost,68378.36,0
OPP-022440,ACC-000061,PROD-0014,556,New Business,2025-04-02 05:56:58,2025-04-20 03:51:20,Closed Won,59120.2,1
OPP-022442,ACC-000026,PROD-0074,609,Renewal,2024-10-08 09:46:34,2024-11-24 12:09:54,Closed Lost,89547.98,0
OPP-022455,ACC-000003,PROD-0011,517,New Business,2024-02-01 22:39:41,2024-04-24 05:13:50,Closed Lost,83934.72,0
OPP-022475,ACC-000057,PROD-0088,342,New Business,2024-08-25 00:06:12,2025-01-23 15:28:16,Closed Won,99626.62,1
OPP-022477,ACC-000010,PROD-0011,251,Expansion,2024-04-16 19:25:58,2024-09-17 12:05:16,Closed Lost,7635.83,0
OPP-022481,ACC-000040,PROD-0022,722,New Business,2024-06-15 21:44:36,2024-07-15 09:24:21,Closed Won,65194.23,1
OPP-022482,ACC-000061,PROD-0056,867,Upsell,2024-10-26 15:00:03,2025-04-14 20:47:21,Closed Won,29872.4,1
OPP-022485,ACC-000057,PROD-0046,819,Upsell,2024-12-26 13:04:51,2025-05-20 07:30:20,Closed Won,3042.13,1
OPP-022488,ACC-000021,PROD-0045,580,Renewal,2024-07-28 07:43:37,2024-11-10 22:36:38,Closed Won,94367.25,1
OPP-022494,ACC-000011,PROD-0094,972,Expansion,2025-06-08 06:33:55,2025-06-10 08:34:18,Closed Won,53152.45,1
OPP-022497,ACC-000038,PROD-0073,961,Expansion,2024-03-20 03:57:20,2024-05-12 19:16:36,Closed Won,10520.66,1
OPP-022503,ACC-000030,PROD-0031,994,Renewal,2025-03-31 07:24:21,2025-08-04 14:15:18,Closed Won,36744.46,1
OPP-022520,ACC-000037,PROD-0079,177,Expansion,2024-07-25 06:25:32,2024-12-01 01:43:08,Closed Won,49550.98,1
OPP-022529,ACC-000051,PROD-0019,752,Expansion,2024-10-14 01:02:10,2024-10-24 01:11:19,Closed Won,22808.89,1
OPP-022533,ACC-000011,PROD-0062,590,Expansion,2025-06-23 00:28:47,2025-10-18 08:22:52,Closed Lost,56487.14,0
OPP-022536,ACC-000031,PROD-0043,300,Upsell,2024-03-04 12:03:31,2024-05-02 10:26:29,Closed Lost,65371.53,0
OPP-022538,ACC-000038,PROD-0017,749,Cross-sell,2025-03-26 08:22:26,2025-04-05 15:42:58,Closed Lost,7555.71,0
OPP-022541,ACC-000049,PROD-0050,622,Renewal,2023-09-03 18:22:19,2024-01-04 22:12:30,Closed Won,63717,1
OPP-022545,ACC-000050,PROD-0081,231,Expansion,2025-04-23 23:04:21,2025-10-10 03:42:39,Closed Won,69096.62,1
OPP-022550,ACC-000003,PROD-0072,647,Expansion,2023-09-27 20:48:01,2023-10-31 00:34:21,Closed Won,94628.46,1
OPP-022559,ACC-000022,PROD-0047,954,Upsell,2023-09-24 13:57:17,2023-11-27 22:23:06,Closed Lost,64527.65,0
OPP-022560,ACC-000003,PROD-0077,56,New Business,2024-09-09 04:14:05,2024-09-16 00:56:01,Closed Lost,80437.11,0
OPP-022561,ACC-000033,PROD-0100,573,Upsell,2024-04-19 15:27:07,2024-10-02 19:48:36,Closed Won,72665.47,1
OPP-022565,ACC-000062,PROD-0096,749,New Business,2023-08-26 04:00:27,2024-01-02 06:45:48,Closed Won,52078.48,1
OPP-022568,ACC-000004,PROD-0062,370,Cross-sell,2023-11-23 04:28:33,2023-12-29 21:16:56,Closed Won,39914.49,1
OPP-022569,ACC-000027,PROD-0094,486,Expansion,2024-03-21 05:47:10,2024-07-25 20:18:22,Closed Won,99032.21,1
OPP-022577,ACC-000005,PROD-0088,515,Upsell,2024-05-28 08:08:57,2024-06-20 03:39:36,Closed Won,93835.63,1
OPP-022580,ACC-000016,PROD-0082,773,Upsell,2025-04-02 16:27:09,2025-09-24 08:24:29,Closed Lost,40911.35,0
OPP-022582,ACC-000002,PROD-0014,723,Expansion,2025-02-21 07:53:42,2025-03-15 17:21:53,Closed Lost,87919.07,0
OPP-022590,ACC-000014,PROD-0092,741,New Business,2025-01-24 12:14:59,2025-01-28 18:16:41,Closed Won,36761.71,1
OPP-022612,ACC-000043,PROD-0074,443,New Business,2024-04-04 19:18:15,2024-05-11 12:14:56,Closed Won,33109.91,1
OPP-022619,ACC-000008,PROD-0085,782,New Business,2025-03-18 21:46:08,2025-06-21 23:56:57,Closed Lost,17838.39,0
OPP-022624,ACC-000010,PROD-0056,771,Expansion,2024-08-14 13:46:14,2025-01-07 12:08:50,Closed Lost,42331.85,0
OPP-022632,ACC-000016,PROD-0007,151,New Business,2025-03-21 19:07:38,2025-06-03 09:47:26,Closed Won,93282.81,1
OPP-022643,ACC-000027,PROD-0082,657,Upsell,2025-05-11 09:19:41,2025-07-03 02:11:24,Closed Lost,30396.82,0
OPP-022647,ACC-000062,PROD-0015,521,Cross-sell,2024-12-27 22:20:17,2025-06-05 10:51:45,Closed Lost,47973.21,0
OPP-022649,ACC-000056,PROD-0038,417,Renewal,2024-06-26 12:48:10,2024-07-08 22:49:29,Closed Won,81910.46,1
OPP-022651,ACC-000005,PROD-0077,615,Expansion,2024-02-01 05:51:00,2024-04-15 09:30:15,Closed Won,80355.01,1
OPP-022657,ACC-000042,PROD-0061,814,Renewal,2025-05-25 02:05:29,2025-10-19 12:59:06,Closed Won,77247.27,1
OPP-022662,ACC-000039,PROD-0033,101,Renewal,2025-01-30 09:32:28,2025-06-28 22:01:27,Closed Lost,84069.3,0
OPP-022663,ACC-000051,PROD-0090,634,Expansion,2025-04-13 07:25:40,2025-08-26 05:41:23,Closed Lost,72046.82,0
OPP-022685,ACC-000058,PROD-0047,274,New Business,2025-03-16 19:46:24,2025-06-03 12:24:39,Closed Won,87791.07,1
OPP-022686,ACC-000004,PROD-0076,777,New Business,2025-01-03 09:05:52,2025-05-20 15:11:36,Closed Won,39913.68,1
OPP-022690,ACC-000020,PROD-0024,892,Expansion,2025-04-24 21:42:43,2025-08-02 22:34:52,Closed Lost,72208.2,0
OPP-022694,ACC-000013,PROD-0006,86,Expansion,2025-03-17 17:11:11,2025-08-04 21:56:51,Closed Lost,55727,0
OPP-022724,ACC-000035,PROD-0010,100,Cross-sell,2023-07-21 08:59:45,2024-01-15 08:17:33,Closed Won,32460.81,1
OPP-022725,ACC-000033,PROD-0072,927,Renewal,2025-02-16 06:20:58,2025-08-08 14:14:15,Closed Won,17071.28,1
OPP-022737,ACC-000031,PROD-0043,227,Cross-sell,2024-02-16 12:37:38,2024-03-13 12:55:45,Closed Lost,55143.04,0
OPP-022753,ACC-000036,PROD-0023,861,Expansion,2024-01-01 02:50:29,2024-06-26 13:36:08,Closed Won,99005.99,1
OPP-022755,ACC-000011,PROD-0036,225,Upsell,2024-01-17 21:50:40,2024-05-25 13:06:15,Closed Won,27437.03,1
OPP-022782,ACC-000009,PROD-0022,336,Expansion,2024-10-23 19:06:27,2025-01-17 00:53:38,Closed Lost,66458.09,0
OPP-022791,ACC-000044,PROD-0076,505,Renewal,2024-12-03 22:44:36,2025-01-22 18:40:20,Closed Won,53632.28,1
OPP-022814,ACC-000040,PROD-0012,164,Upsell,2024-04-16 02:06:42,2024-08-30 16:52:08,Closed Lost,41847.13,0
OPP-022816,ACC-000054,PROD-0055,77,Renewal,2025-06-12 04:38:16,2025-08-29 15:37:43,Closed Lost,28477.56,0
OPP-022826,ACC-000057,PROD-0017,618,Cross-sell,2024-04-20 22:05:02,2024-06-04 23:10:58,Closed Won,57644.68,1
OPP-022831,ACC-000006,PROD-0014,534,Expansion,2025-06-21 06:16:17,2025-10-09 18:48:32,Closed Lost,53640.02,0
OPP-022840,ACC-000037,PROD-0057,444,New Business,2023-12-08 15:59:37,2024-03-14 22:09:06,Closed Won,14946.16,1
OPP-022844,ACC-000025,PROD-0052,383,Cross-sell,2025-01-29 02:01:52,2025-05-15 15:13:23,Closed Lost,43976.89,0
OPP-022849,ACC-000016,PROD-0036,36,Expansion,2023-10-15 15:50:18,2024-01-09 02:03:14,Closed Lost,10135.23,0
OPP-022850,ACC-000024,PROD-0004,11,New Business,2024-03-25 15:43:22,2024-05-29 04:42:06,Closed Lost,50702.94,0
OPP-022851,ACC-000041,PROD-0077,156,Cross-sell,2025-01-12 07:37:48,2025-05-23 16:24:10,Closed Won,65257.41,1
OPP-022854,ACC-000002,PROD-0016,454,Renewal,2024-08-24 16:02:18,2025-01-25 06:37:04,Closed Lost,2815.07,0
OPP-022855,ACC-000052,PROD-0077,200,Renewal,2024-04-29 22:06:45,2024-09-13 07:44:29,Closed Lost,82201.69,0
OPP-022858,ACC-000012,PROD-0040,750,New Business,2025-05-10 00:26:45,2025-05-13 05:22:15,Closed Won,8503.16,1
OPP-022866,ACC-000060,PROD-0043,170,Upsell,2025-01-10 11:55:09,2025-02-25 13:42:42,Closed Won,75487.16,1
OPP-022869,ACC-000059,PROD-0080,934,Renewal,2025-06-16 03:24:12,2025-09-19 05:14:25,Closed Won,89840.5,1
OPP-022873,ACC-000037,PROD-0064,314,Expansion,2024-11-22 22:47:21,2024-12-13 19:33:52,Closed Lost,42852.57,0
OPP-022878,ACC-000051,PROD-0056,44,Cross-sell,2024-02-17 09:27:05,2024-05-06 04:44:59,Closed Won,92549.79,1
OPP-022885,ACC-000018,PROD-0014,325,Renewal,2023-10-23 12:13:18,2024-04-20 09:24:14,Closed Won,73991.01,1
OPP-022886,ACC-000007,PROD-0043,528,Expansion,2024-12-17 21:21:17,2024-12-25 11:35:51,Closed Won,58846.2,1
OPP-022893,ACC-000015,PROD-0060,209,Upsell,2025-03-25 14:09:07,2025-03-27 10:15:21,Closed Won,63029.93,1
OPP-022896,ACC-000011,PROD-0032,826,Upsell,2024-04-17 02:37:16,2024-06-27 21:17:33,Closed Won,57308.86,1
OPP-022909,ACC-000010,PROD-0096,955,Upsell,2024-09-17 14:40:14,2025-02-14 01:24:41,Closed Won,89856.8,1
OPP-022910,ACC-000051,PROD-0035,486,Expansion,2024-04-05 20:31:53,2024-10-01 14:22:49,Closed Won,8990.81,1
OPP-022912,ACC-000036,PROD-0032,92,Upsell,2024-03-21 19:33:23,2024-08-19 13:48:50,Closed Won,82067.15,1
OPP-022918,ACC-000062,PROD-0072,286,Expansion,2024-11-15 04:29:25,2025-01-14 20:51:43,Closed Lost,50546.87,0
OPP-022947,ACC-000030,PROD-0086,907,Cross-sell,2024-04-23 21:08:31,2024-05-29 16:55:14,Closed Won,81407.65,1
OPP-022950,ACC-000057,PROD-0044,537,Expansion,2024-06-12 05:34:19,2024-08-16 23:54:55,Closed Won,38684.97,1
OPP-022951,ACC-000038,PROD-0062,779,Upsell,2025-01-13 02:22:24,2025-05-14 21:10:02,Closed Lost,11606.35,0
OPP-022953,ACC-000004,PROD-0036,616,Expansion,2025-01-16 23:32:50,2025-05-11 08:23:09,Closed Won,63990.23,1
OPP-022958,ACC-000048,PROD-0037,464,Renewal,2023-09-07 14:02:51,2023-12-11 14:57:08,Closed Won,37076.09,1
OPP-022974,ACC-000055,PROD-0057,807,New Business,2024-01-30 12:25:24,2024-01-31 12:49:17,Closed Lost,28190.99,0
OPP-022975,ACC-000021,PROD-0096,995,Expansion,2024-10-21 20:11:50,2024-12-14 10:50:21,Closed Lost,69212.83,0
OPP-022994,ACC-000048,PROD-0039,516,Upsell,2024-10-18 05:00:33,2025-03-15 05:08:38,Closed Won,78306.63,1
OPP-022998,ACC-000012,PROD-0047,341,New Business,2023-06-30 13:58:19,2023-10-31 21:24:06,Closed Lost,31453.36,0
OPP-023002,ACC-000003,PROD-0024,898,Expansion,2023-11-11 09:43:56,2024-04-26 02:32:53,Closed Lost,13133.99,0
OPP-023003,ACC-000051,PROD-0093,32,New Business,2024-10-24 04:47:38,2025-01-02 13:50:20,Closed Won,83130.83,1
OPP-023020,ACC-000049,PROD-0013,670,New Business,2024-12-13 23:43:31,2024-12-29 05:40:31,Closed Lost,13739.79,0
OPP-023021,ACC-000043,PROD-0086,396,Renewal,2023-11-12 22:18:59,2024-04-16 06:17:13,Closed Lost,60572.41,0
OPP-023030,ACC-000015,PROD-0010,179,Cross-sell,2024-08-15 20:23:40,2025-01-20 16:49:52,Closed Lost,47117.86,0
OPP-023037,ACC-000008,PROD-0088,256,New Business,2024-02-15 09:29:01,2024-05-02 14:12:10,Closed Won,89122.01,1
OPP-023043,ACC-000020,PROD-0019,492,Upsell,2025-05-30 13:52:28,2025-08-16 22:25:15,Closed Won,24224.29,1
OPP-023053,ACC-000035,PROD-0045,966,Renewal,2023-12-28 17:42:07,2024-02-15 11:21:09,Closed Won,50921.26,1
OPP-023061,ACC-000051,PROD-0047,82,Expansion,2025-04-15 11:17:41,2025-06-16 00:11:36,Closed Won,33759.48,1
OPP-023069,ACC-000003,PROD-0033,974,New Business,2024-07-08 09:10:10,2024-10-23 09:23:44,Closed Lost,61950.69,0
OPP-023075,ACC-000031,PROD-0078,945,Renewal,2024-05-21 10:13:42,2024-07-02 00:16:02,Closed Lost,26460.03,0
OPP-023085,ACC-000013,PROD-0041,81,New Business,2023-09-04 15:24:03,2023-11-16 19:51:58,Closed Lost,98101.19,0
OPP-023087,ACC-000018,PROD-0021,243,Expansion,2024-12-24 14:10:03,2025-04-10 05:20:09,Closed Won,22043.44,1
OPP-023088,ACC-000044,PROD-0076,713,Upsell,2023-11-07 05:48:26,2024-01-24 18:52:02,Closed Won,61890.4,1
OPP-023103,ACC-000023,PROD-0045,843,New Business,2024-01-29 04:36:46,2024-06-13 16:39:50,Closed Won,99277.82,1
OPP-023113,ACC-000057,PROD-0005,300,Upsell,2024-07-24 17:49:03,2024-09-09 17:03:33,Closed Lost,10216.07,0
OPP-023115,ACC-000015,PROD-0035,557,Expansion,2024-07-22 08:19:46,2024-10-12 10:07:50,Closed Lost,49299.27,0
OPP-023125,ACC-000045,PROD-0094,86,Upsell,2025-05-08 22:03:45,2025-08-16 09:55:11,Closed Won,54879.24,1
OPP-023128,ACC-000010,PROD-0096,1,Upsell,2024-09-24 10:23:44,2025-02-21 16:25:59,Closed Lost,61339.41,0
OPP-023135,ACC-000036,PROD-0083,736,New Business,2024-01-24 14:12:16,2024-05-13 00:29:11,Closed Won,53021.4,1
OPP-023149,ACC-000002,PROD-0019,299,Renewal,2024-12-27 00:13:01,2025-05-11 12:41:32,Closed Lost,7477.71,0
OPP-023151,ACC-000009,PROD-0095,523,New Business,2025-04-04 11:59:03,2025-05-30 06:53:12,Closed Lost,2761.27,0
OPP-023165,ACC-000042,PROD-0012,322,Upsell,2023-10-10 22:47:06,2023-12-04 11:31:59,Closed Won,24712.81,1
OPP-023182,ACC-000012,PROD-0040,110,Upsell,2024-05-25 17:33:33,2024-10-04 06:24:17,Closed Won,24846.93,1
OPP-023186,ACC-000029,PROD-0001,89,Upsell,2024-01-17 14:27:14,2024-07-12 07:59:03,Closed Won,19989.64,1
OPP-023194,ACC-000050,PROD-0068,186,Cross-sell,2024-07-07 07:59:55,2024-08-31 09:58:36,Closed Won,49940.58,1
OPP-023196,ACC-000062,PROD-0040,878,Cross-sell,2024-07-31 00:14:16,2024-12-14 14:11:49,Closed Won,44755.34,1
OPP-023202,ACC-000036,PROD-0068,729,Upsell,2024-05-18 05:23:14,2024-10-16 05:51:01,Closed Lost,78156.98,0
OPP-023204,ACC-000033,PROD-0004,29,Expansion,2025-05-25 11:09:13,2025-09-27 20:26:15,Closed Won,79386,1
OPP-023209,ACC-000059,PROD-0032,308,Renewal,2024-09-06 18:24:49,2024-09-20 02:27:15,Closed Won,14275.4,1
OPP-023213,ACC-000025,PROD-0079,313,Cross-sell,2024-12-27 20:42:18,2025-04-27 18:52:01,Closed Won,98919.01,1
OPP-023218,ACC-000001,PROD-0036,504,Renewal,2023-12-11 06:09:19,2024-02-03 03:09:43,Closed Lost,18795.49,0
OPP-023220,ACC-000013,PROD-0052,883,Renewal,2024-11-10 22:41:21,2025-02-14 07:13:45,Closed Lost,99268.46,0
OPP-023221,ACC-000032,PROD-0027,159,New Business,2024-11-28 09:32:07,2025-02-12 15:21:02,Closed Lost,94259.72,0
OPP-023224,ACC-000060,PROD-0045,680,Upsell,2025-03-15 09:18:40,2025-06-03 12:08:35,Closed Won,33095.33,1
OPP-023227,ACC-000048,PROD-0092,952,Cross-sell,2024-06-24 20:03:16,2024-11-20 04:59:25,Closed Lost,69812.95,0
OPP-023240,ACC-000028,PROD-0069,187,New Business,2024-12-12 10:52:12,2025-03-31 07:47:58,Closed Won,89684.97,1
OPP-023241,ACC-000005,PROD-0058,147,Upsell,2025-05-07 21:11:29,2025-08-03 23:00:01,Closed Won,44827.84,1
OPP-023245,ACC-000020,PROD-0088,563,Expansion,2023-09-09 14:31:19,2023-11-27 12:38:40,Closed Lost,60227.95,0
OPP-023259,ACC-000032,PROD-0027,239,Renewal,2024-08-07 00:55:29,2024-11-19 03:06:23,Closed Lost,67521.46,0
OPP-023268,ACC-000050,PROD-0028,785,Upsell,2024-02-22 16:19:49,2024-06-08 12:18:04,Closed Lost,31701.23,0
OPP-023280,ACC-000019,PROD-0075,260,New Business,2024-08-22 08:00:23,2024-10-08 09:42:24,Closed Lost,45454.08,0
OPP-023288,ACC-000023,PROD-0015,497,Renewal,2024-06-02 05:05:24,2024-07-12 01:18:07,Closed Lost,75541.23,0
OPP-023290,ACC-000061,PROD-0008,917,Expansion,2023-06-13 06:18:30,2023-11-08 06:04:22,Closed Lost,64778.45,0
OPP-023292,ACC-000052,PROD-0066,195,Cross-sell,2023-11-28 14:06:01,2024-02-28 08:45:56,Closed Won,86338.55,1
OPP-023296,ACC-000019,PROD-0002,368,Expansion,2025-02-19 14:27:26,2025-03-14 08:56:45,Closed Won,74249.58,1
OPP-023315,ACC-000026,PROD-0086,845,Cross-sell,2024-12-09 21:56:25,2025-02-01 23:51:49,Closed Won,15428.45,1
OPP-023317,ACC-000045,PROD-0017,319,Renewal,2024-01-01 22:30:03,2024-01-29 13:15:25,Closed Lost,44524.11,0
OPP-023321,ACC-000053,PROD-0001,178,Upsell,2023-11-10 14:06:40,2024-03-08 01:29:54,Closed Lost,40056.18,0
OPP-023323,ACC-000034,PROD-0040,161,Renewal,2024-06-09 20:45:11,2024-08-05 06:24:33,Closed Won,34077.97,1
OPP-023329,ACC-000026,PROD-0083,713,Expansion,2023-11-11 12:31:18,2023-11-15 16:26:18,Closed Lost,64516.18,0
OPP-023330,ACC-000042,PROD-0032,694,Renewal,2024-03-04 05:00:36,2024-06-22 03:44:17,Closed Lost,7955.69,0
OPP-023333,ACC-000049,PROD-0080,352,New Business,2024-01-09 05:59:42,2024-03-25 20:12:58,Closed Won,61672.62,1
OPP-023347,ACC-000058,PROD-0005,216,Cross-sell,2024-01-12 03:54:00,2024-06-15 09:08:57,Closed Lost,76073.34,0
OPP-023348,ACC-000038,PROD-0008,870,Cross-sell,2024-05-28 23:16:40,2024-08-10 00:14:17,Closed Won,77819.93,1
OPP-023358,ACC-000027,PROD-0099,292,Renewal,2024-12-10 09:01:40,2025-02-28 16:15:27,Closed Won,65019.22,1
OPP-023364,ACC-000030,PROD-0092,452,Upsell,2023-10-18 04:02:03,2024-01-09 07:37:24,Closed Won,24910.69,1
OPP-023389,ACC-000059,PROD-0082,479,Cross-sell,2024-07-30 02:50:42,2024-12-01 09:15:59,Closed Lost,95418.01,0
OPP-023393,ACC-000029,PROD-0051,476,New Business,2024-12-06 06:04:01,2024-12-25 11:37:23,Closed Lost,76379.07,0
OPP-023430,ACC-000007,PROD-0005,857,Renewal,2024-08-13 21:10:50,2024-08-30 09:47:00,Closed Lost,25974.16,0
OPP-023431,ACC-000017,PROD-0057,836,New Business,2024-09-18 19:35:14,2025-01-22 16:07:05,Closed Lost,52067.82,0
OPP-023432,ACC-000015,PROD-0085,598,Upsell,2025-06-16 00:20:23,2025-09-26 21:40:43,Closed Lost,18981.2,0
OPP-023434,ACC-000053,PROD-0053,793,New Business,2023-12-09 16:51:40,2024-03-22 21:54:37,Closed Lost,47170.3,0
OPP-023446,ACC-000020,PROD-0099,601,Cross-sell,2025-04-03 15:26:02,2025-04-28 12:54:48,Closed Lost,53240.67,0
OPP-023447,ACC-000033,PROD-0095,850,New Business,2023-11-05 18:14:29,2023-12-22 09:39:38,Closed Lost,97034.36,0
OPP-023454,ACC-000052,PROD-0037,633,Renewal,2024-02-27 21:29:13,2024-07-08 02:29:19,Closed Won,60371.65,1
OPP-023460,ACC-000004,PROD-0019,161,New Business,2024-05-30 06:26:50,2024-08-30 06:46:55,Closed Lost,44245.68,0
OPP-023465,ACC-000001,PROD-0048,913,Upsell,2024-06-10 18:20:47,2024-09-12 15:14:24,Closed Lost,51835.17,0
OPP-023476,ACC-000024,PROD-0086,580,Renewal,2024-12-01 04:48:03,2025-04-05 22:33:02,Closed Lost,23323.74,0
OPP-023480,ACC-000052,PROD-0052,583,Renewal,2024-01-22 00:43:15,2024-04-01 21:53:11,Closed Won,62477.05,1
OPP-023486,ACC-000036,PROD-0060,616,Expansion,2025-02-08 11:32:27,2025-07-18 04:48:23,Closed Lost,7758.32,0
OPP-023488,ACC-000050,PROD-0033,965,Cross-sell,2024-06-04 18:22:13,2024-10-20 22:45:02,Closed Won,57922.85,1
OPP-023490,ACC-000041,PROD-0060,595,Renewal,2024-06-17 19:32:05,2024-09-19 20:06:24,Closed Won,56569.08,1
OPP-023492,ACC-000053,PROD-0074,792,Cross-sell,2024-10-31 18:55:40,2025-03-14 08:07:54,Closed Lost,13183.3,0
OPP-023495,ACC-000029,PROD-0009,801,Expansion,2025-02-24 11:37:54,2025-05-15 02:28:27,Closed Won,51805.32,1
OPP-023501,ACC-000037,PROD-0063,615,New Business,2025-05-30 03:57:10,2025-06-26 01:30:30,Closed Lost,24840.73,0
OPP-023506,ACC-000048,PROD-0062,1000,Upsell,2024-12-16 08:55:14,2025-03-04 00:44:35,Closed Won,7619.64,1
OPP-023513,ACC-000027,PROD-0020,596,Expansion,2024-04-07 13:40:12,2024-05-14 20:22:07,Closed Lost,85695.2,0
OPP-023522,ACC-000002,PROD-0014,880,Upsell,2024-07-04 03:12:51,2024-08-05 02:19:19,Closed Won,55845.2,1
OPP-023524,ACC-000062,PROD-0098,437,Expansion,2024-07-22 11:56:57,2024-11-04 08:50:43,Closed Lost,69759.59,0
OPP-023525,ACC-000028,PROD-0025,364,Upsell,2025-03-07 03:12:45,2025-05-12 19:05:42,Closed Won,52818.57,1
OPP-023530,ACC-000007,PROD-0067,397,Cross-sell,2024-05-29 06:03:17,2024-07-04 15:55:05,Closed Won,46764.27,1
OPP-023555,ACC-000055,PROD-0026,855,Expansion,2024-05-08 12:36:14,2024-08-11 08:48:42,Closed Won,9844.59,1
OPP-023564,ACC-000048,PROD-0076,749,New Business,2025-04-21 13:05:47,2025-07-07 01:59:11,Closed Won,49061,1
OPP-023567,ACC-000057,PROD-0002,206,Renewal,2025-06-06 00:47:55,2025-08-31 23:18:13,Closed Lost,23686.19,0
OPP-023571,ACC-000037,PROD-0064,308,Upsell,2024-06-04 00:35:05,2024-10-01 08:22:12,Closed Lost,48385.77,0
OPP-023572,ACC-000017,PROD-0054,23,Expansion,2024-02-20 08:05:12,2024-03-05 19:42:02,Closed Won,79904.94,1
OPP-023586,ACC-000027,PROD-0036,137,Cross-sell,2024-09-18 15:44:22,2024-12-12 15:19:00,Closed Lost,2862.78,0
OPP-023589,ACC-000039,PROD-0080,269,Upsell,2024-10-20 20:02:03,2024-11-20 01:38:16,Closed Lost,15846.13,0
OPP-023590,ACC-000040,PROD-0070,908,Renewal,2025-05-17 19:36:51,2025-06-12 17:26:48,Closed Won,85265.26,1
OPP-023601,ACC-000002,PROD-0040,392,Cross-sell,2024-06-19 17:46:58,2024-06-27 07:09:43,Closed Won,78481.83,1
OPP-023603,ACC-000033,PROD-0028,860,New Business,2025-06-10 01:41:33,2025-08-08 01:54:40,Closed Lost,86533.3,0
OPP-023621,ACC-000055,PROD-0006,660,Expansion,2024-11-16 08:18:38,2025-01-15 10:09:02,Closed Lost,57262.26,0
OPP-023624,ACC-000059,PROD-0006,903,Upsell,2024-08-02 08:46:54,2025-01-10 09:19:36,Closed Won,67766.59,1
OPP-023628,ACC-000050,PROD-0023,20,Renewal,2024-11-08 11:31:49,2025-03-26 23:19:35,Closed Lost,32805.31,0
OPP-023636,ACC-000045,PROD-0092,479,Renewal,2024-05-12 18:22:22,2024-09-16 14:17:21,Closed Won,35943.34,1
OPP-023637,ACC-000034,PROD-0062,256,Upsell,2025-03-08 19:19:38,2025-06-02 03:26:46,Closed Won,96823.88,1
OPP-023649,ACC-000059,PROD-0016,1,New Business,2025-06-05 23:31:03,2025-08-29 10:03:51,Closed Lost,99284.69,0
OPP-023659,ACC-000038,PROD-0076,88,Renewal,2023-08-27 06:38:19,2024-01-03 21:27:31,Closed Won,5287.53,1
OPP-023663,ACC-000027,PROD-0045,576,New Business,2024-12-07 04:47:00,2025-02-24 13:24:57,Closed Lost,95838.55,0
OPP-023674,ACC-000050,PROD-0083,137,New Business,2024-01-08 21:24:24,2024-04-13 04:56:18,Closed Lost,80042.98,0
OPP-023675,ACC-000003,PROD-0035,501,Upsell,2024-03-27 14:45:17,2024-07-20 10:38:06,Closed Lost,20419.25,0
OPP-023685,ACC-000015,PROD-0004,935,Upsell,2023-07-21 01:39:56,2023-12-14 10:12:55,Closed Lost,13254.59,0
OPP-023688,ACC-000045,PROD-0095,586,Upsell,2023-10-18 01:09:04,2024-03-04 12:59:04,Closed Won,95570.35,1
OPP-023696,ACC-000050,PROD-0040,903,New Business,2024-06-29 09:45:58,2024-10-06 16:17:53,Closed Lost,71830.73,0
OPP-023702,ACC-000037,PROD-0076,282,Expansion,2025-04-09 04:30:33,2025-06-10 08:29:16,Closed Lost,38271.32,0
OPP-023713,ACC-000004,PROD-0052,658,Expansion,2025-03-14 18:54:30,2025-06-08 13:13:56,Closed Lost,4642.55,0
OPP-023728,ACC-000014,PROD-0014,21,New Business,2023-12-25 11:05:45,2024-05-11 03:27:18,Closed Won,2599.92,1
OPP-023730,ACC-000032,PROD-0090,354,Cross-sell,2025-03-27 09:53:50,2025-07-10 00:58:04,Closed Won,18757.59,1
OPP-023731,ACC-000004,PROD-0060,583,Cross-sell,2024-11-30 23:59:13,2025-04-07 09:28:40,Closed Lost,81711.37,0
OPP-023733,ACC-000018,PROD-0059,364,Renewal,2025-03-06 10:43:27,2025-08-31 04:42:04,Closed Lost,18817.7,0
OPP-023735,ACC-000010,PROD-0048,10,Cross-sell,2024-02-10 08:48:38,2024-04-07 08:27:48,Closed Lost,61776,0
OPP-023742,ACC-000026,PROD-0053,830,Upsell,2024-06-19 16:17:06,2024-07-04 21:34:52,Closed Lost,78634.94,0
OPP-023746,ACC-000002,PROD-0069,311,New Business,2024-08-23 03:51:44,2025-01-06 21:29:35,Closed Lost,91713.56,0
OPP-023748,ACC-000052,PROD-0052,827,New Business,2025-03-19 21:21:32,2025-04-21 14:37:14,Closed Lost,27471.83,0
OPP-023750,ACC-000005,PROD-0053,37,Renewal,2025-05-11 14:47:09,2025-06-19 02:44:12,Closed Lost,83934.45,0
OPP-023751,ACC-000029,PROD-0019,813,New Business,2024-12-18 03:32:42,2025-04-13 00:30:00,Closed Won,11001.07,1
OPP-023752,ACC-000051,PROD-0095,610,Expansion,2023-10-01 12:52:37,2024-02-16 02:01:18,Closed Lost,18750.15,0
OPP-023753,ACC-000055,PROD-0062,479,Renewal,2025-05-20 15:04:05,2025-07-19 16:40:35,Closed Lost,10421.33,0
OPP-023769,ACC-000014,PROD-0094,28,New Business,2025-02-03 17:18:08,2025-05-15 09:52:53,Closed Won,63343.47,1
OPP-023779,ACC-000034,PROD-0029,503,Cross-sell,2024-03-23 09:00:57,2024-07-08 09:43:44,Closed Lost,62914.44,0
OPP-023798,ACC-000036,PROD-0049,763,Expansion,2024-03-22 13:23:51,2024-06-03 10:05:07,Closed Lost,59786.4,0
OPP-023801,ACC-000052,PROD-0036,955,New Business,2023-06-24 20:49:56,2023-11-18 00:52:11,Closed Won,1172.49,1
OPP-023802,ACC-000051,PROD-0026,149,Cross-sell,2023-12-08 17:34:57,2024-04-04 03:15:39,Closed Lost,55932.67,0
OPP-023803,ACC-000058,PROD-0035,229,Renewal,2023-10-09 23:09:30,2024-03-27 20:54:30,Closed Lost,23127.47,0
OPP-023817,ACC-000026,PROD-0061,80,New Business,2025-04-01 04:30:10,2025-08-11 21:28:24,Closed Won,38263.83,1
OPP-023818,ACC-000038,PROD-0058,933,Upsell,2023-10-17 21:10:09,2023-12-04 18:22:11,Closed Won,99256.23,1
OPP-023820,ACC-000007,PROD-0023,459,Upsell,2024-02-18 02:23:25,2024-08-03 17:19:59,Closed Lost,6471.86,0
OPP-023829,ACC-000049,PROD-0015,315,Upsell,2023-10-20 02:21:26,2023-11-01 14:58:00,Closed Lost,81502.2,0
OPP-023831,ACC-000049,PROD-0016,310,New Business,2025-03-26 16:37:48,2025-04-24 00:22:51,Closed Won,92229.5,1
OPP-023851,ACC-000040,PROD-0094,999,Expansion,2025-06-07 06:55:44,2025-09-17 19:04:00,Closed Won,50196.82,1
OPP-023856,ACC-000014,PROD-0039,320,Upsell,2024-09-19 02:12:52,2024-11-28 16:49:26,Closed Won,26802.08,1
OPP-023875,ACC-000050,PROD-0030,168,Upsell,2025-02-17 01:36:41,2025-03-15 20:28:08,Closed Lost,95657.49,0
OPP-023891,ACC-000039,PROD-0020,125,Expansion,2023-12-30 03:06:54,2024-04-27 21:28:54,Closed Won,23296.5,1
OPP-023893,ACC-000003,PROD-0024,750,Cross-sell,2025-06-16 20:45:05,2025-08-14 08:42:21,Closed Won,50693.74,1
OPP-023903,ACC-000041,PROD-0089,513,Expansion,2023-10-06 18:00:05,2023-12-29 10:22:33,Closed Won,60774.57,1
OPP-023909,ACC-000047,PROD-0037,166,Cross-sell,2024-12-24 07:15:07,2025-03-26 13:23:12,Closed Won,94586.52,1
OPP-023910,ACC-000042,PROD-0010,423,Cross-sell,2025-03-06 19:38:10,2025-03-15 22:53:17,Closed Won,54172.87,1
OPP-023921,ACC-000026,PROD-0074,317,Upsell,2024-12-07 16:37:40,2025-01-29 16:34:42,Closed Lost,11053.41,0
OPP-023924,ACC-000028,PROD-0039,877,Upsell,2023-09-03 00:22:00,2024-01-06 20:54:24,Closed Won,69343.26,1
OPP-023928,ACC-000035,PROD-0074,962,Cross-sell,2024-06-10 04:14:11,2024-08-14 19:07:29,Closed Won,19311.68,1
OPP-023931,ACC-000043,PROD-0050,231,Renewal,2024-02-03 10:44:28,2024-06-26 08:12:40,Closed Won,25173.53,1
OPP-023936,ACC-000049,PROD-0097,764,New Business,2024-10-17 09:08:04,2025-04-05 19:58:46,Closed Lost,26974.19,0
OPP-023941,ACC-000002,PROD-0033,100,Upsell,2024-05-01 05:34:59,2024-08-22 13:03:32,Closed Lost,91622.66,0
OPP-023943,ACC-000020,PROD-0014,201,Renewal,2023-12-22 14:25:11,2024-05-21 03:36:58,Closed Won,66362.63,1
OPP-023945,ACC-000018,PROD-0088,446,Renewal,2024-03-15 14:58:34,2024-03-29 11:33:12,Closed Won,45863.38,1
OPP-023947,ACC-000007,PROD-0022,638,Renewal,2024-01-28 03:19:02,2024-04-30 11:54:55,Closed Won,28168.79,1
OPP-023953,ACC-000043,PROD-0022,327,Expansion,2025-04-19 09:49:18,2025-08-10 05:30:25,Closed Lost,12220.94,0
OPP-023961,ACC-000059,PROD-0081,956,Renewal,2023-11-08 02:31:37,2023-12-31 06:52:53,Closed Lost,79724.69,0
OPP-023965,ACC-000060,PROD-0060,632,Cross-sell,2024-01-31 05:32:33,2024-03-24 17:14:24,Closed Won,11106.08,1
OPP-023975,ACC-000037,PROD-0064,563,Cross-sell,2024-06-06 11:19:14,2024-09-11 00:52:23,Closed Lost,82132.02,0
OPP-023978,ACC-000057,PROD-0088,868,Cross-sell,2023-12-05 18:05:35,2024-02-07 06:06:25,Closed Lost,56102.61,0
OPP-023979,ACC-000018,PROD-0035,834,Cross-sell,2023-08-11 14:24:28,2023-12-14 22:02:54,Closed Lost,96935.01,0
OPP-023989,ACC-000039,PROD-0075,556,Expansion,2024-02-29 00:55:43,2024-07-26 20:41:46,Closed Lost,26619.5,0
OPP-024000,ACC-000048,PROD-0038,406,New Business,2024-04-04 08:35:57,2024-09-21 16:00:28,Closed Lost,91267.8,0
OPP-024016,ACC-000037,PROD-0059,107,Cross-sell,2025-01-25 20:18:14,2025-07-14 23:28:42,Closed Won,97765.94,1
OPP-024020,ACC-000039,PROD-0036,371,Cross-sell,2025-01-30 06:38:49,2025-04-01 21:30:21,Closed Won,15420.51,1
OPP-024025,ACC-000031,PROD-0055,934,Renewal,2024-08-27 11:51:14,2024-11-21 22:29:19,Closed Lost,44528.4,0
OPP-024029,ACC-000060,PROD-0013,231,Expansion,2023-10-03 22:08:16,2023-12-28 17:42:35,Closed Lost,37083.33,0
OPP-024043,ACC-000037,PROD-0026,236,Renewal,2023-09-18 12:40:57,2024-02-06 15:44:35,Closed Lost,3121.15,0
OPP-024049,ACC-000034,PROD-0040,320,Renewal,2024-07-27 03:00:16,2024-08-22 04:49:25,Closed Lost,49749.59,0
OPP-024051,ACC-000022,PROD-0012,726,Renewal,2024-01-26 12:59:03,2024-03-29 16:17:32,Closed Won,91543.88,1
OPP-024054,ACC-000055,PROD-0072,681,New Business,2023-09-14 08:43:24,2024-03-03 00:53:20,Closed Lost,8614.77,0
OPP-024056,ACC-000005,PROD-0095,506,New Business,2024-06-14 06:50:38,2024-09-23 03:40:09,Closed Lost,8020.12,0
OPP-024058,ACC-000047,PROD-0033,394,Upsell,2025-06-24 00:29:24,2025-08-17 16:51:27,Closed Lost,86629.82,0
OPP-024064,ACC-000011,PROD-0091,91,Cross-sell,2024-10-01 05:10:15,2024-11-13 21:26:03,Closed Lost,50147.29,0
OPP-024071,ACC-000023,PROD-0056,740,Upsell,2024-07-25 01:08:58,2024-11-09 13:58:45,Closed Lost,5004.91,0
OPP-024073,ACC-000049,PROD-0046,880,Cross-sell,2024-07-15 12:13:53,2024-11-14 10:16:22,Closed Lost,14087.17,0
OPP-024074,ACC-000051,PROD-0047,750,Upsell,2024-09-16 03:11:25,2024-11-10 11:51:21,Closed Won,61348.62,1
OPP-024083,ACC-000052,PROD-0044,611,Expansion,2024-06-19 15:56:05,2024-06-21 03:31:44,Closed Won,87858.86,1
OPP-024092,ACC-000027,PROD-0084,243,Cross-sell,2025-05-19 14:23:10,2025-09-29 21:51:25,Closed Won,17553.44,1
OPP-024096,ACC-000027,PROD-0012,661,Cross-sell,2023-09-29 07:48:21,2024-03-21 19:55:21,Closed Lost,10025.82,0
OPP-024098,ACC-000041,PROD-0071,102,Upsell,2024-09-27 22:59:42,2024-10-16 11:57:15,Closed Lost,13670.34,0
OPP-024109,ACC-000011,PROD-0050,357,Upsell,2024-02-21 03:32:28,2024-06-07 16:56:42,Closed Lost,93839.1,0
OPP-024110,ACC-000026,PROD-0021,154,Expansion,2024-01-06 21:12:26,2024-06-18 05:08:08,Closed Won,37959.13,1
OPP-024119,ACC-000060,PROD-0037,943,Expansion,2024-04-09 03:47:39,2024-07-11 03:39:45,Closed Won,60134.66,1
OPP-024124,ACC-000060,PROD-0043,84,Upsell,2023-12-15 10:32:11,2023-12-21 16:14:54,Closed Lost,81531.62,0
OPP-024134,ACC-000016,PROD-0003,952,Renewal,2024-12-11 19:50:25,2025-05-16 12:09:13,Closed Won,47189.46,1
OPP-024135,ACC-000008,PROD-0059,841,Expansion,2024-09-25 17:05:05,2024-12-18 21:38:07,Closed Lost,52900.32,0
OPP-024142,ACC-000039,PROD-0035,940,Upsell,2023-10-18 18:39:05,2024-02-18 15:53:11,Closed Lost,66509.65,0
OPP-024147,ACC-000012,PROD-0043,805,Cross-sell,2025-04-08 22:05:37,2025-07-26 03:28:54,Closed Lost,75371.94,0
OPP-024151,ACC-000057,PROD-0084,952,Cross-sell,2023-12-18 00:10:53,2024-02-19 17:17:15,Closed Won,12473.84,1
OPP-024156,ACC-000057,PROD-0055,825,New Business,2024-11-08 10:38:45,2025-02-03 21:17:18,Closed Lost,87328.64,0
OPP-024160,ACC-000046,PROD-0023,149,Cross-sell,2024-01-06 07:21:40,2024-04-18 05:15:08,Closed Won,35067.26,1
OPP-024164,ACC-000008,PROD-0078,390,Expansion,2025-03-03 03:20:41,2025-06-17 21:34:45,Closed Won,69936.43,1
OPP-024165,ACC-000015,PROD-0028,260,Cross-sell,2023-10-16 15:43:34,2024-02-15 21:14:45,Closed Lost,5139.65,0
OPP-024168,ACC-000009,PROD-0059,726,Cross-sell,2025-01-28 02:46:58,2025-04-26 23:16:24,Closed Lost,43692.45,0
OPP-024177,ACC-000041,PROD-0074,294,Upsell,2024-01-20 13:36:25,2024-02-01 20:16:14,Closed Won,25059.95,1
OPP-024178,ACC-000024,PROD-0072,562,Renewal,2023-11-12 03:00:09,2024-03-04 22:48:09,Closed Lost,75071.84,0
OPP-024182,ACC-000025,PROD-0010,588,Expansion,2024-01-29 21:09:59,2024-06-26 20:50:09,Closed Won,89222.84,1
OPP-024193,ACC-000048,PROD-0033,285,Upsell,2023-09-01 12:16:23,2023-11-27 14:10:20,Closed Won,49724.96,1
OPP-024212,ACC-000043,PROD-0095,918,Expansion,2024-05-01 02:50:56,2024-08-27 03:17:43,Closed Won,63791.99,1
OPP-024214,ACC-000010,PROD-0060,904,Expansion,2024-03-06 09:41:43,2024-08-19 09:41:56,Closed Won,46157.53,1
OPP-024217,ACC-000007,PROD-0003,562,New Business,2023-10-26 14:09:13,2024-04-15 04:13:56,Closed Lost,37246.86,0
OPP-024219,ACC-000020,PROD-0001,927,Upsell,2023-10-26 00:45:39,2023-11-15 09:42:53,Closed Lost,71260.35,0
OPP-024232,ACC-000043,PROD-0092,238,New Business,2024-09-24 22:43:48,2024-10-15 00:48:04,Closed Won,83506.24,1
OPP-024233,ACC-000043,PROD-0100,251,New Business,2023-08-30 23:37:43,2024-01-27 22:10:57,Closed Won,68055.76,1
OPP-024238,ACC-000017,PROD-0094,325,New Business,2024-04-01 12:50:02,2024-09-10 05:21:21,Closed Won,89019.97,1
OPP-024248,ACC-000004,PROD-0042,652,Upsell,2025-03-15 20:22:26,2025-04-08 20:15:32,Closed Won,72563.15,1
OPP-024260,ACC-000056,PROD-0095,531,Upsell,2024-01-27 00:58:19,2024-07-19 12:49:23,Closed Won,84977.83,1
OPP-024263,ACC-000004,PROD-0073,492,Renewal,2024-06-29 23:43:29,2024-10-08 06:55:56,Closed Won,25976.43,1
OPP-024264,ACC-000040,PROD-0057,150,Renewal,2024-04-23 02:58:28,2024-10-06 02:06:19,Closed Won,28828.14,1
OPP-024284,ACC-000020,PROD-0039,741,Cross-sell,2025-03-03 08:25:53,2025-04-17 02:20:32,Closed Lost,83024,0
OPP-024297,ACC-000027,PROD-0081,56,Expansion,2024-11-30 16:55:29,2025-04-08 12:21:35,Closed Won,15324.86,1
OPP-024299,ACC-000050,PROD-0046,171,New Business,2025-03-26 09:00:21,2025-05-08 17:03:16,Closed Won,84805.77,1
OPP-024312,ACC-000039,PROD-0078,618,Upsell,2024-03-24 12:52:56,2024-04-12 17:09:20,Closed Lost,3606.2,0
OPP-024314,ACC-000016,PROD-0014,55,New Business,2023-07-11 19:18:27,2023-11-09 18:46:40,Closed Lost,18745.45,0
OPP-024322,ACC-000031,PROD-0016,758,Upsell,2024-12-26 18:22:25,2025-02-20 03:59:54,Closed Lost,82154.3,0
OPP-024333,ACC-000056,PROD-0015,285,Expansion,2025-04-07 15:58:00,2025-07-11 12:45:40,Closed Won,74046.07,1
OPP-024339,ACC-000047,PROD-0032,991,New Business,2024-09-09 14:33:21,2024-10-10 04:43:06,Closed Lost,27303.81,0
OPP-024340,ACC-000040,PROD-0052,125,Cross-sell,2025-06-21 22:07:49,2025-08-05 23:11:46,Closed Won,38287.2,1
OPP-024341,ACC-000019,PROD-0082,45,Cross-sell,2024-03-31 11:30:12,2024-09-02 12:27:01,Closed Lost,74585.16,0
OPP-024347,ACC-000032,PROD-0068,124,Renewal,2023-10-08 20:05:28,2024-01-04 01:08:21,Closed Won,8256.81,1
OPP-024350,ACC-000053,PROD-0039,978,Expansion,2024-09-05 17:41:38,2024-11-22 03:44:29,Closed Lost,57009.98,0
OPP-024359,ACC-000008,PROD-0019,841,Renewal,2024-03-17 00:31:59,2024-06-11 01:20:39,Closed Lost,26075.64,0
OPP-024381,ACC-000050,PROD-0004,821,Expansion,2024-12-08 04:22:12,2025-02-04 03:55:13,Closed Won,76989.59,1
OPP-024384,ACC-000003,PROD-0058,806,Cross-sell,2024-09-23 04:24:00,2024-11-08 05:08:38,Closed Lost,84636.3,0
OPP-024386,ACC-000055,PROD-0048,460,Cross-sell,2024-10-10 01:36:40,2025-01-01 06:08:18,Closed Won,42019.98,1
OPP-024394,ACC-000011,PROD-0014,361,Expansion,2025-06-24 03:10:24,2025-07-21 06:58:45,Closed Won,24083.66,1
OPP-024395,ACC-000037,PROD-0026,29,Expansion,2024-02-06 01:50:27,2024-04-09 01:52:38,Closed Won,38136.74,1
OPP-024398,ACC-000024,PROD-0009,762,New Business,2024-09-18 16:16:41,2024-12-25 11:57:53,Closed Lost,96913.63,0
OPP-024411,ACC-000044,PROD-0065,286,Cross-sell,2024-01-18 20:17:24,2024-07-14 13:15:12,Closed Won,85086.23,1
OPP-024412,ACC-000042,PROD-0012,564,Expansion,2024-06-25 02:41:00,2024-11-03 02:07:36,Closed Lost,1284.94,0
OPP-024419,ACC-000048,PROD-0020,954,Expansion,2023-11-14 19:38:53,2024-04-14 02:51:27,Closed Won,19456.92,1
OPP-024420,ACC-000047,PROD-0045,785,Expansion,2024-08-25 20:14:15,2024-10-06 07:20:46,Closed Won,16840.03,1
OPP-024428,ACC-000002,PROD-0081,472,Cross-sell,2025-05-30 11:40:50,2025-10-15 10:14:51,Closed Lost,86646.67,0
OPP-024433,ACC-000046,PROD-0090,343,New Business,2024-12-25 22:53:38,2025-02-08 23:42:44,Closed Won,86809.56,1
OPP-024438,ACC-000027,PROD-0055,737,Upsell,2024-08-15 12:15:49,2024-10-27 21:51:45,Closed Won,43040.31,1
OPP-024442,ACC-000002,PROD-0015,618,Upsell,2024-08-19 08:39:20,2024-10-08 17:43:49,Closed Lost,52154.02,0
OPP-024443,ACC-000028,PROD-0056,340,Upsell,2023-10-11 14:49:40,2023-11-29 15:58:36,Closed Won,56440.4,1
OPP-024454,ACC-000036,PROD-0032,438,Cross-sell,2025-02-02 15:44:14,2025-05-06 02:29:21,Closed Lost,22422.32,0
OPP-024473,ACC-000007,PROD-0091,512,Expansion,2025-06-10 20:37:58,2025-10-08 06:19:02,Closed Won,64997.61,1
OPP-024495,ACC-000058,PROD-0021,503,Expansion,2024-09-26 04:11:34,2024-11-24 09:36:13,Closed Lost,97827.38,0
OPP-024498,ACC-000036,PROD-0078,121,New Business,2024-04-30 17:23:17,2024-08-02 20:04:45,Closed Won,72137.61,1
OPP-024506,ACC-000013,PROD-0056,220,Cross-sell,2024-12-19 04:49:22,2025-04-08 10:02:32,Closed Won,83146.7,1
OPP-024508,ACC-000017,PROD-0011,957,Upsell,2024-06-10 15:43:55,2024-09-14 04:37:59,Closed Won,57754.96,1
OPP-024518,ACC-000035,PROD-0097,65,New Business,2025-02-22 15:32:55,2025-03-19 23:50:17,Closed Lost,30577.47,0
OPP-024519,ACC-000056,PROD-0039,816,Upsell,2023-10-09 05:47:57,2023-12-27 21:33:11,Closed Lost,63667.88,0
OPP-024521,ACC-000016,PROD-0048,235,Expansion,2024-04-25 17:46:11,2024-08-28 10:02:27,Closed Lost,26096.92,0
OPP-024528,ACC-000043,PROD-0054,946,Expansion,2025-02-12 06:13:39,2025-06-16 10:48:54,Closed Lost,20855.58,0
OPP-024532,ACC-000002,PROD-0020,391,Upsell,2024-07-30 09:18:23,2024-12-03 18:59:50,Closed Won,45567.67,1
OPP-024533,ACC-000026,PROD-0061,42,Upsell,2023-12-24 13:25:25,2024-03-09 05:11:15,Closed Lost,35690.15,0
OPP-024545,ACC-000024,PROD-0069,650,Upsell,2024-08-30 20:07:39,2024-11-13 03:39:22,Closed Lost,35846.33,0
OPP-024550,ACC-000034,PROD-0017,189,Renewal,2024-08-31 09:11:56,2024-11-16 22:06:01,Closed Won,37584.23,1
OPP-024560,ACC-000051,PROD-0053,865,New Business,2025-01-20 19:19:52,2025-02-15 15:52:55,Closed Lost,21787.75,0
OPP-024566,ACC-000011,PROD-0005,306,Upsell,2023-12-29 14:14:26,2024-04-14 06:28:46,Closed Lost,92836.14,0
OPP-024569,ACC-000047,PROD-0033,418,Renewal,2025-04-26 02:54:07,2025-06-06 15:46:44,Closed Won,99765.82,1
OPP-024570,ACC-000044,PROD-0082,669,New Business,2024-07-29 03:04:15,2024-10-23 02:59:06,Closed Won,82373.08,1
OPP-024578,ACC-000051,PROD-0076,672,Expansion,2024-08-21 16:42:02,2024-08-25 19:56:36,Closed Won,94169.92,1
OPP-024581,ACC-000019,PROD-0084,142,Upsell,2025-03-02 03:05:29,2025-05-29 23:08:46,Closed Lost,67700.5,0
OPP-024582,ACC-000043,PROD-0050,137,New Business,2024-02-07 19:18:24,2024-02-22 19:37:42,Closed Won,99622.81,1
OPP-024591,ACC-000049,PROD-0041,925,Renewal,2024-02-11 17:00:22,2024-03-15 14:15:17,Closed Won,57258.28,1
OPP-024594,ACC-000021,PROD-0022,189,Cross-sell,2024-10-17 09:19:13,2025-04-03 01:30:23,Closed Won,74591.52,1
OPP-024619,ACC-000059,PROD-0098,962,Renewal,2024-10-25 19:47:33,2025-03-21 13:05:14,Closed Lost,88560.18,0
OPP-024621,ACC-000026,PROD-0030,34,Upsell,2025-05-03 19:30:30,2025-09-06 15:23:13,Closed Lost,98614.34,0
OPP-024623,ACC-000048,PROD-0058,918,Renewal,2025-04-16 18:35:30,2025-08-14 16:18:19,Closed Lost,91720.99,0
OPP-024626,ACC-000020,PROD-0015,137,New Business,2023-12-20 16:24:52,2024-05-16 20:38:27,Closed Lost,19412.23,0
OPP-024630,ACC-000061,PROD-0100,437,Renewal,2023-07-23 11:54:51,2023-12-04 13:41:09,Closed Won,94624.85,1
OPP-024633,ACC-000054,PROD-0042,617,Cross-sell,2025-03-27 20:16:57,2025-05-18 20:35:29,Closed Lost,76028.51,0
OPP-024634,ACC-000033,PROD-0060,280,Upsell,2024-12-10 19:17:12,2024-12-29 19:12:50,Closed Lost,94708.59,0
OPP-024640,ACC-000003,PROD-0044,884,Cross-sell,2024-11-11 03:55:57,2025-05-09 15:55:48,Closed Won,20701.13,1
OPP-024641,ACC-000021,PROD-0066,814,Upsell,2024-12-14 15:01:16,2025-03-31 22:53:48,Closed Won,49535.08,1
OPP-024650,ACC-000061,PROD-0011,636,Cross-sell,2024-07-24 04:04:40,2024-09-03 14:45:43,Closed Won,1963.07,1
OPP-024654,ACC-000012,PROD-0041,135,Expansion,2024-10-21 11:07:52,2024-12-17 11:51:50,Closed Won,54904.83,1
OPP-024655,ACC-000014,PROD-0026,13,New Business,2025-06-05 01:38:06,2025-10-16 18:15:29,Closed Lost,83986.35,0
OPP-024657,ACC-000031,PROD-0057,353,New Business,2025-03-18 20:16:24,2025-07-04 12:19:13,Closed Won,80109.56,1
OPP-024662,ACC-000030,PROD-0034,943,Renewal,2023-10-05 06:00:11,2024-03-31 01:43:47,Closed Lost,85344.34,0
OPP-024683,ACC-000060,PROD-0054,227,Expansion,2025-01-07 02:11:15,2025-02-15 12:48:31,Closed Lost,98517.12,0
OPP-024690,ACC-000043,PROD-0094,359,Renewal,2023-09-09 19:04:17,2023-12-10 09:22:59,Closed Lost,22967.1,0
OPP-024696,ACC-000057,PROD-0019,126,Renewal,2025-03-18 14:26:51,2025-07-31 05:42:32,Closed Lost,94740.33,0
OPP-024703,ACC-000056,PROD-0054,171,Expansion,2023-08-07 09:03:51,2023-12-12 17:13:36,Closed Won,9184.23,1
OPP-024709,ACC-000055,PROD-0050,317,Cross-sell,2024-06-17 10:39:56,2024-09-29 00:53:31,Closed Won,7856.67,1
OPP-024715,ACC-000010,PROD-0025,642,Cross-sell,2024-06-14 20:58:11,2024-09-27 22:30:28,Closed Lost,97443.3,0
OPP-024725,ACC-000018,PROD-0048,967,Expansion,2023-07-16 08:54:59,2023-10-29 05:32:52,Closed Won,16350.3,1
OPP-024728,ACC-000038,PROD-0056,465,Upsell,2024-03-05 06:34:20,2024-03-26 10:42:36,Closed Lost,44266.91,0
OPP-024739,ACC-000032,PROD-0036,848,Expansion,2024-05-06 12:53:15,2024-07-25 06:08:16,Closed Won,96363.73,1
OPP-024741,ACC-000013,PROD-0035,778,New Business,2023-09-21 08:42:41,2023-11-23 12:24:31,Closed Lost,69183.51,0
OPP-024748,ACC-000018,PROD-0086,18,Renewal,2025-01-21 20:02:04,2025-02-02 02:28:07,Closed Won,22433.62,1
OPP-024755,ACC-000016,PROD-0096,506,Upsell,2025-03-01 07:43:30,2025-05-24 09:28:53,Closed Lost,91537.88,0
OPP-024779,ACC-000058,PROD-0027,147,New Business,2024-06-06 14:20:07,2024-08-11 16:11:16,Closed Won,32371.76,1
OPP-024780,ACC-000028,PROD-0016,243,Cross-sell,2025-05-12 03:15:30,2025-09-25 03:56:19,Closed Lost,16459.3,0
OPP-024790,ACC-000022,PROD-0093,935,Renewal,2024-11-04 02:14:30,2024-12-04 21:08:57,Closed Lost,46375.36,0
OPP-024809,ACC-000009,PROD-0046,162,Expansion,2025-02-06 03:27:21,2025-06-30 20:59:04,Closed Won,12244.1,1
OPP-024845,ACC-000039,PROD-0070,520,Renewal,2024-03-21 11:37:04,2024-04-25 07:57:29,Closed Won,2325.66,1
OPP-024853,ACC-000047,PROD-0059,606,Renewal,2024-08-10 03:36:57,2024-12-05 05:07:20,Closed Won,10029.39,1
OPP-024863,ACC-000048,PROD-0063,933,Expansion,2023-08-15 05:20:56,2023-11-01 20:12:55,Closed Lost,46610.89,0
OPP-024868,ACC-000041,PROD-0080,978,Cross-sell,2024-01-31 06:15:05,2024-04-27 05:28:07,Closed Lost,9105.95,0
OPP-024875,ACC-000060,PROD-0083,681,Upsell,2023-09-01 22:25:43,2023-11-25 10:35:58,Closed Lost,53698.6,0
OPP-024880,ACC-000054,PROD-0079,478,Expansion,2024-12-08 05:39:31,2025-04-01 12:14:06,Closed Won,4427.12,1
OPP-024893,ACC-000060,PROD-0098,616,Upsell,2024-04-21 18:04:07,2024-08-11 23:44:08,Closed Won,98114.9,1
OPP-024894,ACC-000017,PROD-0077,880,Cross-sell,2023-10-31 04:40:32,2024-03-03 21:11:59,Closed Won,41196.93,1
OPP-024895,ACC-000033,PROD-0011,292,Cross-sell,2024-02-24 14:38:40,2024-05-05 14:48:15,Closed Won,33761.08,1
OPP-024899,ACC-000003,PROD-0075,399,Renewal,2025-01-08 12:26:44,2025-02-23 13:53:33,Closed Won,36289.51,1
OPP-024902,ACC-000026,PROD-0079,689,Upsell,2024-10-13 13:20:34,2024-11-01 10:37:49,Closed Lost,80785.12,0
OPP-024914,ACC-000060,PROD-0022,931,Expansion,2025-04-22 08:43:06,2025-07-08 02:39:15,Closed Won,48177.6,1
OPP-024918,ACC-000025,PROD-0076,451,Upsell,2025-03-14 16:49:33,2025-07-17 21:29:20,Closed Lost,21609.11,0
OPP-024927,ACC-000048,PROD-0080,326,Upsell,2023-07-02 22:28:29,2023-12-02 22:23:00,Closed Lost,50300.87,0
OPP-024931,ACC-000054,PROD-0018,26,New Business,2023-12-19 01:31:53,2024-05-03 14:18:12,Closed Won,89220.52,1
OPP-024934,ACC-000062,PROD-0089,207,Upsell,2025-03-23 17:47:33,2025-06-18 11:28:41,Closed Won,5161.09,1
OPP-024935,ACC-000050,PROD-0066,692,Upsell,2024-10-18 07:20:26,2024-12-10 21:20:10,Closed Lost,48003.69,0
OPP-024945,ACC-000033,PROD-0055,899,Expansion,2024-06-18 00:43:22,2024-10-30 21:33:30,Closed Won,59905.12,1
OPP-024952,ACC-000004,PROD-0033,142,Renewal,2024-09-30 07:31:15,2025-01-21 06:36:35,Closed Lost,13684.3,0
OPP-024959,ACC-000047,PROD-0083,839,New Business,2025-03-22 14:40:48,2025-09-16 11:14:14,Closed Won,40671.02,1
OPP-024964,ACC-000058,PROD-0032,353,New Business,2025-06-02 14:42:15,2025-09-26 15:26:33,Closed Lost,92134.08,0
OPP-024979,ACC-000027,PROD-0011,967,Expansion,2023-10-26 09:18:58,2023-12-10 00:03:13,Closed Won,51116.91,1
OPP-025000,ACC-000053,PROD-0005,385,Upsell,2023-11-24 01:20:56,2024-02-24 09:31:12,Closed Lost,86027.82,0
