opportunity_id,account_id,product_id,product_usage,opportunity_type,created_date,close_date,status,revenue_amount,probability
OPP-000007,ACC-000028,PROD-0039,141,Cross-sell,2024-06-10 08:17:22,2024-11-14 12:30:34,Closed Won,39519.85,1
OPP-000058,ACC-000057,PROD-0066,560,Cross-sell,2024-01-12 03:28:09,2024-04-25 08:43:16,Closed Won,35875.54,1
OPP-000063,ACC-000038,PROD-0053,182,New Business,2023-11-16 13:40:31,2024-04-03 22:01:20,Closed Won,38318.58,1
OPP-000119,ACC-000005,PROD-0048,978,Cross-sell,2024-05-26 04:54:37,2024-10-29 13:40:12,Closed Won,7717.3,1
OPP-000126,ACC-000044,PROD-0060,51,Expansion,2023-09-20 06:36:45,2024-03-15 21:28:55,Closed Won,99388.21,1
OPP-000137,ACC-000041,PROD-0093,798,Expansion,2023-11-11 08:52:52,2024-02-23 20:39:42,Closed Won,49783.55,1
OPP-000157,ACC-000057,PROD-0087,555,Cross-sell,2024-10-20 20:58:34,2024-11-27 08:48:36,Closed Won,85775.29,1
OPP-000178,ACC-000007,PROD-0074,431,Expansion,2024-01-23 23:01:02,2024-04-24 23:36:48,Closed Won,65023.58,1
OPP-000212,ACC-000061,PROD-0060,933,New Business,2024-01-28 23:00:01,2024-06-20 17:53:41,Closed Won,29872.06,1
OPP-000223,ACC-000029,PROD-0055,568,Renewal,2023-10-09 11:11:58,2024-01-20 10:57:04,Closed Won,49333.99,1
OPP-000281,ACC-000006,PROD-0064,119,Expansion,2024-06-07 02:49:25,2024-10-12 01:24:31,Closed Won,78486.4,1
OPP-000286,ACC-000008,PROD-0074,294,Expansion,2024-08-10 15:43:48,2024-09-04 15:29:16,Closed Won,64500.13,1
OPP-000324,ACC-000032,PROD-0038,975,Upsell,2024-02-20 16:27:36,2024-07-19 07:27:46,Closed Won,14744.62,1
OPP-000358,ACC-000029,PROD-0083,749,Cross-sell,2024-04-29 17:09:44,2024-08-20 23:16:10,Closed Won,92720.02,1
OPP-000360,ACC-000051,PROD-0067,437,Cross-sell,2024-01-21 17:50:28,2024-03-20 16:40:46,Closed Won,12169.55,1
OPP-000401,ACC-000017,PROD-0076,924,Renewal,2024-06-13 12:07:58,2024-07-25 02:22:51,Closed Won,67311.24,1
OPP-000405,ACC-000055,PROD-0084,932,Renewal,2024-03-01 15:45:02,2024-06-13 08:49:13,Closed Won,60229,1
OPP-000421,ACC-000037,PROD-0069,109,New Business,2023-11-19 14:15:26,2024-02-24 23:38:04,Closed Won,34798.44,1
OPP-000435,ACC-000035,PROD-0064,808,New Business,2024-02-25 04:35:43,2024-07-29 21:38:17,Closed Won,64948.18,1
OPP-000440,ACC-000033,PROD-0078,298,Expansion,2024-02-09 10:04:24,2024-04-30 22:23:56,Closed Won,77540.82,1
OPP-000455,ACC-000007,PROD-0054,467,Expansion,2023-10-30 22:58:35,2024-01-02 20:34:15,Closed Won,44783.92,1
OPP-000497,ACC-000012,PROD-0096,975,Upsell,2023-12-12 12:40:23,2024-04-24 15:18:12,Closed Won,12247.87,1
OPP-000533,ACC-000039,PROD-0023,794,Upsell,2024-10-29 22:33:42,2024-11-07 04:50:06,Closed Won,35350.44,1
OPP-000556,ACC-000004,PROD-0086,395,New Business,2024-05-14 19:34:40,2024-06-10 14:05:04,Closed Won,51702.74,1
OPP-000569,ACC-000049,PROD-0061,785,Expansion,2024-05-30 20:53:46,2024-11-12 13:26:25,Closed Won,6880.1,1
OPP-000622,ACC-000048,PROD-0053,486,Cross-sell,2024-05-12 22:02:34,2024-05-23 17:11:05,Closed Won,82187.27,1
OPP-000632,ACC-000028,PROD-0033,343,New Business,2024-03-02 10:05:49,2024-08-12 18:57:07,Closed Won,61699.73,1
OPP-000722,ACC-000039,PROD-0054,177,Cross-sell,2024-04-22 21:42:15,2024-08-31 22:17:26,Closed Won,41279.8,1
OPP-000729,ACC-000023,PROD-0040,927,Upsell,2024-01-10 13:02:02,2024-04-10 10:20:36,Closed Won,80413.96,1
OPP-000752,ACC-000016,PROD-0089,72,New Business,2024-12-07 14:43:44,2024-12-08 15:35:16,Closed Won,65660.39,1
OPP-000879,ACC-000003,PROD-0047,408,Cross-sell,2023-09-19 13:53:03,2024-03-11 09:11:27,Closed Won,74568.43,1
OPP-000884,ACC-000045,PROD-0056,781,Renewal,2024-03-04 06:32:38,2024-07-27 07:03:06,Closed Won,33298.47,1
OPP-000887,ACC-000029,PROD-0018,133,New Business,2024-03-08 23:19:02,2024-06-22 16:09:30,Closed Won,4790.35,1
OPP-000897,ACC-000029,PROD-0082,312,New Business,2023-09-02 23:11:41,2024-02-26 21:43:02,Closed Won,92202.15,1
OPP-000936,ACC-000014,PROD-0030,662,Renewal,2024-01-22 13:49:39,2024-02-26 11:35:13,Closed Won,41584.31,1
OPP-000958,ACC-000036,PROD-0088,370,New Business,2024-09-09 22:42:14,2024-11-30 03:10:49,Closed Won,67552.88,1
OPP-000985,ACC-000028,PROD-0011,470,Renewal,2024-06-28 16:41:40,2024-09-13 10:33:16,Closed Won,34258.95,1
OPP-000996,ACC-000056,PROD-0046,429,Cross-sell,2024-05-17 13:47:47,2024-07-18 21:00:43,Closed Won,80180.27,1
OPP-000997,ACC-000032,PROD-0070,868,Upsell,2023-09-30 07:00:33,2024-02-10 21:26:36,Closed Won,90503.81,1
OPP-001021,ACC-000061,PROD-0092,49,Expansion,2023-12-30 02:57:40,2024-05-28 17:44:19,Closed Won,58016.14,1
OPP-001048,ACC-000016,PROD-0093,211,Cross-sell,2024-04-13 13:45:24,2024-10-05 03:56:40,Closed Won,76580.8,1
OPP-001065,ACC-000032,PROD-0099,91,Cross-sell,2024-06-13 05:34:34,2024-07-20 00:18:14,Closed Won,40632.15,1
OPP-001176,ACC-000011,PROD-0012,67,Cross-sell,2024-03-04 04:50:12,2024-07-16 23:04:32,Closed Won,84412.29,1
OPP-001208,ACC-000005,PROD-0088,863,Renewal,2024-04-30 05:05:17,2024-08-10 19:00:08,Closed Won,55989.09,1
OPP-001233,ACC-000036,PROD-0055,74,New Business,2024-03-07 09:03:27,2024-03-18 01:52:43,Closed Won,9840.59,1
OPP-001237,ACC-000017,PROD-0064,634,Cross-sell,2024-11-12 12:54:06,2024-12-02 10:18:58,Closed Won,26893.3,1
OPP-001241,ACC-000052,PROD-0024,780,Renewal,2024-01-02 17:23:24,2024-01-16 03:27:14,Closed Won,18939.22,1
OPP-001264,ACC-000031,PROD-0026,531,Expansion,2024-11-11 14:42:08,2024-12-24 00:26:04,Closed Won,86441.17,1
OPP-001283,ACC-000030,PROD-0027,947,Cross-sell,2024-02-04 23:12:11,2024-04-19 00:06:02,Closed Won,12630.03,1
OPP-001311,ACC-000040,PROD-0088,989,Cross-sell,2024-07-16 16:50:11,2024-10-22 18:28:53,Closed Won,67154.74,1
OPP-001314,ACC-000044,PROD-0087,752,Expansion,2024-02-27 21:07:42,2024-08-07 08:49:15,Closed Won,94102.67,1
OPP-001315,ACC-000043,PROD-0086,911,Upsell,2024-10-26 06:32:20,2024-12-24 18:13:53,Closed Won,56491.11,1
OPP-001323,ACC-000040,PROD-0091,343,Cross-sell,2024-02-15 00:46:26,2024-04-26 07:21:22,Closed Won,81226.99,1
OPP-001342,ACC-000031,PROD-0003,721,New Business,2024-05-04 14:27:25,2024-05-13 23:23:24,Closed Won,62025.71,1
OPP-001369,ACC-000042,PROD-0042,436,Expansion,2024-05-15 00:37:14,2024-11-06 11:20:27,Closed Won,45566.51,1
OPP-001412,ACC-000052,PROD-0039,607,Expansion,2024-09-21 17:14:35,2024-11-28 10:25:23,Closed Won,9478.79,1
OPP-001419,ACC-000059,PROD-0041,196,Cross-sell,2024-02-03 13:08:54,2024-07-29 09:26:53,Closed Won,56414.9,1
OPP-001426,ACC-000058,PROD-0064,499,Cross-sell,2023-07-28 12:55:34,2024-01-12 23:03:53,Closed Won,4932,1
OPP-001456,ACC-000008,PROD-0026,125,New Business,2024-06-14 18:51:14,2024-11-22 06:20:55,Closed Won,37272.3,1
OPP-001488,ACC-000004,PROD-0005,370,Expansion,2024-03-08 12:40:42,2024-03-09 19:02:00,Closed Won,8463.35,1
OPP-001499,ACC-000056,PROD-0066,947,Renewal,2024-06-16 23:06:17,2024-10-14 21:34:02,Closed Won,30467.49,1
OPP-001510,ACC-000018,PROD-0004,166,Upsell,2024-08-14 12:52:44,2024-08-26 04:19:11,Closed Won,96534.09,1
OPP-001557,ACC-000012,PROD-0011,649,Expansion,2024-05-17 06:53:41,2024-10-25 13:26:23,Closed Won,21290.48,1
OPP-001578,ACC-000046,PROD-0022,607,Renewal,2024-06-15 10:50:01,2024-07-15 04:20:57,Closed Won,80369.06,1
OPP-001584,ACC-000014,PROD-0081,811,Upsell,2024-02-28 00:16:50,2024-03-04 10:01:29,Closed Won,22001.62,1
OPP-001587,ACC-000019,PROD-0068,305,New Business,2024-05-23 15:34:14,2024-09-06 18:50:25,Closed Won,5877.76,1
OPP-001602,ACC-000038,PROD-0012,259,Expansion,2024-03-26 00:50:39,2024-05-31 06:08:46,Closed Won,69311.8,1
OPP-001633,ACC-000052,PROD-0018,661,Renewal,2024-02-14 13:56:07,2024-03-17 19:16:13,Closed Won,96590.06,1
OPP-001646,ACC-000005,PROD-0070,240,New Business,2023-12-08 01:34:47,2024-01-02 14:59:20,Closed Won,19503.32,1
OPP-001674,ACC-000026,PROD-0087,356,Expansion,2024-06-28 10:51:42,2024-08-25 20:15:23,Closed Won,60678.24,1
OPP-001677,ACC-000017,PROD-0089,899,Cross-sell,2023-12-06 19:50:36,2024-04-15 07:45:55,Closed Won,38065.51,1
OPP-001704,ACC-000015,PROD-0073,58,New Business,2024-03-20 19:35:51,2024-04-28 17:03:40,Closed Won,97335.37,1
OPP-001709,ACC-000024,PROD-0031,345,New Business,2024-10-02 05:06:28,2024-11-26 04:20:32,Closed Won,64450.07,1
OPP-001713,ACC-000021,PROD-0099,174,Renewal,2023-10-12 23:11:38,2024-03-26 21:55:27,Closed Won,59309.86,1
OPP-001715,ACC-000037,PROD-0079,55,Cross-sell,2024-05-06 19:13:02,2024-05-24 18:25:23,Closed Won,82173.33,1
OPP-001721,ACC-000058,PROD-0045,618,Expansion,2024-01-24 12:39:54,2024-05-03 20:41:16,Closed Won,69462.81,1
OPP-001804,ACC-000021,PROD-0010,916,New Business,2024-06-01 02:22:53,2024-10-05 07:18:04,Closed Won,2652.82,1
OPP-001858,ACC-000003,PROD-0095,774,Renewal,2024-05-27 15:09:18,2024-10-30 22:51:10,Closed Won,25809.64,1
OPP-001864,ACC-000031,PROD-0074,708,Upsell,2023-10-06 18:21:45,2024-01-28 09:34:32,Closed Won,11614.93,1
OPP-001882,ACC-000031,PROD-0092,934,Cross-sell,2023-11-13 09:54:17,2024-03-12 12:41:17,Closed Won,89886.42,1
OPP-001923,ACC-000028,PROD-0099,344,Expansion,2024-06-05 17:17:44,2024-11-01 21:14:37,Closed Won,81428.38,1
OPP-001946,ACC-000043,PROD-0077,425,Renewal,2024-09-12 17:24:07,2024-10-02 11:08:28,Closed Won,44123.52,1
OPP-001947,ACC-000012,PROD-0061,349,New Business,2024-10-25 22:37:37,2024-11-19 23:32:48,Closed Won,13153.82,1
OPP-001984,ACC-000011,PROD-0038,787,New Business,2024-07-02 00:47:18,2024-10-03 05:07:22,Closed Won,39614.77,1
OPP-001999,ACC-000026,PROD-0066,586,Renewal,2024-09-23 09:07:49,2024-11-24 09:46:57,Closed Won,81721.71,1
OPP-002015,ACC-000021,PROD-0007,331,Cross-sell,2024-08-15 04:18:02,2024-10-15 18:21:29,Closed Won,60428.36,1
OPP-002035,ACC-000009,PROD-0077,410,Upsell,2024-05-07 15:15:52,2024-05-29 01:24:03,Closed Won,89576.83,1
OPP-002038,ACC-000030,PROD-0057,328,Upsell,2024-05-14 12:10:22,2024-06-01 00:19:44,Closed Won,55563.41,1
OPP-002043,ACC-000012,PROD-0009,799,Upsell,2024-06-12 06:35:26,2024-10-05 22:47:12,Closed Won,11568.97,1
OPP-002096,ACC-000007,PROD-0047,497,New Business,2024-09-21 10:58:28,2024-10-07 07:34:14,Closed Won,81102.84,1
OPP-002146,ACC-000007,PROD-0013,708,Renewal,2023-11-19 00:07:47,2024-05-03 21:41:46,Closed Won,98059.57,1
OPP-002170,ACC-000038,PROD-0020,88,New Business,2024-02-24 17:07:19,2024-05-01 23:29:33,Closed Won,11263.21,1
OPP-002200,ACC-000060,PROD-0004,74,New Business,2023-12-28 23:33:23,2024-01-03 07:11:08,Closed Won,86545.43,1
OPP-002210,ACC-000062,PROD-0030,796,Expansion,2024-05-12 07:42:08,2024-06-22 07:18:16,Closed Won,13042.33,1
OPP-002252,ACC-000032,PROD-0076,907,Upsell,2024-11-15 13:46:34,2024-12-01 11:02:42,Closed Won,88089,1
OPP-002264,ACC-000052,PROD-0071,632,Expansion,2024-05-06 19:18:34,2024-10-03 01:12:28,Closed Won,94980.39,1
OPP-002277,ACC-000060,PROD-0034,785,Renewal,2024-08-24 13:14:56,2024-11-24 07:00:10,Closed Won,49874.83,1
OPP-002344,ACC-000035,PROD-0021,461,Cross-sell,2024-01-19 02:59:34,2024-03-17 23:40:34,Closed Won,35833.84,1
OPP-002360,ACC-000060,PROD-0059,703,Cross-sell,2023-09-17 09:43:01,2024-01-25 09:11:35,Closed Won,50408.41,1
OPP-002369,ACC-000051,PROD-0022,782,Cross-sell,2024-01-16 08:41:18,2024-02-10 02:32:22,Closed Won,80776.53,1
OPP-002393,ACC-000042,PROD-0043,753,Expansion,2023-10-24 08:34:42,2024-01-15 15:32:32,Closed Won,96157.29,1
OPP-002399,ACC-000054,PROD-0050,613,Expansion,2024-10-28 21:33:17,2024-11-27 00:53:29,Closed Won,73288.27,1
OPP-002447,ACC-000016,PROD-0021,928,Renewal,2024-11-05 17:36:52,2024-11-13 07:30:52,Closed Won,36799.97,1
OPP-002463,ACC-000044,PROD-0035,820,Upsell,2024-06-17 15:01:56,2024-08-08 07:14:27,Closed Won,57011.96,1
OPP-002475,ACC-000033,PROD-0039,716,Cross-sell,2024-03-21 06:01:53,2024-04-26 22:19:12,Closed Won,77342.77,1
OPP-002545,ACC-000060,PROD-0070,469,Renewal,2024-05-09 23:43:53,2024-08-14 22:37:58,Closed Won,83615.38,1
OPP-002551,ACC-000016,PROD-0005,955,Cross-sell,2024-10-25 13:20:54,2024-12-17 05:56:36,Closed Won,20809.66,1
OPP-002566,ACC-000046,PROD-0032,692,Renewal,2024-11-10 14:54:39,2024-12-09 23:03:13,Closed Won,74392.4,1
OPP-002655,ACC-000062,PROD-0088,923,Cross-sell,2024-08-16 06:12:18,2024-11-20 15:42:41,Closed Won,65490.54,1
OPP-002656,ACC-000012,PROD-0012,339,Upsell,2024-09-26 21:36:42,2024-10-27 06:33:23,Closed Won,93554.74,1
OPP-002695,ACC-000030,PROD-0051,413,New Business,2024-04-23 17:17:36,2024-08-16 10:44:52,Closed Won,1695.01,1
OPP-002701,ACC-000035,PROD-0099,241,New Business,2023-12-02 06:14:27,2024-01-07 07:45:09,Closed Won,61058.12,1
OPP-002717,ACC-000061,PROD-0083,401,Cross-sell,2024-01-01 15:08:35,2024-01-23 05:27:52,Closed Won,37261.51,1
OPP-002724,ACC-000036,PROD-0063,375,Cross-sell,2024-04-18 03:08:13,2024-07-21 07:25:25,Closed Won,70121.85,1
OPP-002743,ACC-000033,PROD-0062,538,Renewal,2024-03-24 10:31:03,2024-05-19 09:10:43,Closed Won,31678.11,1
OPP-002786,ACC-000001,PROD-0004,99,Expansion,2024-01-17 04:03:15,2024-04-09 07:42:21,Closed Won,45311.43,1
OPP-002816,ACC-000059,PROD-0095,374,Cross-sell,2024-05-26 14:48:05,2024-11-18 22:38:14,Closed Won,74996.58,1
OPP-002888,ACC-000055,PROD-0018,47,Upsell,2024-02-11 15:38:33,2024-04-22 16:45:37,Closed Won,36199.06,1
OPP-002935,ACC-000009,PROD-0016,97,Cross-sell,2023-11-30 03:38:06,2024-05-10 05:09:20,Closed Won,22337.52,1
OPP-002940,ACC-000018,PROD-0028,940,Renewal,2024-03-03 21:06:45,2024-08-16 11:21:08,Closed Won,1096.25,1
OPP-002947,ACC-000018,PROD-0078,505,Expansion,2023-12-14 11:47:04,2024-04-09 04:35:52,Closed Won,6823.32,1
OPP-002956,ACC-000043,PROD-0068,602,New Business,2024-07-28 05:18:13,2024-11-24 23:04:41,Closed Won,77592.68,1
OPP-002978,ACC-000016,PROD-0081,326,Expansion,2024-03-28 09:03:30,2024-06-04 17:05:46,Closed Won,10506.78,1
OPP-002991,ACC-000001,PROD-0094,289,Expansion,2024-05-27 15:24:49,2024-08-02 11:58:52,Closed Won,95665.97,1
OPP-003017,ACC-000043,PROD-0045,130,Renewal,2024-04-29 19:23:45,2024-08-02 13:49:30,Closed Won,25754.46,1
OPP-003020,ACC-000025,PROD-0061,605,Upsell,2024-01-25 13:41:19,2024-05-01 03:26:25,Closed Won,41366.69,1
OPP-003038,ACC-000061,PROD-0018,782,Expansion,2024-02-12 22:08:36,2024-03-28 22:35:47,Closed Won,88153.46,1
OPP-003104,ACC-000033,PROD-0020,578,Expansion,2024-07-13 14:18:28,2024-12-08 04:08:29,Closed Won,6212.22,1
OPP-003120,ACC-000037,PROD-0090,402,New Business,2023-09-08 09:23:34,2024-02-10 16:31:53,Closed Won,80917.96,1
OPP-003135,ACC-000035,PROD-0080,626,Cross-sell,2024-09-19 22:28:21,2024-09-28 03:20:30,Closed Won,90704.02,1
OPP-003151,ACC-000015,PROD-0081,887,New Business,2024-05-21 06:25:36,2024-10-05 08:20:47,Closed Won,50522.07,1
OPP-003155,ACC-000039,PROD-0055,245,Renewal,2024-07-23 11:06:05,2024-12-15 16:19:21,Closed Won,85210.45,1
OPP-003161,ACC-000039,PROD-0007,588,Renewal,2023-09-26 11:13:51,2024-01-23 23:54:21,Closed Won,37597.34,1
OPP-003170,ACC-000038,PROD-0089,88,Upsell,2024-02-13 21:25:40,2024-06-20 12:08:27,Closed Won,73811.65,1
OPP-003172,ACC-000060,PROD-0021,214,Cross-sell,2024-06-16 01:19:52,2024-08-23 02:18:56,Closed Won,27328.99,1
OPP-003175,ACC-000004,PROD-0065,961,Expansion,2024-04-01 09:08:35,2024-06-19 22:16:34,Closed Won,88039.81,1
OPP-003208,ACC-000015,PROD-0015,386,Expansion,2024-08-08 16:09:04,2024-08-21 07:31:06,Closed Won,14243.96,1
OPP-003219,ACC-000004,PROD-0023,110,Upsell,2023-12-04 19:39:46,2024-04-26 21:40:23,Closed Won,80688.3,1
OPP-003227,ACC-000049,PROD-0043,963,Expansion,2024-02-28 17:44:04,2024-07-07 23:17:05,Closed Won,30130.29,1
OPP-003238,ACC-000059,PROD-0062,949,New Business,2024-05-08 03:52:41,2024-06-05 08:11:32,Closed Won,24024.33,1
OPP-003267,ACC-000020,PROD-0079,443,Cross-sell,2023-11-13 21:34:59,2024-02-23 16:02:31,Closed Won,70098.9,1
OPP-003313,ACC-000011,PROD-0050,767,Cross-sell,2024-11-08 15:56:27,2024-12-07 09:45:37,Closed Won,52271.85,1
OPP-003355,ACC-000038,PROD-0091,930,Expansion,2024-02-24 02:51:31,2024-07-03 03:39:49,Closed Won,64223.09,1
OPP-003383,ACC-000047,PROD-0075,145,Renewal,2023-12-11 16:27:49,2024-05-07 19:12:22,Closed Won,55737.9,1
OPP-003472,ACC-000023,PROD-0042,545,Upsell,2024-05-12 07:11:07,2024-06-02 00:15:12,Closed Won,49147.31,1
OPP-003509,ACC-000002,PROD-0087,598,Cross-sell,2024-03-06 16:06:43,2024-04-17 23:37:05,Closed Won,62630.86,1
OPP-003519,ACC-000044,PROD-0008,678,Renewal,2024-06-17 13:03:39,2024-07-12 10:10:30,Closed Won,33723.06,1
OPP-003530,ACC-000028,PROD-0065,877,Cross-sell,2024-05-23 04:17:49,2024-07-29 17:05:34,Closed Won,57270.67,1
OPP-003553,ACC-000015,PROD-0027,226,Renewal,2023-11-08 23:06:22,2024-05-01 19:21:29,Closed Won,61889.86,1
OPP-003563,ACC-000009,PROD-0076,642,Cross-sell,2024-04-05 06:42:10,2024-04-21 07:59:12,Closed Won,47005.03,1
OPP-003595,ACC-000006,PROD-0086,89,Cross-sell,2024-07-04 06:32:18,2024-09-12 18:06:18,Closed Won,22233.21,1
OPP-003618,ACC-000008,PROD-0067,784,Upsell,2023-11-29 15:23:52,2024-03-06 19:05:03,Closed Won,42577.56,1
OPP-003642,ACC-000039,PROD-0025,851,Expansion,2024-05-16 09:30:03,2024-08-28 21:11:17,Closed Won,65157.06,1
OPP-003714,ACC-000047,PROD-0071,140,Renewal,2024-09-27 13:23:18,2024-10-17 03:14:46,Closed Won,6367.8,1
OPP-003757,ACC-000008,PROD-0091,451,New Business,2024-02-17 00:51:35,2024-06-17 06:40:59,Closed Won,61355.13,1
OPP-003760,ACC-000006,PROD-0092,253,Cross-sell,2024-04-04 17:50:18,2024-08-14 23:10:59,Closed Won,37846.35,1
OPP-003780,ACC-000028,PROD-0023,892,Upsell,2024-02-18 00:43:39,2024-05-15 08:49:37,Closed Won,12154.8,1
OPP-003793,ACC-000049,PROD-0045,223,Upsell,2024-10-15 06:18:10,2024-11-13 12:57:46,Closed Won,25425.58,1
OPP-003803,ACC-000056,PROD-0100,595,Upsell,2024-05-17 06:35:59,2024-06-15 08:29:10,Closed Won,84741.4,1
OPP-003815,ACC-000061,PROD-0085,882,Upsell,2024-10-30 10:29:08,2024-11-13 17:16:12,Closed Won,69298.59,1
OPP-003849,ACC-000020,PROD-0024,15,Cross-sell,2024-08-21 05:57:46,2024-11-03 05:50:19,Closed Won,83938.72,1
OPP-003870,ACC-000025,PROD-0040,234,Expansion,2024-07-19 05:54:09,2024-08-23 02:07:38,Closed Won,73860.21,1
OPP-003942,ACC-000039,PROD-0065,48,Upsell,2024-04-24 06:53:01,2024-08-22 16:27:43,Closed Won,31012.68,1
OPP-003948,ACC-000013,PROD-0001,625,Expansion,2024-03-26 15:44:23,2024-08-20 12:17:18,Closed Won,18917.32,1
OPP-003962,ACC-000038,PROD-0005,189,Upsell,2023-12-18 09:56:20,2024-03-06 06:28:58,Closed Won,72613.33,1
OPP-003966,ACC-000008,PROD-0058,734,Renewal,2023-12-22 18:10:44,2024-04-27 22:10:26,Closed Won,15971.55,1
OPP-003993,ACC-000044,PROD-0096,49,Expansion,2023-09-02 08:14:37,2024-01-01 22:53:59,Closed Won,19411.02,1
OPP-004042,ACC-000003,PROD-0003,211,Renewal,2024-07-15 03:03:15,2024-12-06 18:52:11,Closed Won,40519.49,1
OPP-004046,ACC-000030,PROD-0042,600,Renewal,2024-10-06 20:14:47,2024-12-04 23:53:49,Closed Won,8230.1,1
OPP-004063,ACC-000053,PROD-0019,188,Upsell,2024-07-26 05:38:43,2024-12-19 16:52:37,Closed Won,6460.59,1
OPP-004070,ACC-000045,PROD-0051,781,Expansion,2023-11-04 00:43:07,2024-03-31 03:29:23,Closed Won,34392.79,1
OPP-004082,ACC-000040,PROD-0029,124,New Business,2024-06-16 18:51:55,2024-09-06 21:25:54,Closed Won,6021.59,1
OPP-004092,ACC-000033,PROD-0057,854,Upsell,2024-08-17 17:05:43,2024-08-20 14:12:45,Closed Won,46166.88,1
OPP-004106,ACC-000019,PROD-0043,927,Upsell,2023-11-27 06:32:56,2024-04-28 18:34:53,Closed Won,28863.88,1
OPP-004113,ACC-000047,PROD-0045,277,Expansion,2024-01-21 07:18:07,2024-07-17 17:41:44,Closed Won,46559.59,1
OPP-004199,ACC-000015,PROD-0030,696,New Business,2024-02-05 21:03:03,2024-07-15 18:30:39,Closed Won,55648.18,1
OPP-004236,ACC-000004,PROD-0027,981,Expansion,2024-09-14 00:57:55,2024-10-05 11:20:50,Closed Won,53002.04,1
OPP-004237,ACC-000017,PROD-0031,898,Renewal,2023-08-21 02:55:53,2024-01-17 23:15:44,Closed Won,96733.36,1
OPP-004249,ACC-000002,PROD-0063,440,Expansion,2024-05-13 02:44:42,2024-10-06 16:46:07,Closed Won,48030.06,1
OPP-004252,ACC-000057,PROD-0051,223,Expansion,2024-08-30 09:02:16,2024-11-16 22:06:20,Closed Won,7557.78,1
OPP-004287,ACC-000001,PROD-0004,664,Renewal,2024-05-06 13:02:33,2024-10-02 19:37:31,Closed Won,31487.61,1
OPP-004289,ACC-000041,PROD-0081,112,Cross-sell,2024-05-15 20:24:10,2024-07-08 21:51:02,Closed Won,17766.12,1
OPP-004327,ACC-000001,PROD-0051,40,Renewal,2024-05-19 20:27:26,2024-09-27 17:59:15,Closed Won,58398.64,1
OPP-004341,ACC-000039,PROD-0003,258,Cross-sell,2024-02-27 06:01:15,2024-04-05 01:22:34,Closed Won,91310.4,1
OPP-004380,ACC-000016,PROD-0072,226,Renewal,2024-06-14 06:14:50,2024-08-29 17:05:36,Closed Won,39473.47,1
OPP-004381,ACC-000030,PROD-0090,289,Cross-sell,2024-05-16 15:41:31,2024-10-14 10:42:22,Closed Won,24045.25,1
OPP-004393,ACC-000051,PROD-0081,233,Renewal,2024-01-29 21:29:43,2024-07-26 00:12:16,Closed Won,87395.57,1
OPP-004420,ACC-000016,PROD-0075,959,Upsell,2024-03-21 22:40:26,2024-03-30 07:19:55,Closed Won,37976.82,1
OPP-004468,ACC-000036,PROD-0087,280,Renewal,2023-10-29 04:13:54,2024-04-08 14:00:06,Closed Won,84731.15,1
OPP-004486,ACC-000055,PROD-0062,213,Expansion,2024-03-11 22:45:18,2024-04-21 01:21:06,Closed Won,93775.98,1
OPP-004499,ACC-000002,PROD-0062,441,Upsell,2024-09-21 16:40:46,2024-10-22 23:07:32,Closed Won,72104.4,1
OPP-004581,ACC-000055,PROD-0047,205,Renewal,2024-03-27 01:30:25,2024-04-25 18:41:51,Closed Won,13812.16,1
OPP-004636,ACC-000013,PROD-0086,110,Cross-sell,2024-06-14 06:17:50,2024-09-04 09:34:15,Closed Won,21087.72,1
OPP-004717,ACC-000011,PROD-0041,707,Renewal,2024-06-17 08:32:53,2024-09-04 09:06:38,Closed Won,98391.77,1
OPP-004737,ACC-000052,PROD-0019,283,Cross-sell,2024-04-19 04:49:41,2024-05-26 16:40:06,Closed Won,48259.78,1
OPP-004758,ACC-000045,PROD-0011,198,Cross-sell,2024-06-19 04:58:08,2024-12-12 23:31:10,Closed Won,93526.09,1
OPP-004806,ACC-000059,PROD-0005,409,Expansion,2024-05-05 07:33:23,2024-05-30 05:14:06,Closed Won,89089.02,1
OPP-004830,ACC-000043,PROD-0092,890,Upsell,2024-03-22 01:02:02,2024-08-22 11:46:50,Closed Won,37897.68,1
OPP-004888,ACC-000022,PROD-0094,460,New Business,2024-06-24 14:13:52,2024-07-02 06:17:06,Closed Won,69223.73,1
OPP-004913,ACC-000052,PROD-0076,787,New Business,2024-08-14 11:33:59,2024-08-25 16:32:35,Closed Won,37033.36,1
OPP-004940,ACC-000027,PROD-0051,472,Renewal,2024-06-14 08:31:10,2024-07-23 05:42:53,Closed Won,84039.58,1
OPP-004988,ACC-000049,PROD-0046,758,Renewal,2024-04-03 11:07:54,2024-06-09 04:35:23,Closed Won,91606.81,1
OPP-004992,ACC-000057,PROD-0082,919,Renewal,2024-07-25 00:21:39,2024-10-12 11:06:33,Closed Won,60148.87,1
OPP-005003,ACC-000020,PROD-0028,764,Upsell,2024-06-07 05:42:36,2024-11-09 16:11:38,Closed Won,53343.35,1
OPP-005026,ACC-000019,PROD-0070,741,New Business,2024-08-29 10:44:15,2024-09-17 19:23:15,Closed Won,93147.41,1
OPP-005094,ACC-000024,PROD-0005,575,Expansion,2023-10-06 06:30:34,2024-01-01 15:59:17,Closed Won,39936.96,1
OPP-005098,ACC-000034,PROD-0064,612,Upsell,2024-06-12 08:59:27,2024-08-13 03:22:42,Closed Won,24633.44,1
OPP-005102,ACC-000038,PROD-0036,281,New Business,2023-10-12 15:37:58,2024-01-20 19:09:22,Closed Won,82077.17,1
OPP-005140,ACC-000039,PROD-0040,343,Cross-sell,2024-03-27 10:22:07,2024-05-04 20:04:38,Closed Won,60086.09,1
OPP-005205,ACC-000056,PROD-0091,956,Cross-sell,2024-05-16 12:23:14,2024-10-17 16:12:59,Closed Won,38497.37,1
OPP-005225,ACC-000046,PROD-0004,408,New Business,2024-03-17 12:35:21,2024-05-29 09:36:59,Closed Won,61633.03,1
OPP-005229,ACC-000022,PROD-0087,595,Upsell,2024-05-17 03:25:30,2024-09-13 08:11:11,Closed Won,48098.33,1
OPP-005265,ACC-000059,PROD-0015,830,Renewal,2024-05-15 07:21:03,2024-08-23 01:58:56,Closed Won,8245.7,1
OPP-005271,ACC-000062,PROD-0078,764,Renewal,2023-09-06 14:44:55,2024-01-18 15:38:52,Closed Won,55922.09,1
OPP-005277,ACC-000060,PROD-0018,840,New Business,2024-02-10 22:33:32,2024-03-19 20:52:50,Closed Won,66199.86,1
OPP-005285,ACC-000047,PROD-0054,11,Renewal,2024-09-05 03:22:33,2024-11-12 03:28:29,Closed Won,56449.4,1
OPP-005324,ACC-000026,PROD-0098,844,New Business,2024-08-18 01:19:19,2024-12-19 14:49:02,Closed Won,73586.82,1
OPP-005325,ACC-000030,PROD-0005,245,Cross-sell,2023-11-29 05:41:37,2024-02-14 16:06:09,Closed Won,84978.19,1
OPP-005331,ACC-000020,PROD-0076,288,Renewal,2024-03-23 09:31:24,2024-07-02 12:03:45,Closed Won,29153.05,1
OPP-005336,ACC-000036,PROD-0023,468,New Business,2024-02-13 05:04:09,2024-07-27 22:40:30,Closed Won,41232.38,1
OPP-005346,ACC-000018,PROD-0008,251,Renewal,2024-07-24 20:00:19,2024-08-30 23:33:47,Closed Won,71739.75,1
OPP-005411,ACC-000033,PROD-0076,256,Expansion,2024-07-30 08:46:03,2024-12-22 10:14:25,Closed Won,22699.93,1
OPP-005446,ACC-000027,PROD-0083,823,Renewal,2024-10-01 15:24:21,2024-10-24 23:26:16,Closed Won,13375.32,1
OPP-005458,ACC-000036,PROD-0084,473,Expansion,2024-06-21 18:18:26,2024-11-11 14:28:56,Closed Won,24081.3,1
OPP-005464,ACC-000020,PROD-0018,866,Renewal,2024-03-10 04:45:11,2024-04-09 01:52:00,Closed Won,20692.01,1
OPP-005481,ACC-000056,PROD-0018,464,Renewal,2024-03-08 09:14:09,2024-04-23 07:46:00,Closed Won,85685.22,1
OPP-005488,ACC-000026,PROD-0048,782,Cross-sell,2024-03-24 19:03:36,2024-04-04 19:47:31,Closed Won,18770.32,1
OPP-005524,ACC-000034,PROD-0077,502,Upsell,2023-09-28 03:08:08,2024-01-24 13:18:22,Closed Won,65403.53,1
OPP-005581,ACC-000056,PROD-0060,174,Cross-sell,2024-06-14 20:49:10,2024-07-10 21:41:47,Closed Won,40041.17,1
OPP-005666,ACC-000058,PROD-0019,769,Cross-sell,2023-10-11 09:01:53,2024-02-17 00:21:12,Closed Won,86857.85,1
OPP-005678,ACC-000053,PROD-0039,762,New Business,2024-01-23 09:13:12,2024-05-10 08:29:47,Closed Won,73698.01,1
OPP-005684,ACC-000043,PROD-0057,195,Renewal,2024-03-02 22:23:57,2024-08-07 18:42:27,Closed Won,30465.48,1
OPP-005690,ACC-000041,PROD-0038,647,Renewal,2024-08-05 07:05:19,2024-12-25 07:49:38,Closed Won,11221.49,1
OPP-005752,ACC-000049,PROD-0017,611,Cross-sell,2024-07-01 13:35:28,2024-07-19 01:33:27,Closed Won,58552.51,1
OPP-005775,ACC-000049,PROD-0019,796,Expansion,2023-09-01 05:24:44,2024-02-21 08:36:02,Closed Won,94741.42,1
OPP-005876,ACC-000060,PROD-0041,887,Expansion,2023-10-09 13:10:55,2024-03-18 01:12:10,Closed Won,15336.34,1
OPP-005920,ACC-000021,PROD-0016,605,Renewal,2024-08-10 08:59:20,2024-08-16 11:46:27,Closed Won,7511.84,1
OPP-005959,ACC-000017,PROD-0082,923,Renewal,2024-03-22 14:09:38,2024-03-29 19:50:47,Closed Won,25829.33,1
OPP-005960,ACC-000020,PROD-0092,349,Cross-sell,2024-01-23 02:57:11,2024-06-17 23:29:10,Closed Won,59316.83,1
OPP-005967,ACC-000022,PROD-0073,429,Renewal,2024-05-19 18:22:12,2024-11-06 20:42:59,Closed Won,27153.17,1
OPP-005982,ACC-000057,PROD-0053,715,New Business,2024-08-25 23:48:00,2024-10-07 03:09:32,Closed Won,4959.82,1
OPP-006017,ACC-000037,PROD-0020,712,Cross-sell,2024-01-12 03:37:53,2024-01-15 06:47:16,Closed Won,2251.97,1
OPP-006057,ACC-000006,PROD-0041,978,Upsell,2023-12-27 17:13:06,2024-05-31 07:10:12,Closed Won,96183.48,1
OPP-006075,ACC-000057,PROD-0032,868,New Business,2024-04-09 20:49:26,2024-05-08 05:17:28,Closed Won,65007.08,1
OPP-006106,ACC-000020,PROD-0053,710,Upsell,2024-11-29 16:06:19,2024-12-03 13:44:20,Closed Won,33097.55,1
OPP-006126,ACC-000014,PROD-0065,996,New Business,2024-07-06 12:52:07,2024-12-04 10:22:19,Closed Won,7609.31,1
OPP-006177,ACC-000061,PROD-0006,476,Upsell,2023-10-07 20:17:24,2024-03-31 15:11:00,Closed Won,38027.11,1
OPP-006294,ACC-000029,PROD-0086,841,Expansion,2023-12-14 01:11:13,2024-01-02 23:19:06,Closed Won,76102.25,1
OPP-006335,ACC-000010,PROD-0001,548,Renewal,2024-06-02 04:45:28,2024-10-13 07:06:03,Closed Won,91822.08,1
OPP-006350,ACC-000016,PROD-0053,282,Upsell,2023-08-08 17:02:45,2024-01-02 08:02:12,Closed Won,60046.45,1
OPP-006421,ACC-000042,PROD-0048,309,New Business,2024-08-02 15:44:17,2024-09-06 09:19:09,Closed Won,92101.08,1
OPP-006501,ACC-000052,PROD-0059,951,Expansion,2024-11-15 05:56:09,2024-11-20 12:15:45,Closed Won,53422.13,1
OPP-006504,ACC-000002,PROD-0004,184,Upsell,2024-02-25 12:52:22,2024-03-12 08:30:56,Closed Won,78389.6,1
OPP-006552,ACC-000009,PROD-0050,971,Expansion,2023-11-02 07:01:53,2024-03-08 21:13:11,Closed Won,60174.21,1
OPP-006574,ACC-000051,PROD-0045,754,Upsell,2024-11-13 03:54:18,2024-12-24 03:09:02,Closed Won,59738.39,1
OPP-006597,ACC-000010,PROD-0079,790,Renewal,2023-12-27 05:48:00,2024-03-16 19:38:41,Closed Won,76564.52,1
OPP-006601,ACC-000005,PROD-0068,544,Upsell,2024-03-26 16:43:27,2024-07-08 17:01:29,Closed Won,61481.53,1
OPP-006608,ACC-000058,PROD-0014,363,Cross-sell,2024-11-08 04:28:58,2024-12-15 06:54:32,Closed Won,5341.58,1
OPP-006614,ACC-000050,PROD-0051,72,New Business,2024-10-21 12:08:16,2024-12-22 13:35:40,Closed Won,34940.08,1
OPP-006619,ACC-000020,PROD-0027,934,Upsell,2024-07-16 02:04:03,2024-09-18 22:42:35,Closed Won,2069.42,1
OPP-006635,ACC-000016,PROD-0037,312,Expansion,2024-05-06 11:17:00,2024-05-21 23:59:21,Closed Won,76011.19,1
OPP-006636,ACC-000005,PROD-0026,9,Renewal,2023-12-07 04:04:33,2024-05-29 12:11:30,Closed Won,21794.22,1
OPP-006639,ACC-000017,PROD-0060,459,Cross-sell,2024-05-23 05:27:00,2024-10-18 01:36:10,Closed Won,27295.44,1
OPP-006688,ACC-000049,PROD-0023,257,Expansion,2024-10-13 21:24:39,2024-12-14 16:54:37,Closed Won,99404.53,1
OPP-006708,ACC-000041,PROD-0004,977,Renewal,2024-05-31 17:16:27,2024-10-20 08:32:22,Closed Won,46841.66,1
OPP-006736,ACC-000018,PROD-0002,288,Upsell,2024-06-17 21:50:30,2024-07-21 23:40:37,Closed Won,23284.83,1
OPP-006810,ACC-000040,PROD-0083,491,Cross-sell,2024-02-17 10:49:38,2024-05-28 03:44:35,Closed Won,26617.62,1
OPP-006825,ACC-000039,PROD-0027,191,Expansion,2024-08-28 22:18:40,2024-09-20 07:52:35,Closed Won,58927.52,1
OPP-006860,ACC-000049,PROD-0075,126,Cross-sell,2024-01-07 09:29:13,2024-03-01 23:23:38,Closed Won,42206.01,1
OPP-006868,ACC-000036,PROD-0046,537,New Business,2024-03-28 15:12:42,2024-05-16 23:22:33,Closed Won,76342.7,1
OPP-006898,ACC-000023,PROD-0060,760,New Business,2024-01-10 21:54:13,2024-03-07 19:58:52,Closed Won,76791.46,1
OPP-006906,ACC-000030,PROD-0083,927,Renewal,2024-08-19 17:01:45,2024-10-18 23:56:34,Closed Won,94880.46,1
OPP-006925,ACC-000057,PROD-0015,99,Renewal,2024-05-18 16:14:59,2024-10-14 07:19:17,Closed Won,37052.2,1
OPP-006942,ACC-000050,PROD-0060,959,New Business,2024-09-13 09:53:19,2024-10-12 21:00:52,Closed Won,99807.87,1
OPP-006943,ACC-000061,PROD-0057,564,Renewal,2024-10-14 21:23:17,2024-11-03 03:02:27,Closed Won,41768.95,1
OPP-006973,ACC-000013,PROD-0014,236,Upsell,2024-08-02 19:34:19,2024-12-06 01:15:27,Closed Won,34639.57,1
OPP-007015,ACC-000033,PROD-0022,493,New Business,2023-12-15 19:40:56,2024-03-26 19:25:12,Closed Won,48782.83,1
OPP-007018,ACC-000022,PROD-0022,195,Upsell,2024-02-04 20:26:29,2024-02-29 17:28:56,Closed Won,9106.97,1
OPP-007022,ACC-000046,PROD-0045,883,Expansion,2023-11-25 20:26:07,2024-04-28 17:52:19,Closed Won,35941.34,1
OPP-007092,ACC-000049,PROD-0032,571,New Business,2024-01-12 00:56:54,2024-03-13 09:04:55,Closed Won,39642.27,1
OPP-007123,ACC-000007,PROD-0085,801,New Business,2024-05-27 22:28:02,2024-10-14 07:25:01,Closed Won,99705.82,1
OPP-007182,ACC-000042,PROD-0050,264,New Business,2024-07-16 07:36:49,2024-07-27 14:42:21,Closed Won,72383.97,1
OPP-007187,ACC-000048,PROD-0028,484,Expansion,2023-11-18 16:26:37,2024-04-11 11:04:12,Closed Won,29136.29,1
OPP-007230,ACC-000058,PROD-0076,362,Expansion,2024-05-21 23:11:46,2024-08-16 05:41:22,Closed Won,14003.49,1
OPP-007233,ACC-000010,PROD-0073,484,Upsell,2024-02-12 07:03:58,2024-03-08 05:12:12,Closed Won,80995.17,1
OPP-007245,ACC-000041,PROD-0006,168,Upsell,2024-06-19 09:46:33,2024-10-04 13:29:38,Closed Won,19786.98,1
OPP-007249,ACC-000014,PROD-0014,512,Renewal,2024-04-30 13:15:26,2024-05-20 23:22:57,Closed Won,55742.06,1
OPP-007270,ACC-000043,PROD-0005,384,Upsell,2024-02-16 12:23:54,2024-05-13 19:49:20,Closed Won,13401.4,1
OPP-007321,ACC-000011,PROD-0010,27,Cross-sell,2024-06-16 12:25:54,2024-08-19 10:44:17,Closed Won,59281.2,1
OPP-007340,ACC-000012,PROD-0047,566,Renewal,2024-09-21 01:12:01,2024-11-06 00:13:46,Closed Won,86594.88,1
OPP-007356,ACC-000055,PROD-0008,985,Cross-sell,2024-02-04 03:08:58,2024-03-24 18:29:19,Closed Won,14147.13,1
OPP-007415,ACC-000032,PROD-0087,103,Upsell,2023-11-13 11:28:27,2024-04-28 04:42:25,Closed Won,67846.31,1
OPP-007438,ACC-000018,PROD-0081,705,Cross-sell,2024-06-25 01:39:30,2024-09-03 13:37:02,Closed Won,49873.6,1
OPP-007455,ACC-000012,PROD-0067,380,Expansion,2024-06-16 03:04:52,2024-12-07 07:12:33,Closed Won,82078.55,1
OPP-007517,ACC-000024,PROD-0041,938,Renewal,2023-11-03 20:16:16,2024-02-06 11:21:42,Closed Won,69841.69,1
OPP-007576,ACC-000012,PROD-0081,665,Cross-sell,2024-06-28 03:32:52,2024-11-18 21:54:53,Closed Won,18337.84,1
OPP-007628,ACC-000004,PROD-0039,794,Expansion,2023-12-29 08:54:41,2024-03-13 23:18:15,Closed Won,10587.5,1
OPP-007655,ACC-000032,PROD-0029,834,Upsell,2024-01-30 05:10:28,2024-06-25 17:17:49,Closed Won,8523.07,1
OPP-007687,ACC-000041,PROD-0031,456,Upsell,2024-07-19 20:12:04,2024-11-08 04:41:07,Closed Won,24717.04,1
OPP-007763,ACC-000029,PROD-0086,642,Upsell,2023-12-16 09:37:18,2024-02-17 00:30:26,Closed Won,71043.47,1
OPP-007813,ACC-000026,PROD-0002,439,New Business,2024-01-30 16:19:00,2024-03-12 17:52:59,Closed Won,60076.92,1
OPP-007887,ACC-000048,PROD-0082,190,New Business,2023-12-23 22:59:16,2024-05-02 06:19:08,Closed Won,76344.39,1
OPP-007919,ACC-000006,PROD-0076,759,Cross-sell,2023-09-06 10:29:01,2024-02-22 18:26:13,Closed Won,1887.05,1
OPP-007967,ACC-000028,PROD-0015,158,Renewal,2024-07-24 23:43:06,2024-11-17 04:22:25,Closed Won,37804.96,1
OPP-007977,ACC-000026,PROD-0042,308,Upsell,2023-12-16 07:17:28,2024-03-24 23:48:17,Closed Won,12882.83,1
OPP-008014,ACC-000061,PROD-0005,224,Expansion,2024-09-13 05:07:34,2024-10-17 00:02:07,Closed Won,73918.95,1
OPP-008050,ACC-000034,PROD-0042,201,Renewal,2024-11-27 23:38:24,2024-12-14 08:07:09,Closed Won,96855.69,1
OPP-008082,ACC-000031,PROD-0092,103,Cross-sell,2023-12-26 10:11:39,2024-03-09 11:27:19,Closed Won,65074.93,1
OPP-008113,ACC-000018,PROD-0052,90,Upsell,2023-12-22 15:03:35,2024-02-07 04:54:52,Closed Won,2055.05,1
OPP-008114,ACC-000053,PROD-0027,897,Expansion,2024-03-15 05:27:12,2024-05-22 22:31:50,Closed Won,37562.68,1
OPP-008183,ACC-000022,PROD-0024,764,Cross-sell,2024-12-21 02:32:14,2024-12-30 23:10:53,Closed Won,58359.87,1
OPP-008257,ACC-000034,PROD-0098,987,New Business,2024-07-24 08:02:52,2024-12-08 22:32:42,Closed Won,14369.83,1
OPP-008274,ACC-000015,PROD-0038,358,Renewal,2024-01-25 11:32:51,2024-07-11 08:11:24,Closed Won,33132.95,1
OPP-008286,ACC-000055,PROD-0091,762,Renewal,2024-04-12 17:04:19,2024-08-03 14:21:50,Closed Won,42100.67,1
OPP-008332,ACC-000005,PROD-0099,899,Renewal,2023-11-25 19:34:10,2024-04-22 12:08:11,Closed Won,80788.42,1
OPP-008411,ACC-000035,PROD-0049,996,Cross-sell,2023-09-19 09:56:56,2024-01-31 10:23:29,Closed Won,46091.95,1
OPP-008416,ACC-000048,PROD-0081,666,Upsell,2023-09-13 09:36:38,2024-01-09 18:52:03,Closed Won,12212.98,1
OPP-008446,ACC-000034,PROD-0041,120,Cross-sell,2024-01-08 00:35:51,2024-02-08 09:43:17,Closed Won,25667.47,1
OPP-008449,ACC-000016,PROD-0091,757,New Business,2024-03-13 02:20:06,2024-06-30 16:11:28,Closed Won,9131.32,1
OPP-008463,ACC-000022,PROD-0081,531,Cross-sell,2024-02-23 16:48:40,2024-07-22 15:14:17,Closed Won,8910.61,1
OPP-008467,ACC-000016,PROD-0045,393,Expansion,2024-03-21 06:17:11,2024-07-28 07:09:43,Closed Won,9497.77,1
OPP-008479,ACC-000052,PROD-0059,817,Cross-sell,2023-09-17 23:08:52,2024-01-11 00:14:37,Closed Won,42671.77,1
OPP-008485,ACC-000036,PROD-0060,848,Expansion,2024-01-24 01:22:58,2024-03-18 21:24:11,Closed Won,20840.26,1
OPP-008522,ACC-000020,PROD-0078,368,Renewal,2024-10-12 19:32:37,2024-12-27 16:14:34,Closed Won,65242.23,1
OPP-008537,ACC-000016,PROD-0038,43,Upsell,2023-11-16 06:09:23,2024-02-11 00:22:47,Closed Won,85232.89,1
OPP-008542,ACC-000007,PROD-0089,690,Upsell,2024-05-28 06:05:04,2024-06-21 14:26:33,Closed Won,52292.31,1
OPP-008545,ACC-000018,PROD-0083,373,Expansion,2024-04-06 13:29:07,2024-06-14 04:07:26,Closed Won,73406.33,1
OPP-008603,ACC-000045,PROD-0051,346,Upsell,2023-10-24 02:41:56,2024-03-29 21:35:55,Closed Won,20640.19,1
OPP-008611,ACC-000036,PROD-0017,65,Expansion,2024-08-15 05:06:41,2024-09-19 13:33:39,Closed Won,55259.66,1
OPP-008628,ACC-000040,PROD-0028,771,New Business,2024-04-11 05:49:18,2024-08-09 11:17:12,Closed Won,37467.32,1
OPP-008656,ACC-000021,PROD-0007,672,Renewal,2024-08-03 23:13:05,2024-09-25 17:49:53,Closed Won,97528.85,1
OPP-008669,ACC-000045,PROD-0008,748,Upsell,2023-11-16 08:53:51,2024-01-24 11:12:25,Closed Won,25387.17,1
OPP-008689,ACC-000044,PROD-0006,442,Upsell,2024-02-26 23:59:59,2024-03-02 21:42:24,Closed Won,19750.97,1
OPP-008761,ACC-000024,PROD-0067,61,Upsell,2024-10-12 00:30:22,2024-11-22 22:32:30,Closed Won,71616.89,1
OPP-008775,ACC-000044,PROD-0079,30,Cross-sell,2023-12-27 03:59:33,2024-02-28 21:14:22,Closed Won,4996.98,1
OPP-008783,ACC-000046,PROD-0039,192,Expansion,2024-06-21 23:39:04,2024-07-13 07:10:58,Closed Won,92546.03,1
OPP-008801,ACC-000006,PROD-0091,193,Expansion,2024-09-08 20:00:19,2024-09-14 01:22:02,Closed Won,72881.06,1
OPP-008805,ACC-000017,PROD-0009,477,Cross-sell,2023-12-10 07:16:04,2024-04-24 03:51:54,Closed Won,94570.29,1
OPP-008807,ACC-000044,PROD-0087,323,New Business,2024-08-07 01:42:04,2024-10-24 14:43:48,Closed Won,95976.96,1
OPP-008907,ACC-000021,PROD-0066,841,Cross-sell,2024-01-29 21:05:09,2024-03-05 11:22:18,Closed Won,98290.53,1
OPP-008917,ACC-000056,PROD-0092,905,Upsell,2024-09-08 06:33:24,2024-11-25 14:12:48,Closed Won,99764.58,1
OPP-008947,ACC-000055,PROD-0018,130,New Business,2024-05-29 08:06:32,2024-10-19 14:36:05,Closed Won,65736.05,1
OPP-008979,ACC-000060,PROD-0051,783,Expansion,2024-07-08 15:53:17,2024-09-12 17:23:49,Closed Won,89701.53,1
OPP-009124,ACC-000016,PROD-0022,886,Cross-sell,2024-02-03 07:51:41,2024-03-31 05:15:09,Closed Won,85769.82,1
OPP-009131,ACC-000013,PROD-0096,582,Cross-sell,2024-01-09 05:32:24,2024-03-14 01:38:07,Closed Won,21562.41,1
OPP-009144,ACC-000043,PROD-0100,610,Renewal,2024-08-25 02:47:17,2024-12-01 00:10:42,Closed Won,50391.62,1
OPP-009147,ACC-000022,PROD-0083,537,Cross-sell,2024-06-16 10:48:57,2024-07-20 11:08:08,Closed Won,12096.2,1
OPP-009148,ACC-000052,PROD-0097,448,Cross-sell,2024-05-09 00:27:49,2024-07-24 18:16:50,Closed Won,19237.25,1
OPP-009172,ACC-000011,PROD-0078,778,New Business,2024-09-07 19:31:08,2024-11-02 22:31:52,Closed Won,78494.36,1
OPP-009203,ACC-000015,PROD-0043,521,New Business,2024-03-03 16:06:31,2024-03-25 04:25:15,Closed Won,16925.04,1
OPP-009215,ACC-000041,PROD-0013,941,Expansion,2024-09-16 06:19:43,2024-12-16 08:19:27,Closed Won,43445.58,1
OPP-009233,ACC-000058,PROD-0077,621,New Business,2024-04-08 03:13:11,2024-06-29 07:42:23,Closed Won,78204.14,1
OPP-009237,ACC-000023,PROD-0085,790,Upsell,2024-03-13 05:04:11,2024-03-19 20:24:38,Closed Won,60079.14,1
OPP-009242,ACC-000008,PROD-0004,282,Upsell,2024-02-16 14:01:57,2024-05-25 07:51:57,Closed Won,79160.52,1
OPP-009247,ACC-000057,PROD-0094,818,New Business,2024-01-31 21:11:13,2024-03-21 09:59:43,Closed Won,45238.59,1
OPP-009294,ACC-000035,PROD-0003,6,Upsell,2024-07-24 05:33:52,2024-08-07 19:03:10,Closed Won,10129.28,1
OPP-009317,ACC-000004,PROD-0088,330,Renewal,2024-07-30 10:09:16,2024-08-12 00:46:43,Closed Won,42929.19,1
OPP-009326,ACC-000055,PROD-0050,778,Upsell,2024-07-15 19:25:52,2024-10-24 03:28:19,Closed Won,49218.77,1
OPP-009329,ACC-000055,PROD-0082,605,Renewal,2024-11-02 19:00:21,2024-11-27 21:09:09,Closed Won,36761.29,1
OPP-009338,ACC-000002,PROD-0048,967,Renewal,2024-07-24 03:37:27,2024-08-26 23:00:15,Closed Won,71712.23,1
OPP-009358,ACC-000038,PROD-0065,673,Renewal,2024-06-03 04:44:52,2024-08-29 13:04:11,Closed Won,55249.29,1
OPP-009379,ACC-000028,PROD-0037,932,New Business,2024-07-10 07:14:05,2024-10-04 17:08:30,Closed Won,39419.63,1
OPP-009395,ACC-000041,PROD-0084,844,Expansion,2024-07-22 19:45:11,2024-10-30 13:57:41,Closed Won,2813.91,1
OPP-009451,ACC-000015,PROD-0095,127,Cross-sell,2024-02-26 15:41:21,2024-03-17 20:19:01,Closed Won,4913.31,1
OPP-009456,ACC-000051,PROD-0050,658,Renewal,2023-10-07 06:47:53,2024-03-20 16:15:58,Closed Won,31577.5,1
OPP-009458,ACC-000018,PROD-0061,835,New Business,2023-10-11 21:43:20,2024-03-30 08:24:20,Closed Won,66385.2,1
OPP-009468,ACC-000027,PROD-0011,779,Cross-sell,2024-08-20 05:53:34,2024-09-25 17:15:53,Closed Won,30612.6,1
OPP-009483,ACC-000028,PROD-0065,109,Expansion,2024-08-25 22:53:40,2024-10-02 20:25:28,Closed Won,16661.45,1
OPP-009495,ACC-000012,PROD-0095,721,Upsell,2023-12-25 09:21:52,2024-05-22 07:03:10,Closed Won,3842.79,1
OPP-009528,ACC-000008,PROD-0039,392,Renewal,2024-09-14 06:24:55,2024-12-12 20:42:54,Closed Won,41260.04,1
OPP-009534,ACC-000011,PROD-0041,568,Upsell,2024-03-04 23:53:36,2024-04-09 06:35:29,Closed Won,13099.51,1
OPP-009539,ACC-000031,PROD-0074,351,New Business,2024-03-26 23:29:51,2024-05-25 03:54:30,Closed Won,89516.3,1
OPP-009585,ACC-000052,PROD-0097,722,Renewal,2024-05-07 07:30:02,2024-06-07 07:58:40,Closed Won,57691.15,1
OPP-009626,ACC-000045,PROD-0071,837,Expansion,2024-10-02 03:22:24,2024-11-25 09:16:19,Closed Won,69138.92,1
OPP-009631,ACC-000040,PROD-0094,383,Expansion,2024-07-15 21:13:25,2024-09-04 13:56:26,Closed Won,20095.71,1
OPP-009654,ACC-000004,PROD-0016,674,Expansion,2024-01-05 16:08:39,2024-04-06 21:54:18,Closed Won,85444.1,1
OPP-009695,ACC-000039,PROD-0025,833,Renewal,2023-10-01 11:52:05,2024-03-09 04:48:31,Closed Won,96568.84,1
OPP-009704,ACC-000046,PROD-0060,341,Upsell,2024-08-19 15:49:02,2024-10-20 14:58:57,Closed Won,60589.11,1
OPP-009726,ACC-000045,PROD-0057,968,Cross-sell,2024-11-19 08:56:30,2024-11-29 16:46:57,Closed Won,39425.4,1
OPP-009749,ACC-000022,PROD-0080,119,Cross-sell,2024-10-23 04:10:00,2024-11-14 23:41:07,Closed Won,66181.69,1
OPP-009774,ACC-000060,PROD-0012,996,Renewal,2023-12-09 03:37:31,2024-02-14 03:15:12,Closed Won,49845.94,1
OPP-009802,ACC-000009,PROD-0011,80,Renewal,2023-12-07 22:20:42,2024-02-15 19:06:42,Closed Won,87114.38,1
OPP-009809,ACC-000037,PROD-0012,290,Expansion,2024-10-11 08:57:34,2024-11-10 04:00:43,Closed Won,81153.16,1
OPP-009834,ACC-000060,PROD-0095,757,Expansion,2024-10-10 08:51:00,2024-12-19 08:52:35,Closed Won,91443.73,1
OPP-009860,ACC-000037,PROD-0095,995,Cross-sell,2024-09-15 22:03:30,2024-10-27 15:02:31,Closed Won,83794.39,1
OPP-009912,ACC-000014,PROD-0034,703,Expansion,2024-09-24 17:52:46,2024-10-03 07:35:23,Closed Won,92833.03,1
OPP-010017,ACC-000047,PROD-0027,732,Renewal,2024-01-02 07:46:38,2024-04-13 06:45:56,Closed Won,48674.49,1
OPP-010078,ACC-000022,PROD-0078,960,New Business,2024-05-01 07:02:48,2024-10-15 13:17:41,Closed Won,58287.29,1
OPP-010140,ACC-000040,PROD-0052,701,New Business,2024-01-31 15:42:29,2024-04-23 23:45:52,Closed Won,70720.62,1
OPP-010165,ACC-000028,PROD-0016,232,Expansion,2024-01-07 07:05:31,2024-01-21 06:28:17,Closed Won,24527.86,1
OPP-010178,ACC-000042,PROD-0087,555,Upsell,2024-03-28 05:30:34,2024-06-18 14:14:03,Closed Won,66712.75,1
OPP-010190,ACC-000034,PROD-0054,58,Upsell,2024-05-07 23:32:07,2024-06-07 11:11:23,Closed Won,70643.35,1
OPP-010228,ACC-000022,PROD-0006,511,Upsell,2023-12-24 07:18:39,2024-01-27 00:22:21,Closed Won,11296.28,1
OPP-010248,ACC-000028,PROD-0070,97,New Business,2024-03-15 18:19:35,2024-04-06 04:32:51,Closed Won,62301.81,1
OPP-010253,ACC-000037,PROD-0022,848,New Business,2024-08-09 09:10:10,2024-10-02 22:47:47,Closed Won,72767.94,1
OPP-010258,ACC-000021,PROD-0031,600,Expansion,2024-04-29 16:29:20,2024-10-10 01:54:42,Closed Won,12593.87,1
OPP-010272,ACC-000027,PROD-0009,626,Cross-sell,2024-04-27 14:09:27,2024-06-19 04:39:42,Closed Won,2032.57,1
OPP-010286,ACC-000004,PROD-0090,772,Renewal,2024-01-19 05:19:32,2024-02-10 03:41:56,Closed Won,57406.94,1
OPP-010287,ACC-000050,PROD-0022,553,Cross-sell,2024-01-01 15:18:44,2024-06-13 09:38:01,Closed Won,47645.33,1
OPP-010289,ACC-000057,PROD-0059,634,Renewal,2024-03-22 22:29:34,2024-04-12 01:53:37,Closed Won,5868.75,1
OPP-010296,ACC-000022,PROD-0038,457,Upsell,2024-07-04 10:32:48,2024-12-27 22:30:41,Closed Won,80033.32,1
OPP-010300,ACC-000056,PROD-0041,889,Renewal,2024-08-27 19:36:31,2024-09-05 13:23:33,Closed Won,20944.65,1
OPP-010314,ACC-000034,PROD-0061,729,Upsell,2024-05-02 22:24:19,2024-10-27 06:22:15,Closed Won,28053.66,1
OPP-010317,ACC-000019,PROD-0047,561,Renewal,2023-11-26 06:24:40,2024-01-01 08:42:35,Closed Won,19281.63,1
OPP-010335,ACC-000033,PROD-0013,746,Expansion,2024-10-28 00:32:53,2024-11-07 07:18:29,Closed Won,27402.77,1
OPP-010348,ACC-000041,PROD-0008,234,Cross-sell,2024-08-22 05:12:15,2024-11-09 03:29:41,Closed Won,81712.54,1
OPP-010368,ACC-000009,PROD-0083,250,Cross-sell,2024-07-24 01:37:40,2024-08-11 15:04:25,Closed Won,47625.1,1
OPP-010405,ACC-000033,PROD-0018,844,Expansion,2024-07-08 02:32:39,2024-11-02 05:17:00,Closed Won,23552.53,1
OPP-010431,ACC-000032,PROD-0034,792,Expansion,2024-04-30 12:43:39,2024-06-23 16:40:24,Closed Won,90294.75,1
OPP-010446,ACC-000019,PROD-0037,251,Expansion,2024-02-04 14:57:50,2024-05-09 11:10:50,Closed Won,17375.61,1
OPP-010450,ACC-000003,PROD-0005,399,Expansion,2023-11-01 20:55:45,2024-02-21 04:24:01,Closed Won,25085.43,1
OPP-010494,ACC-000018,PROD-0051,612,Expansion,2024-07-17 06:28:25,2024-12-01 14:42:14,Closed Won,53033.73,1
OPP-010495,ACC-000025,PROD-0065,235,Renewal,2024-03-26 11:48:09,2024-07-13 01:58:08,Closed Won,83474.97,1
OPP-010550,ACC-000055,PROD-0006,423,Upsell,2024-09-12 14:16:19,2024-11-22 04:18:06,Closed Won,51346.72,1
OPP-010568,ACC-000002,PROD-0074,901,New Business,2024-08-03 12:24:29,2024-08-27 17:19:07,Closed Won,50379.82,1
OPP-010574,ACC-000033,PROD-0071,332,New Business,2024-05-28 05:32:34,2024-08-12 11:11:45,Closed Won,15940.03,1
OPP-010584,ACC-000016,PROD-0079,425,Expansion,2024-07-01 06:24:10,2024-09-23 20:01:47,Closed Won,10990.67,1
OPP-010615,ACC-000015,PROD-0022,717,Expansion,2023-11-28 01:14:10,2024-03-17 10:42:21,Closed Won,87999.48,1
OPP-010634,ACC-000056,PROD-0049,712,Renewal,2024-06-29 21:01:13,2024-12-12 03:32:25,Closed Won,36130.99,1
OPP-010649,ACC-000018,PROD-0036,613,New Business,2024-05-24 15:00:34,2024-06-29 15:48:44,Closed Won,93616.79,1
OPP-010692,ACC-000005,PROD-0079,557,Cross-sell,2023-11-20 03:46:01,2024-03-11 19:51:56,Closed Won,57333.19,1
OPP-010694,ACC-000048,PROD-0085,755,Expansion,2023-10-02 21:21:20,2024-01-13 04:31:37,Closed Won,85055.21,1
OPP-010704,ACC-000052,PROD-0064,76,New Business,2024-02-26 13:20:58,2024-05-20 08:08:27,Closed Won,80721.24,1
OPP-010719,ACC-000015,PROD-0045,235,Upsell,2024-06-18 06:40:16,2024-06-29 23:31:41,Closed Won,31818.81,1
OPP-010745,ACC-000013,PROD-0087,508,Cross-sell,2024-08-18 20:29:56,2024-11-26 13:41:50,Closed Won,33093.35,1
OPP-010750,ACC-000021,PROD-0021,116,Expansion,2024-05-21 16:13:19,2024-10-05 10:39:05,Closed Won,64480.45,1
OPP-010795,ACC-000015,PROD-0045,710,Cross-sell,2024-07-05 18:52:33,2024-12-21 12:12:42,Closed Won,25988.36,1
OPP-010819,ACC-000050,PROD-0040,66,New Business,2024-06-13 18:33:19,2024-11-10 17:37:27,Closed Won,43824.17,1
OPP-010837,ACC-000019,PROD-0049,878,Renewal,2024-07-13 07:43:56,2024-11-26 06:45:23,Closed Won,94044.54,1
OPP-010898,ACC-000027,PROD-0061,502,Renewal,2024-02-27 21:56:52,2024-04-06 15:38:00,Closed Won,70342.85,1
OPP-010916,ACC-000031,PROD-0086,621,Upsell,2024-05-27 07:32:15,2024-06-09 23:04:17,Closed Won,45083.69,1
OPP-010949,ACC-000052,PROD-0097,740,New Business,2024-04-01 13:04:51,2024-09-09 13:11:30,Closed Won,14153.36,1
OPP-010956,ACC-000024,PROD-0047,962,Expansion,2024-05-28 15:07:18,2024-09-26 06:07:06,Closed Won,56786.7,1
OPP-010961,ACC-000013,PROD-0037,588,New Business,2024-05-24 09:23:03,2024-08-28 15:34:13,Closed Won,77445.02,1
OPP-010962,ACC-000006,PROD-0068,429,Renewal,2024-02-05 05:25:45,2024-03-25 18:42:38,Closed Won,45566.59,1
OPP-010966,ACC-000043,PROD-0018,173,Cross-sell,2023-07-12 20:57:20,2024-01-08 09:47:37,Closed Won,77195.8,1
OPP-011067,ACC-000048,PROD-0092,87,Upsell,2024-08-18 17:43:30,2024-09-14 02:09:20,Closed Won,10295.83,1
OPP-011127,ACC-000025,PROD-0075,462,Renewal,2024-06-04 09:26:25,2024-11-17 01:22:55,Closed Won,78015.26,1
OPP-011130,ACC-000037,PROD-0049,930,Upsell,2024-04-24 20:33:44,2024-05-24 07:59:00,Closed Won,90256.63,1
OPP-011144,ACC-000036,PROD-0088,530,Renewal,2023-12-26 03:55:50,2024-05-08 18:48:32,Closed Won,66418.19,1
OPP-011178,ACC-000052,PROD-0061,182,Renewal,2024-02-19 14:25:54,2024-08-11 15:00:53,Closed Won,64815.6,1
OPP-011222,ACC-000033,PROD-0034,287,New Business,2024-06-12 15:57:17,2024-10-22 03:15:14,Closed Won,89422.13,1
OPP-011246,ACC-000029,PROD-0025,241,Expansion,2024-04-28 12:18:26,2024-10-23 20:47:16,Closed Won,40226.76,1
OPP-011309,ACC-000034,PROD-0062,845,Upsell,2024-05-13 22:46:33,2024-09-06 20:49:11,Closed Won,10190.15,1
OPP-011325,ACC-000041,PROD-0015,896,New Business,2024-06-24 10:33:02,2024-11-20 08:10:25,Closed Won,71014.92,1
OPP-011346,ACC-000016,PROD-0004,460,Expansion,2024-04-10 20:00:51,2024-10-01 18:18:22,Closed Won,52085.89,1
OPP-011358,ACC-000012,PROD-0029,854,Cross-sell,2024-02-16 11:14:23,2024-07-13 04:49:28,Closed Won,5224.5,1
OPP-011368,ACC-000010,PROD-0091,729,Cross-sell,2024-05-11 08:57:12,2024-05-29 12:08:34,Closed Won,48693.99,1
OPP-011370,ACC-000044,PROD-0024,131,Upsell,2023-12-29 05:07:33,2024-05-28 00:02:44,Closed Won,2244.02,1
OPP-011377,ACC-000009,PROD-0025,283,Expansion,2023-11-29 19:05:06,2024-01-20 18:07:53,Closed Won,35520.99,1
OPP-011387,ACC-000041,PROD-0069,949,Renewal,2024-09-26 11:48:32,2024-12-31 11:07:17,Closed Won,84149.29,1
OPP-011390,ACC-000050,PROD-0011,648,Renewal,2024-08-28 20:11:58,2024-10-05 18:59:31,Closed Won,74535.43,1
OPP-011444,ACC-000060,PROD-0011,368,Upsell,2024-07-26 20:18:33,2024-11-01 18:27:20,Closed Won,87968.32,1
OPP-011456,ACC-000023,PROD-0093,372,Cross-sell,2024-01-28 18:48:48,2024-03-25 23:09:03,Closed Won,19865.72,1
OPP-011469,ACC-000052,PROD-0008,65,Cross-sell,2024-02-14 08:20:29,2024-05-08 15:36:51,Closed Won,80315.28,1
OPP-011475,ACC-000038,PROD-0080,655,Cross-sell,2024-07-28 10:37:08,2024-10-09 22:34:40,Closed Won,81202.04,1
OPP-011523,ACC-000039,PROD-0038,587,Renewal,2024-02-22 07:28:58,2024-04-25 18:30:12,Closed Won,18550.72,1
OPP-011535,ACC-000060,PROD-0009,702,New Business,2024-10-06 15:23:05,2024-11-30 06:37:05,Closed Won,83027.76,1
OPP-011556,ACC-000029,PROD-0052,6,Expansion,2024-03-27 20:26:53,2024-05-04 09:30:02,Closed Won,10940.85,1
OPP-011628,ACC-000060,PROD-0079,907,Upsell,2024-03-24 09:39:29,2024-05-19 08:06:33,Closed Won,82235.84,1
OPP-011635,ACC-000027,PROD-0070,150,Upsell,2024-07-25 08:47:46,2024-12-12 15:31:03,Closed Won,79069.64,1
OPP-011644,ACC-000034,PROD-0068,617,Cross-sell,2024-07-11 12:07:38,2024-08-27 03:22:11,Closed Won,81616.99,1
OPP-011663,ACC-000053,PROD-0087,197,Cross-sell,2023-10-28 00:17:07,2024-04-05 19:01:31,Closed Won,64295.1,1
OPP-011696,ACC-000020,PROD-0036,991,Renewal,2024-09-29 19:00:17,2024-11-26 00:49:19,Closed Won,25493.57,1
OPP-011700,ACC-000004,PROD-0004,188,Renewal,2024-06-15 12:25:23,2024-09-05 02:10:39,Closed Won,21043.71,1
OPP-011744,ACC-000014,PROD-0096,885,Expansion,2024-05-07 05:58:37,2024-08-15 15:09:41,Closed Won,76880.77,1
OPP-011794,ACC-000036,PROD-0052,209,Cross-sell,2023-11-16 18:58:54,2024-03-12 15:59:36,Closed Won,23386.8,1
OPP-011854,ACC-000014,PROD-0068,897,New Business,2023-11-11 12:46:40,2024-01-04 13:40:37,Closed Won,69082.77,1
OPP-011858,ACC-000013,PROD-0067,261,New Business,2023-11-20 12:29:22,2024-02-22 16:10:11,Closed Won,47284.91,1
OPP-011864,ACC-000049,PROD-0034,275,Renewal,2024-05-16 20:07:09,2024-07-30 03:02:50,Closed Won,42566.21,1
OPP-011891,ACC-000029,PROD-0078,291,Cross-sell,2024-12-08 09:54:47,2024-12-09 18:59:38,Closed Won,1298.77,1
OPP-011901,ACC-000007,PROD-0058,708,Expansion,2024-08-25 01:06:12,2024-09-04 05:30:42,Closed Won,62342.59,1
OPP-011904,ACC-000017,PROD-0077,968,Expansion,2024-01-13 14:36:52,2024-03-25 22:20:35,Closed Won,84888.34,1
OPP-011913,ACC-000045,PROD-0063,659,Expansion,2023-11-01 13:23:41,2024-02-15 13:33:06,Closed Won,5177.96,1
OPP-011934,ACC-000002,PROD-0083,206,New Business,2024-01-19 23:34:43,2024-03-10 03:34:39,Closed Won,51945.88,1
OPP-011944,ACC-000023,PROD-0072,769,New Business,2024-05-20 10:33:20,2024-06-22 08:08:16,Closed Won,97565.51,1
OPP-011955,ACC-000010,PROD-0033,358,Expansion,2024-03-07 10:23:57,2024-08-16 23:51:40,Closed Won,88779.26,1
OPP-011975,ACC-000008,PROD-0040,65,Cross-sell,2023-10-31 15:56:19,2024-03-09 17:22:16,Closed Won,42785.66,1
OPP-012010,ACC-000054,PROD-0006,522,Renewal,2024-11-22 05:28:30,2024-12-14 03:51:48,Closed Won,36736.07,1
OPP-012030,ACC-000059,PROD-0087,52,Cross-sell,2024-05-20 15:55:07,2024-06-04 12:22:09,Closed Won,12711.57,1
OPP-012049,ACC-000005,PROD-0044,718,Renewal,2024-03-11 08:25:55,2024-07-09 17:37:20,Closed Won,26278.96,1
OPP-012050,ACC-000033,PROD-0041,20,Expansion,2024-01-06 06:54:19,2024-01-15 10:03:22,Closed Won,29305.39,1
OPP-012057,ACC-000052,PROD-0020,402,Upsell,2024-06-20 23:09:52,2024-09-21 22:17:19,Closed Won,83349.45,1
OPP-012110,ACC-000020,PROD-0031,91,Expansion,2024-06-15 12:39:29,2024-10-04 05:58:54,Closed Won,8123.52,1
OPP-012118,ACC-000022,PROD-0069,173,Expansion,2023-12-25 08:45:21,2024-01-18 05:07:51,Closed Won,33576.74,1
OPP-012158,ACC-000047,PROD-0095,766,Expansion,2024-01-24 17:26:34,2024-05-14 00:08:40,Closed Won,64677.61,1
OPP-012163,ACC-000026,PROD-0052,676,Renewal,2024-06-18 07:23:59,2024-09-10 19:13:16,Closed Won,48442.8,1
OPP-012197,ACC-000010,PROD-0080,989,Expansion,2024-04-18 15:09:57,2024-08-03 15:19:56,Closed Won,16242.92,1
OPP-012217,ACC-000034,PROD-0046,909,Cross-sell,2024-04-28 00:41:51,2024-06-19 15:49:23,Closed Won,99889.39,1
OPP-012218,ACC-000054,PROD-0064,160,Renewal,2023-12-25 05:28:01,2024-04-07 05:51:57,Closed Won,6057.19,1
OPP-012232,ACC-000014,PROD-0030,765,Renewal,2023-11-04 16:16:35,2024-03-07 16:07:05,Closed Won,29614.61,1
OPP-012233,ACC-000032,PROD-0008,240,Expansion,2024-02-27 15:05:38,2024-06-12 18:12:50,Closed Won,41319.15,1
OPP-012277,ACC-000034,PROD-0043,528,New Business,2024-02-08 18:42:17,2024-07-12 06:33:02,Closed Won,72576.35,1
OPP-012296,ACC-000047,PROD-0002,992,New Business,2024-10-17 16:10:43,2024-11-15 22:33:18,Closed Won,80417.92,1
OPP-012308,ACC-000029,PROD-0079,702,Upsell,2023-10-08 02:49:19,2024-02-03 15:42:18,Closed Won,71424.66,1
OPP-012353,ACC-000052,PROD-0077,882,Renewal,2024-05-13 20:34:05,2024-08-02 18:28:47,Closed Won,21244.08,1
OPP-012383,ACC-000007,PROD-0076,982,Expansion,2024-03-08 14:14:30,2024-08-17 20:08:10,Closed Won,42986.95,1
OPP-012394,ACC-000050,PROD-0082,23,Expansion,2024-07-16 10:58:18,2024-09-08 00:42:49,Closed Won,13511.65,1
OPP-012414,ACC-000016,PROD-0099,247,Renewal,2023-10-31 23:13:55,2024-02-23 06:55:43,Closed Won,24956.54,1
OPP-012450,ACC-000022,PROD-0024,845,Cross-sell,2024-04-19 07:23:00,2024-08-08 07:46:42,Closed Won,86849.83,1
OPP-012460,ACC-000036,PROD-0027,429,Cross-sell,2024-02-14 02:04:02,2024-06-11 07:19:57,Closed Won,50403.72,1
OPP-012462,ACC-000029,PROD-0074,775,New Business,2024-09-08 08:07:35,2024-10-31 03:12:18,Closed Won,99689.13,1
OPP-012481,ACC-000038,PROD-0063,982,New Business,2024-08-21 19:56:00,2024-12-20 01:59:49,Closed Won,83162.46,1
OPP-012539,ACC-000043,PROD-0090,291,Renewal,2024-06-25 08:29:02,2024-07-11 08:59:36,Closed Won,48877.56,1
OPP-012591,ACC-000022,PROD-0070,841,Renewal,2024-01-15 05:59:25,2024-04-28 08:20:02,Closed Won,28522.81,1
OPP-012598,ACC-000058,PROD-0043,646,Expansion,2024-09-22 07:03:44,2024-11-06 16:19:23,Closed Won,97413.97,1
OPP-012602,ACC-000007,PROD-0092,106,Cross-sell,2024-02-09 15:21:58,2024-06-24 15:45:30,Closed Won,40787.06,1
OPP-012697,ACC-000007,PROD-0093,676,Upsell,2023-10-17 17:09:16,2024-03-07 17:39:16,Closed Won,98685.87,1
OPP-012705,ACC-000027,PROD-0067,420,New Business,2023-12-12 15:26:27,2024-05-01 03:13:18,Closed Won,67397.92,1
OPP-012738,ACC-000016,PROD-0004,226,Cross-sell,2024-09-06 04:42:41,2024-10-05 18:34:26,Closed Won,94709.72,1
OPP-012821,ACC-000017,PROD-0022,738,Cross-sell,2024-09-04 00:08:09,2024-12-23 23:31:14,Closed Won,84961.89,1
OPP-012852,ACC-000055,PROD-0081,808,Upsell,2023-10-26 09:27:13,2024-02-14 17:23:46,Closed Won,68096.43,1
OPP-012875,ACC-000033,PROD-0036,83,Renewal,2024-02-11 17:38:17,2024-07-03 01:59:59,Closed Won,25407.41,1
OPP-012931,ACC-000002,PROD-0067,915,Renewal,2023-11-25 17:05:47,2024-01-30 00:39:41,Closed Won,64159.47,1
OPP-012968,ACC-000028,PROD-0002,271,Expansion,2024-01-13 12:07:11,2024-03-18 00:42:58,Closed Won,89007.69,1
OPP-012969,ACC-000038,PROD-0015,284,New Business,2024-01-06 11:00:03,2024-03-20 15:14:17,Closed Won,53127.3,1
OPP-013016,ACC-000030,PROD-0057,577,Renewal,2024-01-06 08:10:18,2024-03-03 22:19:35,Closed Won,43224.11,1
OPP-013067,ACC-000035,PROD-0002,656,Expansion,2023-12-28 12:08:33,2024-06-16 10:35:53,Closed Won,32281.94,1
OPP-013075,ACC-000043,PROD-0098,477,Upsell,2024-10-07 07:04:53,2024-12-11 21:42:26,Closed Won,66189.72,1
OPP-013079,ACC-000022,PROD-0067,20,Expansion,2024-07-18 22:35:16,2024-10-21 10:59:28,Closed Won,59426.61,1
OPP-013085,ACC-000012,PROD-0078,66,New Business,2024-08-04 15:00:11,2024-11-27 17:44:50,Closed Won,68556.45,1
OPP-013115,ACC-000045,PROD-0087,381,Renewal,2024-04-16 08:50:22,2024-06-17 11:51:34,Closed Won,31135.99,1
OPP-013118,ACC-000053,PROD-0033,929,Expansion,2023-11-25 16:56:32,2024-05-13 06:44:21,Closed Won,54535.36,1
OPP-013133,ACC-000032,PROD-0055,270,Cross-sell,2024-01-22 17:34:00,2024-04-28 22:06:02,Closed Won,47690.82,1
OPP-013140,ACC-000011,PROD-0068,772,Upsell,2024-10-08 01:28:14,2024-10-10 20:27:46,Closed Won,55395,1
OPP-013141,ACC-000045,PROD-0098,79,New Business,2024-03-05 15:10:14,2024-05-15 16:16:57,Closed Won,55261.08,1
OPP-013156,ACC-000006,PROD-0078,300,Expansion,2024-05-20 11:13:41,2024-09-26 08:49:56,Closed Won,49933.34,1
OPP-013174,ACC-000048,PROD-0075,952,Upsell,2024-01-02 14:52:45,2024-04-18 20:39:28,Closed Won,51067.75,1
OPP-013182,ACC-000052,PROD-0084,336,Renewal,2023-12-31 01:10:50,2024-05-01 19:24:41,Closed Won,40338.98,1
OPP-013201,ACC-000013,PROD-0091,245,Cross-sell,2024-04-06 12:05:23,2024-09-19 23:27:54,Closed Won,54029.38,1
OPP-013274,ACC-000034,PROD-0004,862,Cross-sell,2023-10-19 00:52:00,2024-03-02 07:45:29,Closed Won,28074.79,1
OPP-013308,ACC-000020,PROD-0085,691,New Business,2024-07-29 07:26:28,2024-08-02 20:23:15,Closed Won,40067.64,1
OPP-013319,ACC-000055,PROD-0037,383,Renewal,2024-06-03 17:15:47,2024-09-16 13:39:16,Closed Won,17731.02,1
OPP-013336,ACC-000012,PROD-0001,223,New Business,2024-02-18 09:05:10,2024-06-22 04:00:04,Closed Won,57704,1
OPP-013340,ACC-000026,PROD-0077,639,Upsell,2024-06-15 20:59:46,2024-06-29 20:46:31,Closed Won,3455.5,1
OPP-013361,ACC-000018,PROD-0054,566,Renewal,2024-04-25 23:04:33,2024-07-08 07:13:33,Closed Won,44462.96,1
OPP-013362,ACC-000004,PROD-0069,333,Upsell,2024-04-01 07:38:42,2024-06-07 02:13:14,Closed Won,36568.46,1
OPP-013373,ACC-000053,PROD-0001,280,New Business,2023-11-17 16:41:45,2024-04-15 11:05:52,Closed Won,22542.91,1
OPP-013378,ACC-000045,PROD-0043,866,Cross-sell,2023-11-05 12:52:33,2024-02-21 15:32:22,Closed Won,18118.36,1
OPP-013438,ACC-000003,PROD-0007,179,Cross-sell,2024-07-09 21:21:23,2024-10-25 11:35:09,Closed Won,55884.67,1
OPP-013441,ACC-000037,PROD-0038,881,Expansion,2024-06-05 04:46:18,2024-09-20 05:37:02,Closed Won,89247.12,1
OPP-013482,ACC-000034,PROD-0017,298,Cross-sell,2024-12-11 08:32:14,2024-12-15 15:02:34,Closed Won,88342.08,1
OPP-013496,ACC-000052,PROD-0038,994,New Business,2024-05-22 02:34:47,2024-09-01 15:49:13,Closed Won,82065.46,1
OPP-013509,ACC-000037,PROD-0085,445,Expansion,2024-04-29 12:54:09,2024-07-14 23:10:09,Closed Won,69545.63,1
OPP-013525,ACC-000026,PROD-0056,288,New Business,2024-06-30 17:02:01,2024-09-21 07:25:12,Closed Won,73007.66,1
OPP-013535,ACC-000059,PROD-0086,928,Expansion,2024-08-31 15:54:55,2024-10-20 18:41:00,Closed Won,92377.53,1
OPP-013537,ACC-000044,PROD-0002,928,Upsell,2023-12-11 07:31:55,2024-01-17 02:42:07,Closed Won,15342,1
OPP-013600,ACC-000053,PROD-0091,581,Renewal,2024-09-03 01:16:53,2024-12-02 03:12:00,Closed Won,29192.03,1
OPP-013617,ACC-000049,PROD-0024,864,Expansion,2024-03-25 09:06:37,2024-05-08 22:29:50,Closed Won,87888.59,1
OPP-013620,ACC-000059,PROD-0016,574,Upsell,2024-06-02 00:17:35,2024-11-17 18:06:56,Closed Won,45293.42,1
OPP-013664,ACC-000026,PROD-0095,494,Upsell,2024-02-06 18:10:32,2024-05-29 07:08:14,Closed Won,81472.15,1
OPP-013674,ACC-000025,PROD-0050,411,Upsell,2024-06-03 21:17:19,2024-11-01 08:17:16,Closed Won,15925.4,1
OPP-013690,ACC-000024,PROD-0015,848,Expansion,2024-03-01 10:50:45,2024-05-19 12:05:08,Closed Won,50354.74,1
OPP-013729,ACC-000028,PROD-0067,803,Renewal,2024-08-18 01:16:32,2024-09-29 17:04:30,Closed Won,35129.35,1
OPP-013735,ACC-000012,PROD-0016,341,New Business,2023-12-28 05:18:08,2024-03-17 16:01:27,Closed Won,47086.41,1
OPP-013738,ACC-000017,PROD-0079,240,New Business,2024-03-23 11:13:23,2024-07-16 18:25:12,Closed Won,18917.89,1
OPP-013763,ACC-000002,PROD-0034,731,Upsell,2024-06-13 13:36:01,2024-11-03 01:25:24,Closed Won,96860.85,1
OPP-013824,ACC-000004,PROD-0016,874,Expansion,2024-06-01 05:08:18,2024-06-14 11:59:18,Closed Won,6819.65,1
OPP-013847,ACC-000046,PROD-0014,649,Renewal,2024-07-11 07:13:30,2024-10-28 01:42:00,Closed Won,2416.25,1
OPP-013900,ACC-000020,PROD-0091,681,Expansion,2023-10-13 22:03:04,2024-04-01 23:34:14,Closed Won,65160.23,1
OPP-013909,ACC-000051,PROD-0047,816,Renewal,2024-01-27 08:39:10,2024-05-12 22:20:27,Closed Won,6208.57,1
OPP-013937,ACC-000047,PROD-0016,931,Upsell,2024-07-22 11:34:06,2024-11-23 13:32:39,Closed Won,8350.16,1
OPP-013952,ACC-000033,PROD-0089,845,Upsell,2024-06-05 19:44:03,2024-06-11 12:32:52,Closed Won,94608.32,1
OPP-013994,ACC-000040,PROD-0091,210,Expansion,2024-01-17 04:20:07,2024-05-26 22:06:35,Closed Won,97247,1
OPP-014001,ACC-000015,PROD-0034,994,Expansion,2024-10-03 14:21:48,2024-10-19 11:21:47,Closed Won,13355.99,1
OPP-014005,ACC-000019,PROD-0077,331,Cross-sell,2024-09-26 04:57:20,2024-11-22 07:41:12,Closed Won,49832.23,1
OPP-014040,ACC-000040,PROD-0067,680,Renewal,2024-04-20 21:40:16,2024-05-01 10:01:04,Closed Won,35754.42,1
OPP-014049,ACC-000058,PROD-0036,256,New Business,2024-02-24 12:02:53,2024-05-26 17:19:52,Closed Won,44774.04,1
OPP-014055,ACC-000058,PROD-0005,157,Cross-sell,2024-02-07 17:05:34,2024-05-27 02:47:02,Closed Won,19560.12,1
OPP-014057,ACC-000054,PROD-0028,369,New Business,2024-02-13 17:50:07,2024-04-23 16:36:51,Closed Won,38942.52,1
OPP-014089,ACC-000019,PROD-0093,601,Renewal,2023-10-27 01:10:32,2024-01-28 00:30:22,Closed Won,24754.01,1
OPP-014090,ACC-000036,PROD-0063,234,Renewal,2023-08-11 21:11:17,2024-01-30 20:24:03,Closed Won,65921.72,1
OPP-014143,ACC-000016,PROD-0020,429,New Business,2024-09-17 13:16:00,2024-11-13 23:36:58,Closed Won,17715.6,1
OPP-014194,ACC-000034,PROD-0003,7,Expansion,2024-03-17 08:24:22,2024-03-29 12:29:04,Closed Won,76102.21,1
OPP-014215,ACC-000030,PROD-0052,12,Renewal,2024-12-01 13:38:52,2024-12-22 09:49:15,Closed Won,74804.93,1
OPP-014236,ACC-000003,PROD-0061,455,New Business,2024-03-25 00:50:30,2024-05-27 18:13:29,Closed Won,90919.89,1
OPP-014293,ACC-000047,PROD-0079,863,Expansion,2024-01-31 18:34:53,2024-07-04 13:57:12,Closed Won,48342.41,1
OPP-014303,ACC-000025,PROD-0081,742,Cross-sell,2023-09-23 14:59:30,2024-01-26 18:17:30,Closed Won,85938.75,1
OPP-014338,ACC-000058,PROD-0017,82,Expansion,2024-06-12 20:45:24,2024-11-05 17:26:30,Closed Won,97749.13,1
OPP-014348,ACC-000039,PROD-0080,810,Upsell,2024-03-03 23:39:03,2024-03-09 02:42:09,Closed Won,27943.52,1
OPP-014362,ACC-000053,PROD-0022,299,New Business,2024-08-30 23:24:34,2024-09-25 23:35:52,Closed Won,77060.59,1
OPP-014401,ACC-000001,PROD-0095,734,New Business,2023-11-17 15:09:05,2024-03-22 17:06:44,Closed Won,63269.38,1
OPP-014421,ACC-000026,PROD-0049,256,Upsell,2024-04-29 21:16:21,2024-10-25 02:52:33,Closed Won,81346.99,1
OPP-014448,ACC-000058,PROD-0008,241,Upsell,2024-07-12 17:54:54,2024-10-09 17:33:03,Closed Won,37685.3,1
OPP-014465,ACC-000027,PROD-0041,678,Upsell,2024-04-13 19:56:02,2024-06-11 09:18:44,Closed Won,76640.21,1
OPP-014486,ACC-000052,PROD-0018,657,Expansion,2023-12-15 10:50:13,2024-02-29 00:52:02,Closed Won,38106.15,1
OPP-014517,ACC-000001,PROD-0066,667,Expansion,2023-11-12 06:04:01,2024-02-13 02:18:07,Closed Won,71056.25,1
OPP-014524,ACC-000059,PROD-0012,93,New Business,2024-03-21 18:50:09,2024-06-16 14:39:19,Closed Won,18941.64,1
OPP-014574,ACC-000022,PROD-0071,492,Cross-sell,2023-12-05 13:29:02,2024-02-18 00:28:17,Closed Won,96634.49,1
OPP-014580,ACC-000034,PROD-0036,752,Upsell,2023-11-18 06:55:46,2024-02-20 20:52:54,Closed Won,88253.37,1
OPP-014594,ACC-000001,PROD-0080,613,Upsell,2024-09-06 07:28:50,2024-09-30 15:35:15,Closed Won,16764.56,1
OPP-014642,ACC-000011,PROD-0059,415,Upsell,2024-02-04 09:15:49,2024-06-10 06:29:29,Closed Won,1064.38,1
OPP-014645,ACC-000043,PROD-0002,612,Renewal,2024-03-03 00:41:13,2024-06-29 19:20:19,Closed Won,1163.4,1
OPP-014656,ACC-000018,PROD-0068,668,Cross-sell,2023-12-20 09:30:08,2024-03-16 11:29:36,Closed Won,73257.68,1
OPP-014727,ACC-000038,PROD-0029,693,Expansion,2024-01-21 04:28:59,2024-02-22 21:54:07,Closed Won,52411.12,1
OPP-014739,ACC-000059,PROD-0074,242,Cross-sell,2023-10-24 22:17:21,2024-02-14 06:41:34,Closed Won,8631.19,1
OPP-014785,ACC-000015,PROD-0054,351,Renewal,2024-03-17 07:42:16,2024-04-05 05:42:25,Closed Won,48406.23,1
OPP-014789,ACC-000056,PROD-0082,154,New Business,2023-12-30 12:58:56,2024-04-13 16:03:37,Closed Won,17742.17,1
OPP-014829,ACC-000013,PROD-0043,315,Renewal,2023-10-22 13:49:38,2024-03-11 05:27:45,Closed Won,43548.05,1
OPP-014830,ACC-000044,PROD-0035,632,Expansion,2024-03-13 13:46:01,2024-06-05 19:36:12,Closed Won,77156.41,1
OPP-014847,ACC-000019,PROD-0092,857,Cross-sell,2024-09-28 05:41:53,2024-09-29 16:11:26,Closed Won,40975,1
OPP-014852,ACC-000022,PROD-0086,630,Renewal,2024-04-17 03:41:39,2024-09-28 09:33:00,Closed Won,64204.68,1
OPP-014866,ACC-000052,PROD-0065,729,Upsell,2024-10-18 01:04:22,2024-12-23 02:31:25,Closed Won,78150.57,1
OPP-014876,ACC-000026,PROD-0082,581,New Business,2023-09-18 18:31:19,2024-01-24 05:48:28,Closed Won,83238.43,1
OPP-014884,ACC-000009,PROD-0040,106,Upsell,2024-01-07 14:02:07,2024-01-16 05:48:53,Closed Won,37915.93,1
OPP-014903,ACC-000042,PROD-0089,244,New Business,2024-11-19 19:40:58,2024-11-27 09:43:10,Closed Won,92670.11,1
OPP-014905,ACC-000022,PROD-0041,559,Renewal,2024-06-07 05:39:04,2024-10-27 22:00:18,Closed Won,21134.32,1
OPP-014912,ACC-000034,PROD-0018,333,Upsell,2024-06-06 15:13:44,2024-07-26 07:54:28,Closed Won,94032.73,1
OPP-014978,ACC-000044,PROD-0016,953,New Business,2024-09-05 06:58:29,2024-09-13 16:54:21,Closed Won,21475.65,1
OPP-015025,ACC-000039,PROD-0014,778,Upsell,2024-03-16 03:19:23,2024-05-04 00:40:40,Closed Won,91083.91,1
OPP-015030,ACC-000025,PROD-0006,661,Expansion,2024-08-20 03:05:13,2024-12-10 23:41:21,Closed Won,28218.57,1
OPP-015074,ACC-000006,PROD-0025,857,New Business,2024-07-06 11:23:13,2024-09-21 10:36:03,Closed Won,6474.75,1
OPP-015077,ACC-000016,PROD-0009,116,Cross-sell,2024-03-27 19:40:28,2024-07-01 21:31:31,Closed Won,24810.78,1
OPP-015082,ACC-000019,PROD-0082,221,Cross-sell,2024-01-31 23:50:49,2024-04-04 05:12:43,Closed Won,81062.78,1
OPP-015111,ACC-000053,PROD-0032,944,Cross-sell,2023-12-19 15:24:09,2024-02-04 11:19:34,Closed Won,36653.75,1
OPP-015127,ACC-000053,PROD-0082,144,New Business,2024-08-03 22:18:04,2024-09-07 14:54:53,Closed Won,12364.96,1
OPP-015174,ACC-000038,PROD-0089,862,New Business,2023-11-12 02:11:58,2024-04-27 09:33:41,Closed Won,95754.65,1
OPP-015214,ACC-000013,PROD-0091,721,Cross-sell,2024-07-09 16:13:17,2024-12-21 02:15:05,Closed Won,75558.27,1
OPP-015237,ACC-000033,PROD-0010,815,Upsell,2023-12-26 09:44:42,2024-05-01 02:34:05,Closed Won,46792.13,1
OPP-015304,ACC-000035,PROD-0100,3,Cross-sell,2023-10-20 15:50:01,2024-03-26 12:07:27,Closed Won,62093.98,1
OPP-015307,ACC-000056,PROD-0050,469,Cross-sell,2024-08-16 12:48:07,2024-09-12 12:00:33,Closed Won,76639.48,1
OPP-015320,ACC-000008,PROD-0069,712,New Business,2024-08-18 11:24:56,2024-08-21 01:14:00,Closed Won,60233.24,1
OPP-015328,ACC-000001,PROD-0035,365,Expansion,2024-07-17 05:43:47,2024-11-02 13:42:45,Closed Won,7350.08,1
OPP-015335,ACC-000060,PROD-0064,770,Renewal,2024-06-29 13:31:53,2024-07-17 11:24:32,Closed Won,8822.96,1
OPP-015374,ACC-000002,PROD-0023,554,Expansion,2024-03-27 04:44:30,2024-06-27 05:22:47,Closed Won,53104.35,1
OPP-015384,ACC-000001,PROD-0017,90,Expansion,2024-04-11 16:39:57,2024-08-03 19:33:58,Closed Won,62305.11,1
OPP-015395,ACC-000015,PROD-0068,623,Upsell,2024-08-22 16:00:32,2024-11-11 15:47:22,Closed Won,37065.28,1
OPP-015414,ACC-000047,PROD-0049,626,Cross-sell,2024-06-23 19:43:04,2024-08-11 07:16:08,Closed Won,34387.33,1
OPP-015438,ACC-000006,PROD-0022,941,Renewal,2024-02-03 01:23:42,2024-06-21 23:49:27,Closed Won,64051.81,1
OPP-015462,ACC-000060,PROD-0059,25,Renewal,2024-07-19 03:12:58,2024-08-10 23:33:54,Closed Won,51880,1
OPP-015525,ACC-000025,PROD-0096,273,Expansion,2024-03-27 04:14:24,2024-04-13 02:26:01,Closed Won,44516.44,1
OPP-015529,ACC-000062,PROD-0077,87,Cross-sell,2023-12-07 00:29:38,2024-02-08 07:13:23,Closed Won,90635.87,1
OPP-015545,ACC-000051,PROD-0085,794,Expansion,2024-03-23 07:12:47,2024-07-14 09:06:22,Closed Won,14331.83,1
OPP-015577,ACC-000008,PROD-0084,385,Expansion,2024-08-08 07:32:55,2024-09-07 18:55:44,Closed Won,38093,1
OPP-015586,ACC-000031,PROD-0059,717,Expansion,2024-04-19 03:07:41,2024-05-17 05:52:28,Closed Won,37996.08,1
OPP-015588,ACC-000017,PROD-0031,970,New Business,2024-01-25 16:58:51,2024-06-24 11:51:27,Closed Won,26980.15,1
OPP-015600,ACC-000028,PROD-0026,320,Cross-sell,2024-07-23 15:33:44,2024-07-30 20:18:28,Closed Won,87168.93,1
OPP-015605,ACC-000031,PROD-0037,736,Cross-sell,2024-04-21 12:21:06,2024-09-13 17:01:25,Closed Won,10241.71,1
OPP-015616,ACC-000049,PROD-0088,617,Renewal,2023-12-03 23:06:14,2024-01-11 07:57:38,Closed Won,95948.42,1
OPP-015640,ACC-000053,PROD-0034,37,Renewal,2023-11-12 23:53:25,2024-03-25 15:05:43,Closed Won,51235.65,1
OPP-015686,ACC-000029,PROD-0039,184,New Business,2023-10-30 11:50:34,2024-01-02 22:05:26,Closed Won,58163.89,1
OPP-015725,ACC-000038,PROD-0031,873,New Business,2023-10-01 12:36:12,2024-02-05 18:15:43,Closed Won,16784,1
OPP-015762,ACC-000039,PROD-0068,347,New Business,2024-10-19 17:51:02,2024-12-27 07:47:52,Closed Won,77827.64,1
OPP-015811,ACC-000027,PROD-0068,457,Cross-sell,2024-07-20 17:32:33,2024-08-11 17:42:19,Closed Won,81081.11,1
OPP-015844,ACC-000045,PROD-0015,756,Renewal,2023-09-26 23:33:22,2024-02-06 07:39:02,Closed Won,76850.78,1
OPP-015915,ACC-000024,PROD-0060,643,Expansion,2024-07-01 15:31:01,2024-11-02 04:32:15,Closed Won,62453.87,1
OPP-015925,ACC-000032,PROD-0047,84,Expansion,2024-02-02 00:59:45,2024-05-31 06:26:19,Closed Won,93430.84,1
OPP-015937,ACC-000030,PROD-0050,691,Renewal,2024-01-26 03:06:51,2024-05-08 21:18:30,Closed Won,24930.34,1
OPP-016020,ACC-000028,PROD-0007,757,Upsell,2024-02-09 06:24:02,2024-05-31 06:04:28,Closed Won,25276.37,1
OPP-016023,ACC-000058,PROD-0032,528,Cross-sell,2023-08-21 05:14:24,2024-02-10 01:24:37,Closed Won,47018.85,1
OPP-016025,ACC-000009,PROD-0051,895,Upsell,2023-12-23 21:24:27,2024-03-20 23:56:34,Closed Won,78838,1
OPP-016058,ACC-000016,PROD-0080,827,Renewal,2023-12-02 17:25:07,2024-02-27 05:36:54,Closed Won,30831.08,1
OPP-016094,ACC-000045,PROD-0015,518,Cross-sell,2024-01-16 11:41:08,2024-05-26 16:02:00,Closed Won,87727.64,1
OPP-016099,ACC-000013,PROD-0035,458,Upsell,2024-07-30 16:37:48,2024-12-24 17:56:01,Closed Won,6865.65,1
OPP-016126,ACC-000035,PROD-0004,737,Cross-sell,2024-05-10 21:26:43,2024-11-01 10:40:54,Closed Won,38123.08,1
OPP-016143,ACC-000051,PROD-0040,877,Cross-sell,2024-03-20 14:32:11,2024-06-06 22:05:16,Closed Won,7902.33,1
OPP-016219,ACC-000049,PROD-0012,218,Renewal,2024-03-18 22:16:29,2024-08-25 03:48:47,Closed Won,17986.78,1
OPP-016278,ACC-000019,PROD-0027,7,Expansion,2024-03-03 23:59:06,2024-03-13 02:55:52,Closed Won,32277.27,1
OPP-016303,ACC-000011,PROD-0076,165,Expansion,2023-10-12 22:52:32,2024-02-10 20:11:56,Closed Won,20467.38,1
OPP-016307,ACC-000006,PROD-0078,929,Upsell,2023-12-19 07:40:16,2024-03-06 04:21:40,Closed Won,9680.52,1
OPP-016335,ACC-000029,PROD-0027,901,New Business,2024-06-15 07:25:57,2024-08-29 09:18:15,Closed Won,34581.45,1
OPP-016357,ACC-000017,PROD-0086,579,New Business,2024-03-30 14:41:47,2024-04-25 00:47:40,Closed Won,96049.02,1
OPP-016369,ACC-000013,PROD-0082,394,Expansion,2023-12-04 18:20:31,2024-02-02 05:43:20,Closed Won,32185.68,1
OPP-016407,ACC-000039,PROD-0092,316,Expansion,2024-10-26 04:04:15,2024-12-26 01:53:05,Closed Won,37699.41,1
OPP-016436,ACC-000058,PROD-0065,689,New Business,2024-01-29 10:33:54,2024-04-06 19:48:41,Closed Won,40359.94,1
OPP-016454,ACC-000022,PROD-0047,233,New Business,2024-09-27 02:35:20,2024-11-28 11:16:48,Closed Won,15166.16,1
OPP-016479,ACC-000051,PROD-0030,958,Cross-sell,2023-12-30 06:09:14,2024-04-09 12:08:53,Closed Won,21132.52,1
OPP-016487,ACC-000026,PROD-0021,454,New Business,2023-12-13 05:08:58,2024-04-07 20:29:39,Closed Won,6711.95,1
OPP-016516,ACC-000058,PROD-0060,778,Upsell,2024-06-14 10:40:52,2024-10-07 18:25:07,Closed Won,98569.69,1
OPP-016519,ACC-000026,PROD-0011,93,New Business,2024-09-09 15:09:40,2024-12-22 23:48:43,Closed Won,40914.08,1
OPP-016551,ACC-000047,PROD-0090,839,Cross-sell,2024-04-06 17:46:10,2024-07-07 11:11:28,Closed Won,24471.85,1
OPP-016575,ACC-000005,PROD-0025,165,Upsell,2024-10-12 05:53:57,2024-12-29 13:23:04,Closed Won,44646.2,1
OPP-016604,ACC-000060,PROD-0017,681,Upsell,2024-07-12 21:50:43,2024-11-14 06:45:07,Closed Won,19012.24,1
OPP-016611,ACC-000062,PROD-0072,537,Upsell,2023-10-23 16:40:56,2024-01-30 09:01:28,Closed Won,22346.78,1
OPP-016680,ACC-000008,PROD-0090,25,Upsell,2024-08-13 21:14:01,2024-10-28 20:06:28,Closed Won,79737.81,1
OPP-016685,ACC-000031,PROD-0050,524,Cross-sell,2023-09-26 07:34:45,2024-01-05 05:17:16,Closed Won,30225.97,1
OPP-016708,ACC-000048,PROD-0099,216,Renewal,2024-01-13 20:53:19,2024-04-28 19:33:15,Closed Won,43861.62,1
OPP-016711,ACC-000034,PROD-0056,793,Cross-sell,2024-07-06 06:04:02,2024-08-25 07:25:24,Closed Won,22897.74,1
OPP-016730,ACC-000048,PROD-0024,588,Cross-sell,2023-10-30 12:14:24,2024-02-05 14:15:54,Closed Won,3186.75,1
OPP-016770,ACC-000022,PROD-0009,909,Expansion,2024-07-13 01:51:48,2024-09-27 01:50:36,Closed Won,28168.98,1
OPP-016792,ACC-000053,PROD-0097,295,Expansion,2024-09-13 14:32:12,2024-09-23 19:16:19,Closed Won,28375.44,1
OPP-016799,ACC-000031,PROD-0026,200,Upsell,2023-10-31 11:34:22,2024-03-05 01:14:49,Closed Won,99016.38,1
OPP-016853,ACC-000004,PROD-0008,441,Expansion,2024-02-07 13:43:33,2024-07-16 09:37:31,Closed Won,93492.72,1
OPP-016865,ACC-000040,PROD-0079,280,Upsell,2023-11-18 03:20:31,2024-04-14 18:10:18,Closed Won,83327.09,1
OPP-016878,ACC-000025,PROD-0100,192,Upsell,2024-02-19 13:14:04,2024-05-09 05:51:58,Closed Won,58108.46,1
OPP-016882,ACC-000041,PROD-0004,491,Renewal,2024-10-29 21:21:21,2024-11-02 21:14:56,Closed Won,13442.75,1
OPP-016893,ACC-000005,PROD-0092,872,Expansion,2023-09-28 13:26:47,2024-02-09 00:23:39,Closed Won,11591.31,1
OPP-016921,ACC-000046,PROD-0049,780,New Business,2024-03-04 21:20:28,2024-06-15 05:55:42,Closed Won,71694.82,1
OPP-016923,ACC-000035,PROD-0065,761,New Business,2023-11-14 01:17:14,2024-04-24 10:12:01,Closed Won,71342.02,1
OPP-016932,ACC-000049,PROD-0052,24,Renewal,2023-12-03 14:00:01,2024-02-14 03:32:19,Closed Won,50112.3,1
OPP-016945,ACC-000036,PROD-0048,142,Upsell,2024-06-29 09:47:24,2024-07-17 22:12:35,Closed Won,55518.18,1
OPP-016946,ACC-000053,PROD-0052,894,New Business,2024-05-05 21:05:15,2024-09-29 02:48:07,Closed Won,57684.64,1
OPP-016951,ACC-000026,PROD-0055,335,Expansion,2024-10-28 13:32:35,2024-11-13 01:20:09,Closed Won,77956.05,1
OPP-016955,ACC-000010,PROD-0008,692,Cross-sell,2024-03-26 12:21:53,2024-07-12 14:11:43,Closed Won,31586.87,1
OPP-016978,ACC-000050,PROD-0064,657,Cross-sell,2024-08-07 18:43:04,2024-10-18 22:27:29,Closed Won,10645.59,1
OPP-016984,ACC-000021,PROD-0007,152,Expansion,2023-11-05 11:38:50,2024-01-12 18:58:25,Closed Won,55046.33,1
OPP-016988,ACC-000013,PROD-0025,618,Upsell,2023-07-23 17:05:42,2024-01-02 13:12:07,Closed Won,31087.3,1
OPP-017024,ACC-000055,PROD-0074,930,Renewal,2023-11-15 11:40:10,2024-03-14 03:15:34,Closed Won,95477.71,1
OPP-017058,ACC-000024,PROD-0022,53,New Business,2024-03-21 01:51:08,2024-08-04 14:50:15,Closed Won,91875.07,1
OPP-017059,ACC-000021,PROD-0016,969,Upsell,2024-09-10 09:46:12,2024-09-22 20:44:18,Closed Won,55929.65,1
OPP-017103,ACC-000026,PROD-0003,314,Cross-sell,2024-06-18 15:04:00,2024-08-15 12:42:41,Closed Won,45821.15,1
OPP-017115,ACC-000014,PROD-0097,188,Cross-sell,2023-12-05 19:51:43,2024-01-17 06:05:29,Closed Won,31373.66,1
OPP-017120,ACC-000036,PROD-0084,75,Upsell,2024-01-09 03:34:14,2024-02-29 01:42:02,Closed Won,97596.35,1
OPP-017142,ACC-000028,PROD-0086,424,New Business,2024-10-12 01:53:28,2024-10-26 19:29:07,Closed Won,25556.45,1
OPP-017170,ACC-000018,PROD-0065,657,New Business,2023-10-24 05:46:54,2024-01-17 18:59:38,Closed Won,7873.35,1
OPP-017191,ACC-000030,PROD-0078,271,Upsell,2024-03-04 05:01:12,2024-08-17 05:25:12,Closed Won,96128.22,1
OPP-017202,ACC-000016,PROD-0064,788,New Business,2024-06-27 06:23:56,2024-07-07 23:58:46,Closed Won,58456.5,1
OPP-017220,ACC-000008,PROD-0023,621,Upsell,2024-09-29 23:35:39,2024-12-03 00:07:05,Closed Won,89099.99,1
OPP-017246,ACC-000006,PROD-0100,868,Cross-sell,2024-05-30 09:09:46,2024-10-14 19:58:08,Closed Won,62934.58,1
OPP-017251,ACC-000035,PROD-0052,320,Renewal,2024-02-18 05:38:05,2024-05-01 06:22:57,Closed Won,60980.08,1
OPP-017305,ACC-000015,PROD-0061,13,Upsell,2024-01-08 19:27:44,2024-04-25 18:07:04,Closed Won,63942.93,1
OPP-017311,ACC-000025,PROD-0031,491,Upsell,2024-05-10 16:55:56,2024-07-21 19:20:59,Closed Won,62224.46,1
OPP-017312,ACC-000025,PROD-0056,906,New Business,2024-03-24 20:33:24,2024-03-31 07:16:50,Closed Won,81978.51,1
OPP-017320,ACC-000028,PROD-0030,732,Upsell,2024-05-16 02:11:31,2024-09-14 21:06:42,Closed Won,90884.37,1
OPP-017361,ACC-000055,PROD-0093,467,Renewal,2023-11-26 12:05:09,2024-02-01 14:46:47,Closed Won,74191.49,1
OPP-017438,ACC-000050,PROD-0012,605,Cross-sell,2024-11-05 16:06:06,2024-12-19 15:32:19,Closed Won,79101.89,1
OPP-017475,ACC-000006,PROD-0069,820,Renewal,2024-02-10 21:48:06,2024-02-13 04:04:17,Closed Won,26552,1
OPP-017527,ACC-000039,PROD-0015,808,Upsell,2024-09-08 15:52:22,2024-12-25 14:27:51,Closed Won,54126.39,1
OPP-017561,ACC-000043,PROD-0005,925,Cross-sell,2023-10-31 08:05:28,2024-02-16 06:04:41,Closed Won,96749.46,1
OPP-017564,ACC-000029,PROD-0024,9,New Business,2023-12-29 20:08:14,2024-06-18 20:36:40,Closed Won,84509.67,1
OPP-017631,ACC-000040,PROD-0058,489,Upsell,2023-09-21 23:26:33,2024-02-15 04:18:56,Closed Won,85928.3,1
OPP-017640,ACC-000011,PROD-0046,806,Cross-sell,2024-05-09 05:41:41,2024-06-03 19:22:52,Closed Won,30910.16,1
OPP-017642,ACC-000037,PROD-0043,515,Cross-sell,2024-02-28 01:16:17,2024-07-20 17:37:27,Closed Won,20255.53,1
OPP-017653,ACC-000038,PROD-0026,645,Expansion,2024-07-16 07:10:17,2024-10-10 12:37:29,Closed Won,9149.6,1
OPP-017673,ACC-000040,PROD-0003,383,Upsell,2024-05-23 07:18:52,2024-10-31 11:31:36,Closed Won,12889.66,1
OPP-017675,ACC-000007,PROD-0079,584,Upsell,2024-07-13 16:04:54,2024-12-15 15:56:58,Closed Won,55167.64,1
OPP-017695,ACC-000047,PROD-0017,555,Expansion,2024-05-24 00:15:07,2024-11-12 13:28:32,Closed Won,20894.72,1
OPP-017709,ACC-000027,PROD-0043,222,Renewal,2024-10-30 06:32:53,2024-11-05 22:29:51,Closed Won,95895.09,1
OPP-017768,ACC-000003,PROD-0072,656,Expansion,2023-11-27 05:38:02,2024-02-17 04:12:46,Closed Won,67088.18,1
OPP-017803,ACC-000057,PROD-0070,314,New Business,2024-03-12 22:11:06,2024-09-02 00:34:09,Closed Won,81089.24,1
OPP-017824,ACC-000003,PROD-0090,986,Cross-sell,2023-12-02 10:11:09,2024-04-13 23:47:25,Closed Won,33735.12,1
OPP-017832,ACC-000011,PROD-0049,461,Expansion,2024-07-21 07:26:30,2024-09-15 00:24:53,Closed Won,98365.64,1
OPP-017851,ACC-000051,PROD-0047,673,Expansion,2023-09-28 08:21:10,2024-01-04 08:13:47,Closed Won,4931.59,1
OPP-017862,ACC-000007,PROD-0094,722,Upsell,2024-05-12 08:45:15,2024-07-04 12:20:54,Closed Won,97730.78,1
OPP-017881,ACC-000031,PROD-0049,975,Cross-sell,2023-11-22 05:00:59,2024-02-22 21:34:21,Closed Won,69075.98,1
OPP-017886,ACC-000006,PROD-0029,320,Expansion,2024-01-08 07:47:04,2024-06-08 04:29:51,Closed Won,62480.31,1
OPP-017911,ACC-000049,PROD-0015,813,New Business,2024-09-21 20:09:36,2024-12-09 08:06:18,Closed Won,33039.25,1
OPP-017912,ACC-000043,PROD-0073,372,Cross-sell,2024-01-10 08:09:07,2024-02-08 00:41:40,Closed Won,39215.65,1
OPP-018025,ACC-000046,PROD-0044,357,Upsell,2024-03-27 15:22:28,2024-09-05 07:24:27,Closed Won,26998.25,1
OPP-018056,ACC-000008,PROD-0062,893,Cross-sell,2024-04-22 20:03:24,2024-10-05 05:52:48,Closed Won,67713.32,1
OPP-018060,ACC-000020,PROD-0058,412,Expansion,2024-01-23 04:30:31,2024-03-22 15:50:52,Closed Won,82969.85,1
OPP-018063,ACC-000001,PROD-0068,422,Cross-sell,2024-06-08 00:31:58,2024-11-09 18:24:17,Closed Won,31946.13,1
OPP-018067,ACC-000029,PROD-0043,499,New Business,2024-09-25 22:48:37,2024-12-13 05:36:22,Closed Won,75645.08,1
OPP-018105,ACC-000013,PROD-0001,915,Upsell,2024-05-24 09:32:46,2024-07-05 19:10:13,Closed Won,73178.84,1
OPP-018209,ACC-000024,PROD-0034,503,Expansion,2024-03-05 07:36:50,2024-08-20 08:35:14,Closed Won,44526.31,1
OPP-018212,ACC-000019,PROD-0068,56,New Business,2024-08-12 04:38:42,2024-10-20 21:11:16,Closed Won,75010.47,1
OPP-018221,ACC-000059,PROD-0055,609,New Business,2024-04-12 18:31:35,2024-04-23 08:19:21,Closed Won,18260.18,1
OPP-018233,ACC-000032,PROD-0024,670,New Business,2024-03-30 19:45:33,2024-04-23 02:29:16,Closed Won,72138.45,1
OPP-018250,ACC-000062,PROD-0068,393,New Business,2024-10-10 02:19:15,2024-11-03 18:59:49,Closed Won,86548.28,1
OPP-018251,ACC-000018,PROD-0058,934,Renewal,2024-04-08 06:49:59,2024-07-27 08:28:23,Closed Won,65560.14,1
OPP-018257,ACC-000057,PROD-0011,788,Cross-sell,2024-10-14 03:11:12,2024-12-28 23:07:33,Closed Won,2412.98,1
OPP-018290,ACC-000003,PROD-0003,436,Expansion,2024-05-09 09:34:43,2024-07-15 20:26:37,Closed Won,46120.38,1
OPP-018297,ACC-000028,PROD-0046,262,Cross-sell,2023-12-10 17:12:50,2024-04-29 16:50:06,Closed Won,74811.89,1
OPP-018345,ACC-000055,PROD-0016,387,Cross-sell,2024-01-19 15:45:27,2024-06-18 06:30:24,Closed Won,89003.41,1
OPP-018413,ACC-000015,PROD-0061,823,Expansion,2023-10-22 19:41:12,2024-03-01 00:35:17,Closed Won,45501.02,1
OPP-018414,ACC-000043,PROD-0021,823,New Business,2024-09-25 02:21:35,2024-12-19 14:48:39,Closed Won,63120.49,1
OPP-018452,ACC-000003,PROD-0025,809,New Business,2023-11-23 22:35:09,2024-03-30 04:08:58,Closed Won,57409.99,1
OPP-018481,ACC-000009,PROD-0028,602,Upsell,2023-11-30 21:45:58,2024-04-28 03:42:14,Closed Won,82974.84,1
OPP-018491,ACC-000013,PROD-0065,286,Upsell,2024-09-11 10:25:09,2024-11-02 06:08:49,Closed Won,37728.24,1
OPP-018502,ACC-000027,PROD-0030,894,New Business,2023-11-30 01:57:28,2024-03-27 06:22:52,Closed Won,66501.51,1
OPP-018525,ACC-000053,PROD-0044,429,Expansion,2024-01-06 06:20:17,2024-03-10 23:48:18,Closed Won,45817.44,1
OPP-018531,ACC-000034,PROD-0048,774,New Business,2024-07-26 13:28:49,2024-09-07 23:53:11,Closed Won,44882.45,1
OPP-018535,ACC-000033,PROD-0020,124,Expansion,2023-10-04 20:04:04,2024-02-07 14:32:44,Closed Won,96784.71,1
OPP-018654,ACC-000040,PROD-0053,881,Upsell,2023-08-21 04:25:02,2024-01-13 03:49:54,Closed Won,61917.43,1
OPP-018709,ACC-000024,PROD-0092,819,Cross-sell,2024-09-08 03:38:54,2024-11-13 13:07:45,Closed Won,19005.34,1
OPP-018740,ACC-000058,PROD-0051,196,Cross-sell,2024-06-07 22:58:41,2024-07-02 19:31:38,Closed Won,9142.34,1
OPP-018741,ACC-000016,PROD-0057,730,Upsell,2024-05-04 21:21:00,2024-10-27 19:51:55,Closed Won,36245.62,1
OPP-018777,ACC-000030,PROD-0083,986,Renewal,2024-11-10 12:40:56,2024-12-07 02:57:40,Closed Won,39570.02,1
OPP-018783,ACC-000037,PROD-0040,232,Cross-sell,2023-12-18 22:39:07,2024-05-25 03:11:33,Closed Won,95259.06,1
OPP-018819,ACC-000019,PROD-0098,334,Expansion,2024-02-20 06:42:06,2024-07-23 00:48:06,Closed Won,63204.83,1
OPP-018821,ACC-000060,PROD-0059,907,Renewal,2024-01-17 18:12:05,2024-07-04 04:38:59,Closed Won,34706.07,1
OPP-018837,ACC-000048,PROD-0022,67,Cross-sell,2023-08-23 06:55:07,2024-02-09 15:42:39,Closed Won,68363.63,1
OPP-018852,ACC-000010,PROD-0081,115,Renewal,2024-07-09 13:48:46,2024-08-29 00:54:19,Closed Won,95701.59,1
OPP-018855,ACC-000040,PROD-0071,847,Cross-sell,2024-07-28 08:46:03,2024-12-19 23:04:33,Closed Won,76302.1,1
OPP-018878,ACC-000018,PROD-0059,490,Renewal,2024-08-25 09:21:16,2024-12-23 15:41:26,Closed Won,45414.17,1
OPP-018895,ACC-000045,PROD-0054,37,Cross-sell,2023-12-28 14:53:46,2024-04-27 21:37:55,Closed Won,32458.94,1
OPP-018911,ACC-000041,PROD-0091,367,Renewal,2024-09-03 05:31:51,2024-10-23 15:42:48,Closed Won,80106.2,1
OPP-019011,ACC-000027,PROD-0056,66,Renewal,2024-01-23 18:20:49,2024-02-19 17:59:56,Closed Won,95849.83,1
OPP-019032,ACC-000058,PROD-0042,573,New Business,2023-12-19 00:04:04,2024-03-07 02:33:49,Closed Won,32712.24,1
OPP-019054,ACC-000032,PROD-0093,409,Renewal,2024-02-22 03:34:56,2024-06-02 00:43:47,Closed Won,39211.76,1
OPP-019056,ACC-000014,PROD-0044,339,Cross-sell,2024-05-02 13:15:52,2024-08-18 14:09:30,Closed Won,99435.07,1
OPP-019085,ACC-000045,PROD-0078,366,Renewal,2023-08-31 22:40:42,2024-01-08 15:17:59,Closed Won,41043.74,1
OPP-019180,ACC-000057,PROD-0031,779,Upsell,2024-01-31 06:11:38,2024-05-26 14:43:15,Closed Won,47333.04,1
OPP-019184,ACC-000039,PROD-0061,346,Expansion,2024-06-05 11:12:07,2024-09-16 18:28:55,Closed Won,11980.37,1
OPP-019227,ACC-000061,PROD-0039,644,Cross-sell,2023-11-04 20:40:57,2024-03-18 16:10:45,Closed Won,54839.46,1
OPP-019237,ACC-000030,PROD-0096,730,Upsell,2024-02-03 10:47:07,2024-02-16 13:48:46,Closed Won,84329.12,1
OPP-019272,ACC-000024,PROD-0056,309,Renewal,2023-10-19 01:17:41,2024-04-14 08:25:14,Closed Won,70613.96,1
OPP-019295,ACC-000017,PROD-0070,601,Expansion,2024-07-16 05:33:30,2024-11-12 10:38:59,Closed Won,95986.43,1
OPP-019297,ACC-000034,PROD-0082,144,Cross-sell,2024-05-09 01:59:25,2024-08-23 01:12:08,Closed Won,86093.73,1
OPP-019351,ACC-000037,PROD-0054,209,Upsell,2024-03-23 19:52:59,2024-05-11 18:45:09,Closed Won,55487.8,1
OPP-019356,ACC-000022,PROD-0031,463,New Business,2024-08-12 11:02:56,2024-12-22 15:22:20,Closed Won,14989.93,1
OPP-019373,ACC-000039,PROD-0062,87,Expansion,2023-12-08 09:49:05,2024-05-18 11:15:21,Closed Won,47435.52,1
OPP-019379,ACC-000045,PROD-0012,99,New Business,2024-01-06 00:57:21,2024-04-25 20:23:50,Closed Won,88982.53,1
OPP-019388,ACC-000008,PROD-0046,810,New Business,2024-03-13 06:44:59,2024-03-16 00:50:38,Closed Won,58572.93,1
OPP-019438,ACC-000061,PROD-0047,131,Cross-sell,2023-09-12 18:59:13,2024-01-14 02:35:52,Closed Won,78790.54,1
OPP-019455,ACC-000024,PROD-0025,768,Expansion,2024-04-23 07:44:11,2024-08-26 14:23:52,Closed Won,93645.21,1
OPP-019470,ACC-000019,PROD-0051,667,Cross-sell,2024-01-19 11:33:06,2024-07-13 13:55:35,Closed Won,98476.06,1
OPP-019487,ACC-000002,PROD-0088,520,Renewal,2024-11-29 07:35:03,2024-12-08 07:21:08,Closed Won,9734.78,1
OPP-019494,ACC-000004,PROD-0015,11,New Business,2024-01-08 21:06:01,2024-05-31 23:16:19,Closed Won,39815,1
OPP-019498,ACC-000026,PROD-0010,344,Renewal,2024-08-26 13:53:46,2024-09-17 03:49:41,Closed Won,79875.49,1
OPP-019521,ACC-000019,PROD-0049,399,Expansion,2024-01-11 02:37:55,2024-03-21 05:12:14,Closed Won,8695.79,1
OPP-019522,ACC-000038,PROD-0029,443,Renewal,2024-03-26 14:54:37,2024-05-06 02:23:01,Closed Won,71967.89,1
OPP-019548,ACC-000039,PROD-0100,188,Cross-sell,2023-10-01 04:06:50,2024-01-01 20:16:42,Closed Won,56100.81,1
OPP-019568,ACC-000058,PROD-0060,220,New Business,2024-01-09 08:20:43,2024-01-18 17:58:43,Closed Won,14803.75,1
OPP-019587,ACC-000055,PROD-0076,120,Renewal,2024-01-12 12:47:39,2024-04-07 05:34:38,Closed Won,96407.08,1
OPP-019592,ACC-000058,PROD-0042,393,Expansion,2024-10-03 19:15:31,2024-11-08 10:00:44,Closed Won,78381.64,1
OPP-019599,ACC-000043,PROD-0072,584,Upsell,2024-03-11 07:47:09,2024-07-16 01:25:49,Closed Won,43252.11,1
OPP-019625,ACC-000049,PROD-0066,90,Cross-sell,2023-07-28 08:39:28,2024-01-06 14:46:23,Closed Won,36064.94,1
OPP-019691,ACC-000005,PROD-0087,78,Expansion,2024-03-13 16:49:16,2024-03-23 20:37:10,Closed Won,16586.18,1
OPP-019717,ACC-000037,PROD-0062,785,Cross-sell,2023-12-17 11:21:21,2024-02-14 18:45:47,Closed Won,14313.28,1
OPP-019737,ACC-000038,PROD-0063,82,Renewal,2024-11-02 22:25:39,2024-11-17 06:20:55,Closed Won,84142.89,1
OPP-019738,ACC-000051,PROD-0095,545,New Business,2024-06-01 22:25:36,2024-07-11 23:20:14,Closed Won,52077.42,1
OPP-019757,ACC-000014,PROD-0031,603,Expansion,2023-10-20 13:36:34,2024-01-21 20:17:06,Closed Won,21972.52,1
OPP-019797,ACC-000011,PROD-0014,607,Expansion,2024-08-24 16:55:50,2024-11-07 06:43:55,Closed Won,53410.43,1
OPP-019807,ACC-000013,PROD-0046,591,Cross-sell,2023-12-28 11:18:37,2024-04-24 20:57:22,Closed Won,36313.41,1
OPP-019817,ACC-000011,PROD-0024,711,Expansion,2023-12-25 15:19:27,2024-05-28 02:22:24,Closed Won,55201.91,1
OPP-019829,ACC-000038,PROD-0072,547,Expansion,2023-10-01 21:43:10,2024-03-26 19:36:59,Closed Won,34615.29,1
OPP-019849,ACC-000034,PROD-0025,830,Renewal,2024-08-15 02:22:01,2024-11-24 00:34:32,Closed Won,26258.74,1
OPP-019875,ACC-000030,PROD-0039,944,Upsell,2023-09-11 17:49:40,2024-02-03 19:19:10,Closed Won,14629.62,1
OPP-019894,ACC-000059,PROD-0042,525,Upsell,2023-09-28 01:25:43,2024-01-12 00:05:54,Closed Won,81857.86,1
OPP-019896,ACC-000049,PROD-0017,19,Renewal,2024-01-29 17:51:46,2024-07-24 22:12:19,Closed Won,48651.93,1
OPP-019907,ACC-000015,PROD-0042,692,Cross-sell,2024-12-09 05:43:11,2024-12-29 10:32:27,Closed Won,3514.06,1
OPP-019908,ACC-000045,PROD-0012,641,Expansion,2024-11-06 15:37:02,2024-12-29 06:41:19,Closed Won,18681.82,1
OPP-019919,ACC-000060,PROD-0007,272,Upsell,2024-07-30 13:25:27,2024-09-11 19:41:23,Closed Won,1944.31,1
OPP-019923,ACC-000033,PROD-0055,454,Expansion,2023-09-27 01:04:37,2024-01-03 16:11:23,Closed Won,88348.1,1
OPP-020018,ACC-000019,PROD-0063,904,Renewal,2023-08-17 20:24:03,2024-01-05 02:41:47,Closed Won,66288.37,1
OPP-020095,ACC-000041,PROD-0028,13,Cross-sell,2023-10-22 17:42:05,2024-02-16 04:16:42,Closed Won,48000.43,1
OPP-020118,ACC-000010,PROD-0030,904,Expansion,2024-03-10 09:33:18,2024-08-31 12:54:56,Closed Won,95742.84,1
OPP-020123,ACC-000034,PROD-0020,638,Upsell,2024-03-10 17:17:27,2024-09-06 04:21:22,Closed Won,17409.25,1
OPP-020156,ACC-000011,PROD-0043,862,Renewal,2024-11-13 09:24:02,2024-12-25 10:39:50,Closed Won,46546.57,1
OPP-020180,ACC-000053,PROD-0063,464,Upsell,2024-09-29 08:43:05,2024-11-21 17:14:58,Closed Won,35573.66,1
OPP-020232,ACC-000045,PROD-0066,849,Upsell,2024-08-09 03:46:50,2024-09-24 14:28:09,Closed Won,99217.82,1
OPP-020276,ACC-000027,PROD-0026,685,Renewal,2024-09-18 00:35:50,2024-11-12 07:09:16,Closed Won,58196.79,1
OPP-020293,ACC-000018,PROD-0017,241,Cross-sell,2024-03-23 19:41:54,2024-04-08 10:32:39,Closed Won,80575.59,1
OPP-020297,ACC-000008,PROD-0041,66,Expansion,2024-02-10 16:33:27,2024-04-11 19:14:29,Closed Won,45375.55,1
OPP-020305,ACC-000029,PROD-0035,575,Cross-sell,2024-08-05 21:10:37,2024-12-27 16:17:24,Closed Won,23321.81,1
OPP-020326,ACC-000060,PROD-0061,647,Expansion,2024-03-27 14:39:15,2024-08-06 09:09:13,Closed Won,17378.25,1
OPP-020343,ACC-000010,PROD-0030,661,New Business,2023-10-24 23:52:33,2024-01-11 13:00:39,Closed Won,2290.39,1
OPP-020386,ACC-000044,PROD-0040,414,Upsell,2024-04-10 01:36:32,2024-07-07 17:36:58,Closed Won,95970.76,1
OPP-020399,ACC-000032,PROD-0099,918,Cross-sell,2024-04-11 05:06:15,2024-06-26 21:55:31,Closed Won,79782.83,1
OPP-020460,ACC-000045,PROD-0050,648,New Business,2024-05-11 05:17:34,2024-06-16 16:25:03,Closed Won,53140.92,1
OPP-020462,ACC-000016,PROD-0003,49,Upsell,2024-03-21 04:33:02,2024-07-21 15:38:17,Closed Won,28914.05,1
OPP-020483,ACC-000040,PROD-0027,327,Renewal,2023-12-23 07:43:52,2024-04-07 04:32:45,Closed Won,91179.56,1
OPP-020536,ACC-000041,PROD-0015,842,Cross-sell,2024-02-16 06:14:16,2024-07-30 14:36:41,Closed Won,68204.32,1
OPP-020566,ACC-000053,PROD-0022,994,Cross-sell,2023-12-07 09:08:28,2024-03-19 20:47:35,Closed Won,68328.76,1
OPP-020572,ACC-000015,PROD-0008,759,Upsell,2024-07-12 09:05:02,2024-12-26 12:51:19,Closed Won,64325.03,1
OPP-020578,ACC-000059,PROD-0051,778,Expansion,2024-07-31 16:45:57,2024-11-05 04:06:16,Closed Won,1678.83,1
OPP-020632,ACC-000038,PROD-0016,40,Renewal,2023-12-19 15:13:39,2024-04-29 08:49:08,Closed Won,52002.45,1
OPP-020662,ACC-000042,PROD-0045,702,Expansion,2024-05-26 14:10:02,2024-07-09 03:19:53,Closed Won,50373.57,1
OPP-020672,ACC-000053,PROD-0009,745,Cross-sell,2023-09-19 15:10:24,2024-03-09 23:21:51,Closed Won,62119.42,1
OPP-020680,ACC-000020,PROD-0061,344,Upsell,2024-06-11 03:12:59,2024-08-01 10:53:11,Closed Won,24251.8,1
OPP-020705,ACC-000039,PROD-0031,87,Upsell,2023-12-08 10:06:59,2024-04-05 07:55:04,Closed Won,55743.46,1
OPP-020721,ACC-000036,PROD-0071,9,Cross-sell,2024-07-22 15:13:06,2024-07-26 17:55:57,Closed Won,67149.07,1
OPP-020726,ACC-000003,PROD-0089,893,New Business,2024-06-02 11:00:33,2024-09-09 21:46:48,Closed Won,98767.68,1
OPP-020751,ACC-000032,PROD-0014,770,New Business,2024-03-14 09:16:40,2024-04-21 19:06:27,Closed Won,98673.11,1
OPP-020817,ACC-000025,PROD-0096,502,Renewal,2024-04-10 20:49:36,2024-10-04 11:51:59,Closed Won,26961.02,1
OPP-020855,ACC-000039,PROD-0057,514,Cross-sell,2024-02-25 21:46:28,2024-04-06 16:56:49,Closed Won,75057.17,1
OPP-020862,ACC-000001,PROD-0089,92,Upsell,2023-11-12 21:56:20,2024-02-03 19:55:45,Closed Won,29529.77,1
OPP-020898,ACC-000005,PROD-0090,364,Expansion,2023-10-24 09:47:34,2024-01-19 05:39:07,Closed Won,65309.53,1
OPP-020937,ACC-000031,PROD-0037,459,Expansion,2024-01-23 18:53:49,2024-06-16 03:24:49,Closed Won,70607.87,1
OPP-020955,ACC-000044,PROD-0017,671,New Business,2024-07-05 22:02:45,2024-11-02 20:18:43,Closed Won,17072.7,1
OPP-020956,ACC-000023,PROD-0079,720,Cross-sell,2023-08-03 12:14:57,2024-01-01 19:51:48,Closed Won,35145.94,1
OPP-020970,ACC-000005,PROD-0004,92,Upsell,2024-11-05 04:06:14,2024-12-31 23:57:07,Closed Won,22424.34,1
OPP-020979,ACC-000029,PROD-0082,495,Renewal,2023-12-26 22:59:10,2024-05-31 13:38:40,Closed Won,29216.6,1
OPP-021003,ACC-000045,PROD-0048,84,Cross-sell,2024-07-30 16:42:08,2024-09-05 21:47:59,Closed Won,33181.7,1
OPP-021021,ACC-000052,PROD-0045,14,Upsell,2024-03-21 16:00:18,2024-09-08 01:11:40,Closed Won,69482.34,1
OPP-021077,ACC-000007,PROD-0010,595,New Business,2024-03-31 05:26:54,2024-05-26 13:09:24,Closed Won,45304.86,1
OPP-021121,ACC-000026,PROD-0070,184,Expansion,2024-06-04 20:27:54,2024-09-13 06:29:28,Closed Won,42316.62,1
OPP-021128,ACC-000062,PROD-0085,293,Expansion,2024-05-15 00:22:50,2024-09-08 16:38:44,Closed Won,93200.2,1
OPP-021178,ACC-000059,PROD-0031,386,Renewal,2024-09-26 12:01:41,2024-12-10 18:15:56,Closed Won,91924.08,1
OPP-021243,ACC-000006,PROD-0060,331,New Business,2024-12-07 01:41:14,2024-12-22 13:19:17,Closed Won,48078.27,1
OPP-021244,ACC-000011,PROD-0014,685,Upsell,2024-12-14 03:37:00,2024-12-18 03:42:48,Closed Won,48419.13,1
OPP-021255,ACC-000060,PROD-0060,256,New Business,2024-07-12 05:01:20,2024-10-28 00:26:19,Closed Won,12192.68,1
OPP-021266,ACC-000009,PROD-0018,901,New Business,2024-02-08 02:37:31,2024-07-25 14:10:29,Closed Won,89948.83,1
OPP-021282,ACC-000019,PROD-0020,700,Upsell,2023-08-22 22:32:01,2024-01-30 05:14:08,Closed Won,67479.55,1
OPP-021297,ACC-000013,PROD-0086,821,Cross-sell,2023-10-24 18:24:25,2024-03-23 08:51:48,Closed Won,51615.75,1
OPP-021328,ACC-000021,PROD-0079,277,Expansion,2024-11-01 18:33:42,2024-12-29 14:43:48,Closed Won,66340.5,1
OPP-021352,ACC-000062,PROD-0083,899,Renewal,2024-03-20 16:02:38,2024-08-14 19:35:36,Closed Won,41590.6,1
OPP-021372,ACC-000009,PROD-0076,321,Cross-sell,2024-06-28 19:18:18,2024-09-26 22:29:14,Closed Won,53657.49,1
OPP-021383,ACC-000037,PROD-0045,44,Cross-sell,2024-05-28 01:44:41,2024-09-08 14:45:48,Closed Won,97389.75,1
OPP-021389,ACC-000060,PROD-0086,19,Expansion,2023-09-08 10:51:05,2024-02-18 09:07:57,Closed Won,2953.85,1
OPP-021398,ACC-000049,PROD-0028,27,New Business,2024-04-07 12:14:50,2024-09-28 18:59:00,Closed Won,99036.69,1
OPP-021400,ACC-000039,PROD-0089,920,Upsell,2024-05-24 20:59:48,2024-07-05 01:06:04,Closed Won,20084.08,1
OPP-021425,ACC-000025,PROD-0022,856,Renewal,2024-05-07 05:03:56,2024-09-19 23:43:30,Closed Won,13916.89,1
OPP-021432,ACC-000003,PROD-0052,227,Expansion,2024-05-19 00:28:17,2024-07-04 09:51:11,Closed Won,42424.82,1
OPP-021452,ACC-000021,PROD-0037,377,Cross-sell,2024-08-24 13:05:19,2024-09-10 19:39:43,Closed Won,39389.21,1
OPP-021454,ACC-000037,PROD-0082,753,Upsell,2024-01-10 16:58:28,2024-06-25 11:45:30,Closed Won,29489.47,1
OPP-021479,ACC-000060,PROD-0008,974,New Business,2023-12-26 23:21:39,2024-05-12 18:23:58,Closed Won,86015.39,1
OPP-021542,ACC-000003,PROD-0055,566,Expansion,2023-11-28 22:07:24,2024-05-02 05:45:23,Closed Won,50048.24,1
OPP-021559,ACC-000020,PROD-0080,906,Upsell,2024-09-20 08:56:33,2024-09-25 03:00:42,Closed Won,68673.44,1
OPP-021608,ACC-000023,PROD-0053,46,New Business,2024-08-03 07:12:20,2024-12-01 06:49:08,Closed Won,81749.61,1
OPP-021614,ACC-000037,PROD-0019,722,New Business,2024-01-22 06:25:51,2024-03-05 18:58:09,Closed Won,47177.32,1
OPP-021619,ACC-000030,PROD-0084,255,Renewal,2024-06-21 02:15:10,2024-07-22 18:36:11,Closed Won,36172.35,1
OPP-021643,ACC-000044,PROD-0002,517,Expansion,2024-03-27 21:56:32,2024-06-01 05:06:32,Closed Won,86148.93,1
OPP-021656,ACC-000024,PROD-0016,958,Renewal,2023-12-26 11:42:49,2024-03-09 00:58:39,Closed Won,31766.78,1
OPP-021670,ACC-000006,PROD-0098,355,New Business,2024-09-11 03:38:15,2024-12-01 07:20:49,Closed Won,2055.16,1
OPP-021677,ACC-000038,PROD-0014,997,New Business,2023-11-23 08:07:25,2024-05-05 22:00:49,Closed Won,50406.14,1
OPP-021719,ACC-000026,PROD-0043,177,New Business,2024-08-04 15:11:16,2024-09-18 13:33:08,Closed Won,20396.52,1
OPP-021730,ACC-000026,PROD-0008,906,Expansion,2023-11-06 18:39:44,2024-04-12 18:42:48,Closed Won,63050.18,1
OPP-021732,ACC-000033,PROD-0075,552,Renewal,2024-06-12 10:31:24,2024-11-12 13:16:54,Closed Won,70187.39,1
OPP-021734,ACC-000008,PROD-0064,944,Upsell,2024-02-22 13:59:37,2024-04-01 04:25:34,Closed Won,50090.69,1
OPP-021794,ACC-000023,PROD-0046,67,Expansion,2023-11-25 09:03:22,2024-01-04 19:48:04,Closed Won,19706.28,1
OPP-021831,ACC-000021,PROD-0051,430,Upsell,2024-10-01 05:09:03,2024-11-15 14:21:28,Closed Won,72756.37,1
OPP-021860,ACC-000039,PROD-0074,822,Upsell,2024-03-18 12:57:49,2024-04-08 22:36:48,Closed Won,98282.44,1
OPP-021863,ACC-000025,PROD-0022,809,Upsell,2024-04-28 11:06:23,2024-10-09 19:55:26,Closed Won,87862.81,1
OPP-021881,ACC-000053,PROD-0040,709,Upsell,2024-07-02 17:11:19,2024-12-09 16:19:14,Closed Won,83254.19,1
OPP-021890,ACC-000025,PROD-0042,914,Expansion,2024-08-14 20:04:26,2024-08-17 06:40:14,Closed Won,21024.81,1
OPP-021897,ACC-000047,PROD-0036,871,Cross-sell,2024-03-09 12:43:39,2024-05-23 17:55:34,Closed Won,9986.53,1
OPP-021910,ACC-000013,PROD-0041,151,Upsell,2024-02-12 20:12:56,2024-02-24 22:35:58,Closed Won,53730.51,1
OPP-021942,ACC-000048,PROD-0086,273,Expansion,2024-10-20 13:55:14,2024-11-23 06:10:13,Closed Won,87583.59,1
OPP-021973,ACC-000025,PROD-0001,456,Cross-sell,2023-11-03 19:19:37,2024-01-23 15:36:26,Closed Won,84801.44,1
OPP-021978,ACC-000035,PROD-0015,21,Cross-sell,2024-03-28 06:47:39,2024-03-31 18:02:17,Closed Won,84893.76,1
OPP-021991,ACC-000038,PROD-0097,825,New Business,2024-11-03 18:46:22,2024-11-07 09:25:47,Closed Won,93131.39,1
OPP-022017,ACC-000060,PROD-0052,429,Upsell,2024-02-08 04:48:56,2024-02-23 17:44:25,Closed Won,64940.23,1
OPP-022019,ACC-000008,PROD-0080,472,New Business,2024-09-21 14:12:33,2024-10-08 23:33:06,Closed Won,75129.86,1
OPP-022025,ACC-000051,PROD-0075,402,New Business,2023-10-13 11:32:07,2024-02-11 17:09:20,Closed Won,93243.34,1
OPP-022043,ACC-000010,PROD-0014,227,Cross-sell,2024-04-17 09:51:25,2024-04-25 15:33:23,Closed Won,9841.18,1
OPP-022051,ACC-000036,PROD-0093,586,Upsell,2024-09-03 02:41:51,2024-11-24 06:39:00,Closed Won,76238.99,1
OPP-022062,ACC-000052,PROD-0096,597,New Business,2023-09-23 06:02:59,2024-02-09 17:56:02,Closed Won,49758.41,1
OPP-022107,ACC-000057,PROD-0062,382,Cross-sell,2024-04-16 12:06:11,2024-10-08 05:59:07,Closed Won,72466.29,1
OPP-022123,ACC-000048,PROD-0036,142,Expansion,2024-02-22 10:02:37,2024-03-03 03:46:20,Closed Won,61168.46,1
OPP-022140,ACC-000050,PROD-0027,288,Expansion,2024-02-09 17:04:29,2024-05-30 08:27:00,Closed Won,62450.28,1
OPP-022165,ACC-000003,PROD-0027,942,New Business,2023-12-01 11:01:57,2024-04-28 04:52:33,Closed Won,75656.35,1
OPP-022172,ACC-000047,PROD-0080,976,New Business,2024-08-29 10:39:44,2024-10-13 05:04:36,Closed Won,84761.02,1
OPP-022183,ACC-000043,PROD-0068,567,Upsell,2024-08-11 17:04:39,2024-12-27 19:43:54,Closed Won,22274.09,1
OPP-022190,ACC-000002,PROD-0062,668,Upsell,2023-08-15 15:08:09,2024-02-02 10:07:15,Closed Won,80838.67,1
OPP-022206,ACC-000052,PROD-0090,873,Upsell,2023-12-18 23:31:24,2024-05-19 15:18:19,Closed Won,78950.87,1
OPP-022211,ACC-000002,PROD-0035,920,New Business,2024-05-07 10:16:26,2024-07-30 09:49:39,Closed Won,23769.3,1
OPP-022231,ACC-000016,PROD-0008,874,Expansion,2023-10-18 21:36:38,2024-03-14 00:14:37,Closed Won,4056.65,1
OPP-022254,ACC-000046,PROD-0069,10,Renewal,2024-06-10 16:10:43,2024-06-28 14:13:26,Closed Won,50789.56,1
OPP-022289,ACC-000016,PROD-0035,142,Upsell,2024-06-29 03:08:13,2024-08-17 06:48:04,Closed Won,90696.16,1
OPP-022336,ACC-000026,PROD-0009,267,Renewal,2024-09-07 21:03:54,2024-10-18 17:34:53,Closed Won,45159.24,1
OPP-022389,ACC-000039,PROD-0011,987,Expansion,2024-09-25 03:09:14,2024-10-09 16:06:38,Closed Won,18330.18,1
OPP-022404,ACC-000036,PROD-0056,567,Renewal,2024-05-08 21:24:16,2024-08-27 22:11:11,Closed Won,7451.62,1
OPP-022481,ACC-000040,PROD-0022,722,New Business,2024-06-15 21:44:36,2024-07-15 09:24:21,Closed Won,65194.23,1
OPP-022488,ACC-000021,PROD-0045,580,Renewal,2024-07-28 07:43:37,2024-11-10 22:36:38,Closed Won,94367.25,1
OPP-022497,ACC-000038,PROD-0073,961,Expansion,2024-03-20 03:57:20,2024-05-12 19:16:36,Closed Won,10520.66,1
OPP-022520,ACC-000037,PROD-0079,177,Expansion,2024-07-25 06:25:32,2024-12-01 01:43:08,Closed Won,49550.98,1
OPP-022529,ACC-000051,PROD-0019,752,Expansion,2024-10-14 01:02:10,2024-10-24 01:11:19,Closed Won,22808.89,1
OPP-022541,ACC-000049,PROD-0050,622,Renewal,2023-09-03 18:22:19,2024-01-04 22:12:30,Closed Won,63717,1
OPP-022561,ACC-000033,PROD-0100,573,Upsell,2024-04-19 15:27:07,2024-10-02 19:48:36,Closed Won,72665.47,1
OPP-022565,ACC-000062,PROD-0096,749,New Business,2023-08-26 04:00:27,2024-01-02 06:45:48,Closed Won,52078.48,1
OPP-022569,ACC-000027,PROD-0094,486,Expansion,2024-03-21 05:47:10,2024-07-25 20:18:22,Closed Won,99032.21,1
OPP-022577,ACC-000005,PROD-0088,515,Upsell,2024-05-28 08:08:57,2024-06-20 03:39:36,Closed Won,93835.63,1
OPP-022612,ACC-000043,PROD-0074,443,New Business,2024-04-04 19:18:15,2024-05-11 12:14:56,Closed Won,33109.91,1
OPP-022649,ACC-000056,PROD-0038,417,Renewal,2024-06-26 12:48:10,2024-07-08 22:49:29,Closed Won,81910.46,1
OPP-022651,ACC-000005,PROD-0077,615,Expansion,2024-02-01 05:51:00,2024-04-15 09:30:15,Closed Won,80355.01,1
OPP-022724,ACC-000035,PROD-0010,100,Cross-sell,2023-07-21 08:59:45,2024-01-15 08:17:33,Closed Won,32460.81,1
OPP-022753,ACC-000036,PROD-0023,861,Expansion,2024-01-01 02:50:29,2024-06-26 13:36:08,Closed Won,99005.99,1
OPP-022755,ACC-000011,PROD-0036,225,Upsell,2024-01-17 21:50:40,2024-05-25 13:06:15,Closed Won,27437.03,1
OPP-022826,ACC-000057,PROD-0017,618,Cross-sell,2024-04-20 22:05:02,2024-06-04 23:10:58,Closed Won,57644.68,1
OPP-022840,ACC-000037,PROD-0057,444,New Business,2023-12-08 15:59:37,2024-03-14 22:09:06,Closed Won,14946.16,1
OPP-022878,ACC-000051,PROD-0056,44,Cross-sell,2024-02-17 09:27:05,2024-05-06 04:44:59,Closed Won,92549.79,1
OPP-022885,ACC-000018,PROD-0014,325,Renewal,2023-10-23 12:13:18,2024-04-20 09:24:14,Closed Won,73991.01,1
OPP-022886,ACC-000007,PROD-0043,528,Expansion,2024-12-17 21:21:17,2024-12-25 11:35:51,Closed Won,58846.2,1
OPP-022896,ACC-000011,PROD-0032,826,Upsell,2024-04-17 02:37:16,2024-06-27 21:17:33,Closed Won,57308.86,1
OPP-022910,ACC-000051,PROD-0035,486,Expansion,2024-04-05 20:31:53,2024-10-01 14:22:49,Closed Won,8990.81,1
OPP-022912,ACC-000036,PROD-0032,92,Upsell,2024-03-21 19:33:23,2024-08-19 13:48:50,Closed Won,82067.15,1
OPP-022947,ACC-000030,PROD-0086,907,Cross-sell,2024-04-23 21:08:31,2024-05-29 16:55:14,Closed Won,81407.65,1
OPP-022950,ACC-000057,PROD-0044,537,Expansion,2024-06-12 05:34:19,2024-08-16 23:54:55,Closed Won,38684.97,1
OPP-023037,ACC-000008,PROD-0088,256,New Business,2024-02-15 09:29:01,2024-05-02 14:12:10,Closed Won,89122.01,1
OPP-023053,ACC-000035,PROD-0045,966,Renewal,2023-12-28 17:42:07,2024-02-15 11:21:09,Closed Won,50921.26,1
OPP-023088,ACC-000044,PROD-0076,713,Upsell,2023-11-07 05:48:26,2024-01-24 18:52:02,Closed Won,61890.4,1
OPP-023103,ACC-000023,PROD-0045,843,New Business,2024-01-29 04:36:46,2024-06-13 16:39:50,Closed Won,99277.82,1
OPP-023135,ACC-000036,PROD-0083,736,New Business,2024-01-24 14:12:16,2024-05-13 00:29:11,Closed Won,53021.4,1
OPP-023182,ACC-000012,PROD-0040,110,Upsell,2024-05-25 17:33:33,2024-10-04 06:24:17,Closed Won,24846.93,1
OPP-023186,ACC-000029,PROD-0001,89,Upsell,2024-01-17 14:27:14,2024-07-12 07:59:03,Closed Won,19989.64,1
OPP-023194,ACC-000050,PROD-0068,186,Cross-sell,2024-07-07 07:59:55,2024-08-31 09:58:36,Closed Won,49940.58,1
OPP-023196,ACC-000062,PROD-0040,878,Cross-sell,2024-07-31 00:14:16,2024-12-14 14:11:49,Closed Won,44755.34,1
OPP-023209,ACC-000059,PROD-0032,308,Renewal,2024-09-06 18:24:49,2024-09-20 02:27:15,Closed Won,14275.4,1
OPP-023292,ACC-000052,PROD-0066,195,Cross-sell,2023-11-28 14:06:01,2024-02-28 08:45:56,Closed Won,86338.55,1
OPP-023323,ACC-000034,PROD-0040,161,Renewal,2024-06-09 20:45:11,2024-08-05 06:24:33,Closed Won,34077.97,1
OPP-023333,ACC-000049,PROD-0080,352,New Business,2024-01-09 05:59:42,2024-03-25 20:12:58,Closed Won,61672.62,1
OPP-023348,ACC-000038,PROD-0008,870,Cross-sell,2024-05-28 23:16:40,2024-08-10 00:14:17,Closed Won,77819.93,1
OPP-023364,ACC-000030,PROD-0092,452,Upsell,2023-10-18 04:02:03,2024-01-09 07:37:24,Closed Won,24910.69,1
OPP-023454,ACC-000052,PROD-0037,633,Renewal,2024-02-27 21:29:13,2024-07-08 02:29:19,Closed Won,60371.65,1
OPP-023480,ACC-000052,PROD-0052,583,Renewal,2024-01-22 00:43:15,2024-04-01 21:53:11,Closed Won,62477.05,1
OPP-023488,ACC-000050,PROD-0033,965,Cross-sell,2024-06-04 18:22:13,2024-10-20 22:45:02,Closed Won,57922.85,1
OPP-023490,ACC-000041,PROD-0060,595,Renewal,2024-06-17 19:32:05,2024-09-19 20:06:24,Closed Won,56569.08,1
OPP-023522,ACC-000002,PROD-0014,880,Upsell,2024-07-04 03:12:51,2024-08-05 02:19:19,Closed Won,55845.2,1
OPP-023530,ACC-000007,PROD-0067,397,Cross-sell,2024-05-29 06:03:17,2024-07-04 15:55:05,Closed Won,46764.27,1
OPP-023555,ACC-000055,PROD-0026,855,Expansion,2024-05-08 12:36:14,2024-08-11 08:48:42,Closed Won,9844.59,1
OPP-023572,ACC-000017,PROD-0054,23,Expansion,2024-02-20 08:05:12,2024-03-05 19:42:02,Closed Won,79904.94,1
OPP-023601,ACC-000002,PROD-0040,392,Cross-sell,2024-06-19 17:46:58,2024-06-27 07:09:43,Closed Won,78481.83,1
OPP-023636,ACC-000045,PROD-0092,479,Renewal,2024-05-12 18:22:22,2024-09-16 14:17:21,Closed Won,35943.34,1
OPP-023659,ACC-000038,PROD-0076,88,Renewal,2023-08-27 06:38:19,2024-01-03 21:27:31,Closed Won,5287.53,1
OPP-023688,ACC-000045,PROD-0095,586,Upsell,2023-10-18 01:09:04,2024-03-04 12:59:04,Closed Won,95570.35,1
OPP-023728,ACC-000014,PROD-0014,21,New Business,2023-12-25 11:05:45,2024-05-11 03:27:18,Closed Won,2599.92,1
OPP-023856,ACC-000014,PROD-0039,320,Upsell,2024-09-19 02:12:52,2024-11-28 16:49:26,Closed Won,26802.08,1
OPP-023891,ACC-000039,PROD-0020,125,Expansion,2023-12-30 03:06:54,2024-04-27 21:28:54,Closed Won,23296.5,1
OPP-023924,ACC-000028,PROD-0039,877,Upsell,2023-09-03 00:22:00,2024-01-06 20:54:24,Closed Won,69343.26,1
OPP-023928,ACC-000035,PROD-0074,962,Cross-sell,2024-06-10 04:14:11,2024-08-14 19:07:29,Closed Won,19311.68,1
OPP-023931,ACC-000043,PROD-0050,231,Renewal,2024-02-03 10:44:28,2024-06-26 08:12:40,Closed Won,25173.53,1
OPP-023943,ACC-000020,PROD-0014,201,Renewal,2023-12-22 14:25:11,2024-05-21 03:36:58,Closed Won,66362.63,1
OPP-023945,ACC-000018,PROD-0088,446,Renewal,2024-03-15 14:58:34,2024-03-29 11:33:12,Closed Won,45863.38,1
OPP-023947,ACC-000007,PROD-0022,638,Renewal,2024-01-28 03:19:02,2024-04-30 11:54:55,Closed Won,28168.79,1
OPP-023965,ACC-000060,PROD-0060,632,Cross-sell,2024-01-31 05:32:33,2024-03-24 17:14:24,Closed Won,11106.08,1
OPP-024051,ACC-000022,PROD-0012,726,Renewal,2024-01-26 12:59:03,2024-03-29 16:17:32,Closed Won,91543.88,1
OPP-024074,ACC-000051,PROD-0047,750,Upsell,2024-09-16 03:11:25,2024-11-10 11:51:21,Closed Won,61348.62,1
OPP-024083,ACC-000052,PROD-0044,611,Expansion,2024-06-19 15:56:05,2024-06-21 03:31:44,Closed Won,87858.86,1
OPP-024110,ACC-000026,PROD-0021,154,Expansion,2024-01-06 21:12:26,2024-06-18 05:08:08,Closed Won,37959.13,1
OPP-024119,ACC-000060,PROD-0037,943,Expansion,2024-04-09 03:47:39,2024-07-11 03:39:45,Closed Won,60134.66,1
OPP-024151,ACC-000057,PROD-0084,952,Cross-sell,2023-12-18 00:10:53,2024-02-19 17:17:15,Closed Won,12473.84,1
OPP-024160,ACC-000046,PROD-0023,149,Cross-sell,2024-01-06 07:21:40,2024-04-18 05:15:08,Closed Won,35067.26,1
OPP-024177,ACC-000041,PROD-0074,294,Upsell,2024-01-20 13:36:25,2024-02-01 20:16:14,Closed Won,25059.95,1
OPP-024182,ACC-000025,PROD-0010,588,Expansion,2024-01-29 21:09:59,2024-06-26 20:50:09,Closed Won,89222.84,1
OPP-024212,ACC-000043,PROD-0095,918,Expansion,2024-05-01 02:50:56,2024-08-27 03:17:43,Closed Won,63791.99,1
OPP-024214,ACC-000010,PROD-0060,904,Expansion,2024-03-06 09:41:43,2024-08-19 09:41:56,Closed Won,46157.53,1
OPP-024232,ACC-000043,PROD-0092,238,New Business,2024-09-24 22:43:48,2024-10-15 00:48:04,Closed Won,83506.24,1
OPP-024233,ACC-000043,PROD-0100,251,New Business,2023-08-30 23:37:43,2024-01-27 22:10:57,Closed Won,68055.76,1
OPP-024238,ACC-000017,PROD-0094,325,New Business,2024-04-01 12:50:02,2024-09-10 05:21:21,Closed Won,89019.97,1
OPP-024260,ACC-000056,PROD-0095,531,Upsell,2024-01-27 00:58:19,2024-07-19 12:49:23,Closed Won,84977.83,1
OPP-024263,ACC-000004,PROD-0073,492,Renewal,2024-06-29 23:43:29,2024-10-08 06:55:56,Closed Won,25976.43,1
OPP-024264,ACC-000040,PROD-0057,150,Renewal,2024-04-23 02:58:28,2024-10-06 02:06:19,Closed Won,28828.14,1
OPP-024347,ACC-000032,PROD-0068,124,Renewal,2023-10-08 20:05:28,2024-01-04 01:08:21,Closed Won,8256.81,1
OPP-024395,ACC-000037,PROD-0026,29,Expansion,2024-02-06 01:50:27,2024-04-09 01:52:38,Closed Won,38136.74,1
OPP-024411,ACC-000044,PROD-0065,286,Cross-sell,2024-01-18 20:17:24,2024-07-14 13:15:12,Closed Won,85086.23,1
OPP-024419,ACC-000048,PROD-0020,954,Expansion,2023-11-14 19:38:53,2024-04-14 02:51:27,Closed Won,19456.92,1
OPP-024420,ACC-000047,PROD-0045,785,Expansion,2024-08-25 20:14:15,2024-10-06 07:20:46,Closed Won,16840.03,1
OPP-024438,ACC-000027,PROD-0055,737,Upsell,2024-08-15 12:15:49,2024-10-27 21:51:45,Closed Won,43040.31,1
OPP-024498,ACC-000036,PROD-0078,121,New Business,2024-04-30 17:23:17,2024-08-02 20:04:45,Closed Won,72137.61,1
OPP-024508,ACC-000017,PROD-0011,957,Upsell,2024-06-10 15:43:55,2024-09-14 04:37:59,Closed Won,57754.96,1
OPP-024532,ACC-000002,PROD-0020,391,Upsell,2024-07-30 09:18:23,2024-12-03 18:59:50,Closed Won,45567.67,1
OPP-024550,ACC-000034,PROD-0017,189,Renewal,2024-08-31 09:11:56,2024-11-16 22:06:01,Closed Won,37584.23,1
OPP-024570,ACC-000044,PROD-0082,669,New Business,2024-07-29 03:04:15,2024-10-23 02:59:06,Closed Won,82373.08,1
OPP-024578,ACC-000051,PROD-0076,672,Expansion,2024-08-21 16:42:02,2024-08-25 19:56:36,Closed Won,94169.92,1
OPP-024582,ACC-000043,PROD-0050,137,New Business,2024-02-07 19:18:24,2024-02-22 19:37:42,Closed Won,99622.81,1
OPP-024591,ACC-000049,PROD-0041,925,Renewal,2024-02-11 17:00:22,2024-03-15 14:15:17,Closed Won,57258.28,1
OPP-024650,ACC-000061,PROD-0011,636,Cross-sell,2024-07-24 04:04:40,2024-09-03 14:45:43,Closed Won,1963.07,1
OPP-024654,ACC-000012,PROD-0041,135,Expansion,2024-10-21 11:07:52,2024-12-17 11:51:50,Closed Won,54904.83,1
OPP-024709,ACC-000055,PROD-0050,317,Cross-sell,2024-06-17 10:39:56,2024-09-29 00:53:31,Closed Won,7856.67,1
OPP-024739,ACC-000032,PROD-0036,848,Expansion,2024-05-06 12:53:15,2024-07-25 06:08:16,Closed Won,96363.73,1
OPP-024779,ACC-000058,PROD-0027,147,New Business,2024-06-06 14:20:07,2024-08-11 16:11:16,Closed Won,32371.76,1
OPP-024845,ACC-000039,PROD-0070,520,Renewal,2024-03-21 11:37:04,2024-04-25 07:57:29,Closed Won,2325.66,1
OPP-024853,ACC-000047,PROD-0059,606,Renewal,2024-08-10 03:36:57,2024-12-05 05:07:20,Closed Won,10029.39,1
OPP-024893,ACC-000060,PROD-0098,616,Upsell,2024-04-21 18:04:07,2024-08-11 23:44:08,Closed Won,98114.9,1
OPP-024894,ACC-000017,PROD-0077,880,Cross-sell,2023-10-31 04:40:32,2024-03-03 21:11:59,Closed Won,41196.93,1
OPP-024895,ACC-000033,PROD-0011,292,Cross-sell,2024-02-24 14:38:40,2024-05-05 14:48:15,Closed Won,33761.08,1
OPP-024931,ACC-000054,PROD-0018,26,New Business,2023-12-19 01:31:53,2024-05-03 14:18:12,Closed Won,89220.52,1
OPP-024945,ACC-000033,PROD-0055,899,Expansion,2024-06-18 00:43:22,2024-10-30 21:33:30,Closed Won,59905.12,1
